{
  "type": "FeatureCollection",
  "name": "buildings_halo",
  "features": [
    {
      "type": "Feature",
      "id": "BLDG-0049",
      "properties": {
        "id": "BLDG-0049",
        "layer": "BUILDING_FOOTPRINT",
        "source_type": "agent_generated_design",
        "confidence": "medium",
        "geometry_role": "design_proposal",
        "building_type": "ai_r_and_d",
        "name_zh": "AI原点创新建筑",
        "area_sqm_declared": 6210.093
      },
      "geometry": {
        "type": "Polygon",
        "coordinates": [
          [
            [
              116.34255,
              39.984249999999996
            ],
            [
              116.34255,
              39.98508333333333
            ],
            [
              116.34333571428571,
              39.98508333333333
            ],
            [
              116.34333571428571,
              39.984249999999996
            ],
            [
              116.34255,
              39.984249999999996
            ]
          ]
        ]
      }
    },
    {
      "type": "Feature",
      "id": "BLDG-0050",
      "properties": {
        "id": "BLDG-0050",
        "layer": "BUILDING_FOOTPRINT",
        "source_type": "agent_generated_design",
        "confidence": "medium",
        "geometry_role": "design_proposal",
        "building_type": "ai_r_and_d",
        "name_zh": "AI原点创新建筑",
        "area_sqm_declared": 6209.869
      },
      "geometry": {
        "type": "Polygon",
        "coordinates": [
          [
            [
              116.34255,
              39.98675
            ],
            [
              116.34255,
              39.98758333333333
            ],
            [
              116.34333571428571,
              39.98758333333333
            ],
            [
              116.34333571428571,
              39.98675
            ],
            [
              116.34255,
              39.98675
            ]
          ]
        ]
      }
    },
    {
      "type": "Feature",
      "id": "BLDG-0051",
      "properties": {
        "id": "BLDG-0051",
        "layer": "BUILDING_FOOTPRINT",
        "source_type": "agent_generated_design",
        "confidence": "medium",
        "geometry_role": "design_proposal",
        "building_type": "ai_r_and_d",
        "name_zh": "AI原点创新建筑",
        "area_sqm_declared": 6209.646
      },
      "geometry": {
        "type": "Polygon",
        "coordinates": [
          [
            [
              116.34255,
              39.98925
            ],
            [
              116.34255,
              39.99008333333333
            ],
            [
              116.34333571428571,
              39.99008333333333
            ],
            [
              116.34333571428571,
              39.98925
            ],
            [
              116.34255,
              39.98925
            ]
          ]
        ]
      }
    },
    {
      "type": "Feature",
      "id": "BLDG-0053",
      "properties": {
        "id": "BLDG-0053",
        "layer": "BUILDING_FOOTPRINT",
        "source_type": "agent_generated_design",
        "confidence": "medium",
        "geometry_role": "design_proposal",
        "building_type": "ai_r_and_d",
        "name_zh": "AI原点创新建筑",
        "area_sqm_declared": 6210.091
      },
      "geometry": {
        "type": "Polygon",
        "coordinates": [
          [
            [
              116.34438333333333,
              39.984249999999996
            ],
            [
              116.34438333333333,
              39.98508333333333
            ],
            [
              116.34516904761904,
              39.98508333333333
            ],
            [
              116.34516904761904,
              39.984249999999996
            ],
            [
              116.34438333333333,
              39.984249999999996
            ]
          ]
        ]
      }
    },
    {
      "type": "Feature",
      "id": "BLDG-0054",
      "properties": {
        "id": "BLDG-0054",
        "layer": "BUILDING_FOOTPRINT",
        "source_type": "agent_generated_design",
        "confidence": "medium",
        "geometry_role": "design_proposal",
        "building_type": "ai_r_and_d",
        "name_zh": "AI原点创新建筑",
        "area_sqm_declared": 6209.867
      },
      "geometry": {
        "type": "Polygon",
        "coordinates": [
          [
            [
              116.34438333333333,
              39.98675
            ],
            [
              116.34438333333333,
              39.98758333333333
            ],
            [
              116.34516904761904,
              39.98758333333333
            ],
            [
              116.34516904761904,
              39.98675
            ],
            [
              116.34438333333333,
              39.98675
            ]
          ]
        ]
      }
    },
    {
      "type": "Feature",
      "id": "BLDG-0055",
      "properties": {
        "id": "BLDG-0055",
        "layer": "BUILDING_FOOTPRINT",
        "source_type": "agent_generated_design",
        "confidence": "medium",
        "geometry_role": "design_proposal",
        "building_type": "ai_r_and_d",
        "name_zh": "AI原点创新建筑",
        "area_sqm_declared": 6209.643
      },
      "geometry": {
        "type": "Polygon",
        "coordinates": [
          [
            [
              116.34438333333333,
              39.98925
            ],
            [
              116.34438333333333,
              39.99008333333333
            ],
            [
              116.34516904761904,
              39.99008333333333
            ],
            [
              116.34516904761904,
              39.98925
            ],
            [
              116.34438333333333,
              39.98925
            ]
          ]
        ]
      }
    },
    {
      "type": "Feature",
      "id": "BLDG-0057",
      "properties": {
        "id": "BLDG-0057",
        "layer": "BUILDING_FOOTPRINT",
        "source_type": "agent_generated_design",
        "confidence": "medium",
        "geometry_role": "design_proposal",
        "building_type": "ai_r_and_d",
        "name_zh": "AI原点创新建筑",
        "area_sqm_declared": 6210.088
      },
      "geometry": {
        "type": "Polygon",
        "coordinates": [
          [
            [
              116.34621666666666,
              39.984249999999996
            ],
            [
              116.34621666666666,
              39.98508333333333
            ],
            [
              116.34700238095238,
              39.98508333333333
            ],
            [
              116.34700238095238,
              39.984249999999996
            ],
            [
              116.34621666666666,
              39.984249999999996
            ]
          ]
        ]
      }
    },
    {
      "type": "Feature",
      "id": "BLDG-0058",
      "properties": {
        "id": "BLDG-0058",
        "layer": "BUILDING_FOOTPRINT",
        "source_type": "agent_generated_design",
        "confidence": "medium",
        "geometry_role": "design_proposal",
        "building_type": "ai_r_and_d",
        "name_zh": "AI原点创新建筑",
        "area_sqm_declared": 6209.864
      },
      "geometry": {
        "type": "Polygon",
        "coordinates": [
          [
            [
              116.34621666666666,
              39.98675
            ],
            [
              116.34621666666666,
              39.98758333333333
            ],
            [
              116.34700238095238,
              39.98758333333333
            ],
            [
              116.34700238095238,
              39.98675
            ],
            [
              116.34621666666666,
              39.98675
            ]
          ]
        ]
      }
    },
    {
      "type": "Feature",
      "id": "BLDG-0059",
      "properties": {
        "id": "BLDG-0059",
        "layer": "BUILDING_FOOTPRINT",
        "source_type": "agent_generated_design",
        "confidence": "medium",
        "geometry_role": "design_proposal",
        "building_type": "ai_r_and_d",
        "name_zh": "AI原点创新建筑",
        "area_sqm_declared": 6209.64
      },
      "geometry": {
        "type": "Polygon",
        "coordinates": [
          [
            [
              116.34621666666666,
              39.98925
            ],
            [
              116.34621666666666,
              39.99008333333333
            ],
            [
              116.34700238095238,
              39.99008333333333
            ],
            [
              116.34700238095238,
              39.98925
            ],
            [
              116.34621666666666,
              39.98925
            ]
          ]
        ]
      }
    },
    {
      "type": "Feature",
      "id": "BLDG-0061",
      "properties": {
        "id": "BLDG-0061",
        "layer": "BUILDING_FOOTPRINT",
        "source_type": "agent_generated_design",
        "confidence": "medium",
        "geometry_role": "design_proposal",
        "building_type": "ai_r_and_d",
        "name_zh": "AI原点创新建筑",
        "area_sqm_declared": 6210.085
      },
      "geometry": {
        "type": "Polygon",
        "coordinates": [
          [
            [
              116.34805,
              39.984249999999996
            ],
            [
              116.34805,
              39.98508333333333
            ],
            [
              116.34883571428571,
              39.98508333333333
            ],
            [
              116.34883571428571,
              39.984249999999996
            ],
            [
              116.34805,
              39.984249999999996
            ]
          ]
        ]
      }
    },
    {
      "type": "Feature",
      "id": "BLDG-0062",
      "properties": {
        "id": "BLDG-0062",
        "layer": "BUILDING_FOOTPRINT",
        "source_type": "agent_generated_design",
        "confidence": "medium",
        "geometry_role": "design_proposal",
        "building_type": "ai_r_and_d",
        "name_zh": "AI原点创新建筑",
        "area_sqm_declared": 6209.861
      },
      "geometry": {
        "type": "Polygon",
        "coordinates": [
          [
            [
              116.34805,
              39.98675
            ],
            [
              116.34805,
              39.98758333333333
            ],
            [
              116.34883571428571,
              39.98758333333333
            ],
            [
              116.34883571428571,
              39.98675
            ],
            [
              116.34805,
              39.98675
            ]
          ]
        ]
      }
    },
    {
      "type": "Feature",
      "id": "BLDG-0063",
      "properties": {
        "id": "BLDG-0063",
        "layer": "BUILDING_FOOTPRINT",
        "source_type": "agent_generated_design",
        "confidence": "medium",
        "geometry_role": "design_proposal",
        "building_type": "ai_r_and_d",
        "name_zh": "AI原点创新建筑",
        "area_sqm_declared": 6209.638
      },
      "geometry": {
        "type": "Polygon",
        "coordinates": [
          [
            [
              116.34805,
              39.98925
            ],
            [
              116.34805,
              39.99008333333333
            ],
            [
              116.34883571428571,
              39.99008333333333
            ],
            [
              116.34883571428571,
              39.98925
            ],
            [
              116.34805,
              39.98925
            ]
          ]
        ]
      }
    },
    {
      "type": "Feature",
      "id": "BLDG-0065",
      "properties": {
        "id": "BLDG-0065",
        "layer": "BUILDING_FOOTPRINT",
        "source_type": "agent_generated_design",
        "confidence": "medium",
        "geometry_role": "design_proposal",
        "building_type": "ai_r_and_d",
        "name_zh": "AI原点创新建筑",
        "area_sqm_declared": 6210.083
      },
      "geometry": {
        "type": "Polygon",
        "coordinates": [
          [
            [
              116.34988333333332,
              39.984249999999996
            ],
            [
              116.34988333333332,
              39.98508333333333
            ],
            [
              116.35066904761904,
              39.98508333333333
            ],
            [
              116.35066904761904,
              39.984249999999996
            ],
            [
              116.34988333333332,
              39.984249999999996
            ]
          ]
        ]
      }
    },
    {
      "type": "Feature",
      "id": "BLDG-0066",
      "properties": {
        "id": "BLDG-0066",
        "layer": "BUILDING_FOOTPRINT",
        "source_type": "agent_generated_design",
        "confidence": "medium",
        "geometry_role": "design_proposal",
        "building_type": "ai_r_and_d",
        "name_zh": "AI原点创新建筑",
        "area_sqm_declared": 6209.859
      },
      "geometry": {
        "type": "Polygon",
        "coordinates": [
          [
            [
              116.34988333333332,
              39.98675
            ],
            [
              116.34988333333332,
              39.98758333333333
            ],
            [
              116.35066904761904,
              39.98758333333333
            ],
            [
              116.35066904761904,
              39.98675
            ],
            [
              116.34988333333332,
              39.98675
            ]
          ]
        ]
      }
    },
    {
      "type": "Feature",
      "id": "BLDG-0067",
      "properties": {
        "id": "BLDG-0067",
        "layer": "BUILDING_FOOTPRINT",
        "source_type": "agent_generated_design",
        "confidence": "medium",
        "geometry_role": "design_proposal",
        "building_type": "ai_r_and_d",
        "name_zh": "AI原点创新建筑",
        "area_sqm_declared": 6209.635
      },
      "geometry": {
        "type": "Polygon",
        "coordinates": [
          [
            [
              116.34988333333332,
              39.98925
            ],
            [
              116.34988333333332,
              39.99008333333333
            ],
            [
              116.35066904761904,
              39.99008333333333
            ],
            [
              116.35066904761904,
              39.98925
            ],
            [
              116.34988333333332,
              39.98925
            ]
          ]
        ]
      }
    },
    {
      "type": "Feature",
      "id": "BLDG-0069",
      "properties": {
        "id": "BLDG-0069",
        "layer": "BUILDING_FOOTPRINT",
        "source_type": "agent_generated_design",
        "confidence": "medium",
        "geometry_role": "design_proposal",
        "building_type": "ai_r_and_d",
        "name_zh": "AI原点创新建筑",
        "area_sqm_declared": 6210.08
      },
      "geometry": {
        "type": "Polygon",
        "coordinates": [
          [
            [
              116.35171666666666,
              39.984249999999996
            ],
            [
              116.35171666666666,
              39.98508333333333
            ],
            [
              116.35250238095237,
              39.98508333333333
            ],
            [
              116.35250238095237,
              39.984249999999996
            ],
            [
              116.35171666666666,
              39.984249999999996
            ]
          ]
        ]
      }
    },
    {
      "type": "Feature",
      "id": "BLDG-0070",
      "properties": {
        "id": "BLDG-0070",
        "layer": "BUILDING_FOOTPRINT",
        "source_type": "agent_generated_design",
        "confidence": "medium",
        "geometry_role": "design_proposal",
        "building_type": "ai_r_and_d",
        "name_zh": "AI原点创新建筑",
        "area_sqm_declared": 6209.856
      },
      "geometry": {
        "type": "Polygon",
        "coordinates": [
          [
            [
              116.35171666666666,
              39.98675
            ],
            [
              116.35171666666666,
              39.98758333333333
            ],
            [
              116.35250238095237,
              39.98758333333333
            ],
            [
              116.35250238095237,
              39.98675
            ],
            [
              116.35171666666666,
              39.98675
            ]
          ]
        ]
      }
    },
    {
      "type": "Feature",
      "id": "BLDG-0071",
      "properties": {
        "id": "BLDG-0071",
        "layer": "BUILDING_FOOTPRINT",
        "source_type": "agent_generated_design",
        "confidence": "medium",
        "geometry_role": "design_proposal",
        "building_type": "ai_r_and_d",
        "name_zh": "AI原点创新建筑",
        "area_sqm_declared": 6209.632
      },
      "geometry": {
        "type": "Polygon",
        "coordinates": [
          [
            [
              116.35171666666666,
              39.98925
            ],
            [
              116.35171666666666,
              39.99008333333333
            ],
            [
              116.35250238095237,
              39.99008333333333
            ],
            [
              116.35250238095237,
              39.98925
            ],
            [
              116.35171666666666,
              39.98925
            ]
          ]
        ]
      }
    },
    {
      "type": "Feature",
      "id": "BLDG-0073",
      "properties": {
        "id": "BLDG-0073",
        "layer": "BUILDING_FOOTPRINT",
        "source_type": "agent_generated_design",
        "confidence": "medium",
        "geometry_role": "design_proposal",
        "building_type": "mixed_use",
        "name_zh": "大钟寺AI商业建筑",
        "area_sqm_declared": 6003.969
      },
      "geometry": {
        "type": "Polygon",
        "coordinates": [
          [
            [
              116.34278,
              39.944584000000006
            ],
            [
              116.34278,
              39.94516800000001
            ],
            [
              116.34386333333333,
              39.94516800000001
            ],
            [
              116.34386333333333,
              39.944584000000006
            ],
            [
              116.34278,
              39.944584000000006
            ]
          ]
        ]
      }
    },
    {
      "type": "Feature",
      "id": "BLDG-0074",
      "properties": {
        "id": "BLDG-0074",
        "layer": "BUILDING_FOOTPRINT",
        "source_type": "agent_generated_design",
        "confidence": "medium",
        "geometry_role": "design_proposal",
        "building_type": "mixed_use",
        "name_zh": "大钟寺AI商业建筑",
        "area_sqm_declared": 6003.801
      },
      "geometry": {
        "type": "Polygon",
        "coordinates": [
          [
            [
              116.34278,
              39.94653066666667
            ],
            [
              116.34278,
              39.947114666666664
            ],
            [
              116.34386333333333,
              39.947114666666664
            ],
            [
              116.34386333333333,
              39.94653066666667
            ],
            [
              116.34278,
              39.94653066666667
            ]
          ]
        ]
      }
    },
    {
      "type": "Feature",
      "id": "BLDG-0075",
      "properties": {
        "id": "BLDG-0075",
        "layer": "BUILDING_FOOTPRINT",
        "source_type": "agent_generated_design",
        "confidence": "medium",
        "geometry_role": "design_proposal",
        "building_type": "mixed_use",
        "name_zh": "大钟寺AI商业建筑",
        "area_sqm_declared": 6003.633
      },
      "geometry": {
        "type": "Polygon",
        "coordinates": [
          [
            [
              116.34278,
              39.94847733333334
            ],
            [
              116.34278,
              39.94906133333333
            ],
            [
              116.34386333333333,
              39.94906133333333
            ],
            [
              116.34386333333333,
              39.94847733333334
            ],
            [
              116.34278,
              39.94847733333334
            ]
          ]
        ]
      }
    },
    {
      "type": "Feature",
      "id": "BLDG-0076",
      "properties": {
        "id": "BLDG-0076",
        "layer": "BUILDING_FOOTPRINT",
        "source_type": "agent_generated_design",
        "confidence": "medium",
        "geometry_role": "design_proposal",
        "building_type": "mixed_use",
        "name_zh": "大钟寺AI商业建筑",
        "area_sqm_declared": 6003.965
      },
      "geometry": {
        "type": "Polygon",
        "coordinates": [
          [
            [
              116.34538,
              39.944584000000006
            ],
            [
              116.34538,
              39.94516800000001
            ],
            [
              116.34646333333333,
              39.94516800000001
            ],
            [
              116.34646333333333,
              39.944584000000006
            ],
            [
              116.34538,
              39.944584000000006
            ]
          ]
        ]
      }
    },
    {
      "type": "Feature",
      "id": "BLDG-0077",
      "properties": {
        "id": "BLDG-0077",
        "layer": "BUILDING_FOOTPRINT",
        "source_type": "agent_generated_design",
        "confidence": "medium",
        "geometry_role": "design_proposal",
        "building_type": "mixed_use",
        "name_zh": "大钟寺AI商业建筑",
        "area_sqm_declared": 6003.797
      },
      "geometry": {
        "type": "Polygon",
        "coordinates": [
          [
            [
              116.34538,
              39.94653066666667
            ],
            [
              116.34538,
              39.947114666666664
            ],
            [
              116.34646333333333,
              39.947114666666664
            ],
            [
              116.34646333333333,
              39.94653066666667
            ],
            [
              116.34538,
              39.94653066666667
            ]
          ]
        ]
      }
    },
    {
      "type": "Feature",
      "id": "BLDG-0078",
      "properties": {
        "id": "BLDG-0078",
        "layer": "BUILDING_FOOTPRINT",
        "source_type": "agent_generated_design",
        "confidence": "medium",
        "geometry_role": "design_proposal",
        "building_type": "mixed_use",
        "name_zh": "大钟寺AI商业建筑",
        "area_sqm_declared": 6003.629
      },
      "geometry": {
        "type": "Polygon",
        "coordinates": [
          [
            [
              116.34538,
              39.94847733333334
            ],
            [
              116.34538,
              39.94906133333333
            ],
            [
              116.34646333333333,
              39.94906133333333
            ],
            [
              116.34646333333333,
              39.94847733333334
            ],
            [
              116.34538,
              39.94847733333334
            ]
          ]
        ]
      }
    },
    {
      "type": "Feature",
      "id": "BLDG-0079",
      "properties": {
        "id": "BLDG-0079",
        "layer": "BUILDING_FOOTPRINT",
        "source_type": "agent_generated_design",
        "confidence": "medium",
        "geometry_role": "design_proposal",
        "building_type": "mixed_use",
        "name_zh": "大钟寺AI商业建筑",
        "area_sqm_declared": 6003.962
      },
      "geometry": {
        "type": "Polygon",
        "coordinates": [
          [
            [
              116.34798,
              39.944584000000006
            ],
            [
              116.34798,
              39.94516800000001
            ],
            [
              116.34906333333333,
              39.94516800000001
            ],
            [
              116.34906333333333,
              39.944584000000006
            ],
            [
              116.34798,
              39.944584000000006
            ]
          ]
        ]
      }
    },
    {
      "type": "Feature",
      "id": "BLDG-0080",
      "properties": {
        "id": "BLDG-0080",
        "layer": "BUILDING_FOOTPRINT",
        "source_type": "agent_generated_design",
        "confidence": "medium",
        "geometry_role": "design_proposal",
        "building_type": "mixed_use",
        "name_zh": "大钟寺AI商业建筑",
        "area_sqm_declared": 6003.794
      },
      "geometry": {
        "type": "Polygon",
        "coordinates": [
          [
            [
              116.34798,
              39.94653066666667
            ],
            [
              116.34798,
              39.947114666666664
            ],
            [
              116.34906333333333,
              39.947114666666664
            ],
            [
              116.34906333333333,
              39.94653066666667
            ],
            [
              116.34798,
              39.94653066666667
            ]
          ]
        ]
      }
    },
    {
      "type": "Feature",
      "id": "BLDG-0081",
      "properties": {
        "id": "BLDG-0081",
        "layer": "BUILDING_FOOTPRINT",
        "source_type": "agent_generated_design",
        "confidence": "medium",
        "geometry_role": "design_proposal",
        "building_type": "mixed_use",
        "name_zh": "大钟寺AI商业建筑",
        "area_sqm_declared": 6003.625
      },
      "geometry": {
        "type": "Polygon",
        "coordinates": [
          [
            [
              116.34798,
              39.94847733333334
            ],
            [
              116.34798,
              39.94906133333333
            ],
            [
              116.34906333333333,
              39.94906133333333
            ],
            [
              116.34906333333333,
              39.94847733333334
            ],
            [
              116.34798,
              39.94847733333334
            ]
          ]
        ]
      }
    },
    {
      "type": "Feature",
      "id": "BLDG-0082",
      "properties": {
        "id": "BLDG-0082",
        "layer": "BUILDING_FOOTPRINT",
        "source_type": "agent_generated_design",
        "confidence": "medium",
        "geometry_role": "design_proposal",
        "building_type": "mixed_use",
        "name_zh": "大钟寺AI商业建筑",
        "area_sqm_declared": 6003.958
      },
      "geometry": {
        "type": "Polygon",
        "coordinates": [
          [
            [
              116.35058000000001,
              39.944584000000006
            ],
            [
              116.35058000000001,
              39.94516800000001
            ],
            [
              116.35166333333333,
              39.94516800000001
            ],
            [
              116.35166333333333,
              39.944584000000006
            ],
            [
              116.35058000000001,
              39.944584000000006
            ]
          ]
        ]
      }
    },
    {
      "type": "Feature",
      "id": "BLDG-0083",
      "properties": {
        "id": "BLDG-0083",
        "layer": "BUILDING_FOOTPRINT",
        "source_type": "agent_generated_design",
        "confidence": "medium",
        "geometry_role": "design_proposal",
        "building_type": "mixed_use",
        "name_zh": "大钟寺AI商业建筑",
        "area_sqm_declared": 6003.79
      },
      "geometry": {
        "type": "Polygon",
        "coordinates": [
          [
            [
              116.35058000000001,
              39.94653066666667
            ],
            [
              116.35058000000001,
              39.947114666666664
            ],
            [
              116.35166333333333,
              39.947114666666664
            ],
            [
              116.35166333333333,
              39.94653066666667
            ],
            [
              116.35058000000001,
              39.94653066666667
            ]
          ]
        ]
      }
    },
    {
      "type": "Feature",
      "id": "BLDG-0084",
      "properties": {
        "id": "BLDG-0084",
        "layer": "BUILDING_FOOTPRINT",
        "source_type": "agent_generated_design",
        "confidence": "medium",
        "geometry_role": "design_proposal",
        "building_type": "mixed_use",
        "name_zh": "大钟寺AI商业建筑",
        "area_sqm_declared": 6003.622
      },
      "geometry": {
        "type": "Polygon",
        "coordinates": [
          [
            [
              116.35058000000001,
              39.94847733333334
            ],
            [
              116.35058000000001,
              39.94906133333333
            ],
            [
              116.35166333333333,
              39.94906133333333
            ],
            [
              116.35166333333333,
              39.94847733333334
            ],
            [
              116.35058000000001,
              39.94847733333334
            ]
          ]
        ]
      }
    },
    {
      "type": "Feature",
      "id": "BLDG-0085",
      "properties": {
        "id": "BLDG-0085",
        "layer": "BUILDING_FOOTPRINT",
        "source_type": "agent_generated_design",
        "confidence": "medium",
        "geometry_role": "design_proposal",
        "building_type": "mixed_use",
        "name_zh": "大钟寺AI商业建筑",
        "area_sqm_declared": 6003.954
      },
      "geometry": {
        "type": "Polygon",
        "coordinates": [
          [
            [
              116.35318000000001,
              39.944584000000006
            ],
            [
              116.35318000000001,
              39.94516800000001
            ],
            [
              116.35426333333334,
              39.94516800000001
            ],
            [
              116.35426333333334,
              39.944584000000006
            ],
            [
              116.35318000000001,
              39.944584000000006
            ]
          ]
        ]
      }
    },
    {
      "type": "Feature",
      "id": "BLDG-0086",
      "properties": {
        "id": "BLDG-0086",
        "layer": "BUILDING_FOOTPRINT",
        "source_type": "agent_generated_design",
        "confidence": "medium",
        "geometry_role": "design_proposal",
        "building_type": "mixed_use",
        "name_zh": "大钟寺AI商业建筑",
        "area_sqm_declared": 6003.786
      },
      "geometry": {
        "type": "Polygon",
        "coordinates": [
          [
            [
              116.35318000000001,
              39.94653066666667
            ],
            [
              116.35318000000001,
              39.947114666666664
            ],
            [
              116.35426333333334,
              39.947114666666664
            ],
            [
              116.35426333333334,
              39.94653066666667
            ],
            [
              116.35318000000001,
              39.94653066666667
            ]
          ]
        ]
      }
    },
    {
      "type": "Feature",
      "id": "BLDG-0087",
      "properties": {
        "id": "BLDG-0087",
        "layer": "BUILDING_FOOTPRINT",
        "source_type": "agent_generated_design",
        "confidence": "medium",
        "geometry_role": "design_proposal",
        "building_type": "mixed_use",
        "name_zh": "大钟寺AI商业建筑",
        "area_sqm_declared": 6003.618
      },
      "geometry": {
        "type": "Polygon",
        "coordinates": [
          [
            [
              116.35318000000001,
              39.94847733333334
            ],
            [
              116.35318000000001,
              39.94906133333333
            ],
            [
              116.35426333333334,
              39.94906133333333
            ],
            [
              116.35426333333334,
              39.94847733333334
            ],
            [
              116.35318000000001,
              39.94847733333334
            ]
          ]
        ]
      }
    },
    {
      "type": "Feature",
      "id": "BLDG-0088",
      "properties": {
        "id": "BLDG-0088",
        "layer": "BUILDING_FOOTPRINT",
        "source_type": "agent_generated_design",
        "confidence": "medium",
        "geometry_role": "design_proposal",
        "building_type": "residential",
        "name_zh": "居住建筑",
        "area_sqm_declared": 4554.819
      },
      "geometry": {
        "type": "Polygon",
        "coordinates": [
          [
            [
              116.3405,
              39.95
            ],
            [
              116.3405,
              39.9506
            ],
            [
              116.3413,
              39.9506
            ],
            [
              116.3413,
              39.95
            ],
            [
              116.3405,
              39.95
            ]
          ]
        ]
      }
    },
    {
      "type": "Feature",
      "id": "BLDG-0089",
      "properties": {
        "id": "BLDG-0089",
        "layer": "BUILDING_FOOTPRINT",
        "source_type": "agent_generated_design",
        "confidence": "medium",
        "geometry_role": "design_proposal",
        "building_type": "residential",
        "name_zh": "居住建筑",
        "area_sqm_declared": 4554.163
      },
      "geometry": {
        "type": "Polygon",
        "coordinates": [
          [
            [
              116.3405,
              39.96
            ],
            [
              116.3405,
              39.9606
            ],
            [
              116.3413,
              39.9606
            ],
            [
              116.3413,
              39.96
            ],
            [
              116.3405,
              39.96
            ]
          ]
        ]
      }
    },
    {
      "type": "Feature",
      "id": "BLDG-0090",
      "properties": {
        "id": "BLDG-0090",
        "layer": "BUILDING_FOOTPRINT",
        "source_type": "agent_generated_design",
        "confidence": "medium",
        "geometry_role": "design_proposal",
        "building_type": "residential",
        "name_zh": "居住建筑",
        "area_sqm_declared": 4553.508
      },
      "geometry": {
        "type": "Polygon",
        "coordinates": [
          [
            [
              116.34,
              39.97
            ],
            [
              116.34,
              39.9706
            ],
            [
              116.3408,
              39.9706
            ],
            [
              116.3408,
              39.97
            ],
            [
              116.34,
              39.97
            ]
          ]
        ]
      }
    },
    {
      "type": "Feature",
      "id": "BLDG-0091",
      "properties": {
        "id": "BLDG-0091",
        "layer": "BUILDING_FOOTPRINT",
        "source_type": "agent_generated_design",
        "confidence": "medium",
        "geometry_role": "design_proposal",
        "building_type": "residential",
        "name_zh": "居住建筑",
        "area_sqm_declared": 4553.507
      },
      "geometry": {
        "type": "Polygon",
        "coordinates": [
          [
            [
              116.3405,
              39.97
            ],
            [
              116.3405,
              39.9706
            ],
            [
              116.3413,
              39.9706
            ],
            [
              116.3413,
              39.97
            ],
            [
              116.3405,
              39.97
            ]
          ]
        ]
      }
    },
    {
      "type": "Feature",
      "id": "BLDG-0092",
      "properties": {
        "id": "BLDG-0092",
        "layer": "BUILDING_FOOTPRINT",
        "source_type": "agent_generated_design",
        "confidence": "medium",
        "geometry_role": "design_proposal",
        "building_type": "residential",
        "name_zh": "居住建筑",
        "area_sqm_declared": 4552.851
      },
      "geometry": {
        "type": "Polygon",
        "coordinates": [
          [
            [
              116.3405,
              39.98
            ],
            [
              116.3405,
              39.980599999999995
            ],
            [
              116.3413,
              39.980599999999995
            ],
            [
              116.3413,
              39.98
            ],
            [
              116.3405,
              39.98
            ]
          ]
        ]
      }
    },
    {
      "type": "Feature",
      "id": "BLDG-0093",
      "properties": {
        "id": "BLDG-0093",
        "layer": "BUILDING_FOOTPRINT",
        "source_type": "agent_generated_design",
        "confidence": "medium",
        "geometry_role": "design_proposal",
        "building_type": "retail",
        "name_zh": "商业服务建筑",
        "area_sqm_declared": 4555.333
      },
      "geometry": {
        "type": "Polygon",
        "coordinates": [
          [
            [
              116.35,
              39.942
            ],
            [
              116.35,
              39.9426
            ],
            [
              116.35079999999999,
              39.9426
            ],
            [
              116.35079999999999,
              39.942
            ],
            [
              116.35,
              39.942
            ]
          ]
        ]
      }
    },
    {
      "type": "Feature",
      "id": "BLDG-0094",
      "properties": {
        "id": "BLDG-0094",
        "layer": "BUILDING_FOOTPRINT",
        "source_type": "agent_generated_design",
        "confidence": "medium",
        "geometry_role": "design_proposal",
        "building_type": "retail",
        "name_zh": "商业服务建筑",
        "area_sqm_declared": 4555.331
      },
      "geometry": {
        "type": "Polygon",
        "coordinates": [
          [
            [
              116.352,
              39.942
            ],
            [
              116.352,
              39.9426
            ],
            [
              116.3528,
              39.9426
            ],
            [
              116.3528,
              39.942
            ],
            [
              116.352,
              39.942
            ]
          ]
        ]
      }
    },
    {
      "type": "Feature",
      "id": "BLDG-0095",
      "properties": {
        "id": "BLDG-0095",
        "layer": "BUILDING_FOOTPRINT",
        "source_type": "agent_generated_design",
        "confidence": "medium",
        "geometry_role": "design_proposal",
        "building_type": "retail",
        "name_zh": "商业服务建筑",
        "area_sqm_declared": 4555.328
      },
      "geometry": {
        "type": "Polygon",
        "coordinates": [
          [
            [
              116.354,
              39.942
            ],
            [
              116.354,
              39.9426
            ],
            [
              116.3548,
              39.9426
            ],
            [
              116.3548,
              39.942
            ],
            [
              116.354,
              39.942
            ]
          ]
        ]
      }
    },
    {
      "type": "Feature",
      "id": "BLDG-0096",
      "properties": {
        "id": "BLDG-0096",
        "layer": "BUILDING_FOOTPRINT",
        "source_type": "agent_generated_design",
        "confidence": "medium",
        "geometry_role": "design_proposal",
        "building_type": "retail",
        "name_zh": "商业服务建筑",
        "area_sqm_declared": 4554.808
      },
      "geometry": {
        "type": "Polygon",
        "coordinates": [
          [
            [
              116.35,
              39.95
            ],
            [
              116.35,
              39.9506
            ],
            [
              116.35079999999999,
              39.9506
            ],
            [
              116.35079999999999,
              39.95
            ],
            [
              116.35,
              39.95
            ]
          ]
        ]
      }
    },
    {
      "type": "Feature",
      "id": "BLDG-0097",
      "properties": {
        "id": "BLDG-0097",
        "layer": "BUILDING_FOOTPRINT",
        "source_type": "agent_generated_design",
        "confidence": "medium",
        "geometry_role": "design_proposal",
        "building_type": "retail",
        "name_zh": "商业服务建筑",
        "area_sqm_declared": 4554.806
      },
      "geometry": {
        "type": "Polygon",
        "coordinates": [
          [
            [
              116.352,
              39.95
            ],
            [
              116.352,
              39.9506
            ],
            [
              116.3528,
              39.9506
            ],
            [
              116.3528,
              39.95
            ],
            [
              116.352,
              39.95
            ]
          ]
        ]
      }
    },
    {
      "type": "Feature",
      "id": "BLDG-0098",
      "properties": {
        "id": "BLDG-0098",
        "layer": "BUILDING_FOOTPRINT",
        "source_type": "agent_generated_design",
        "confidence": "medium",
        "geometry_role": "design_proposal",
        "building_type": "retail",
        "name_zh": "商业服务建筑",
        "area_sqm_declared": 4554.804
      },
      "geometry": {
        "type": "Polygon",
        "coordinates": [
          [
            [
              116.354,
              39.95
            ],
            [
              116.354,
              39.9506
            ],
            [
              116.3548,
              39.9506
            ],
            [
              116.3548,
              39.95
            ],
            [
              116.354,
              39.95
            ]
          ]
        ]
      }
    },
    {
      "type": "Feature",
      "id": "BLDG-0099",
      "properties": {
        "id": "BLDG-0099",
        "layer": "BUILDING_FOOTPRINT",
        "source_type": "agent_generated_design",
        "confidence": "medium",
        "geometry_role": "design_proposal",
        "building_type": "retail",
        "name_zh": "商业服务建筑",
        "area_sqm_declared": 4554.153
      },
      "geometry": {
        "type": "Polygon",
        "coordinates": [
          [
            [
              116.35,
              39.96
            ],
            [
              116.35,
              39.9606
            ],
            [
              116.35079999999999,
              39.9606
            ],
            [
              116.35079999999999,
              39.96
            ],
            [
              116.35,
              39.96
            ]
          ]
        ]
      }
    },
    {
      "type": "Feature",
      "id": "BLDG-0100",
      "properties": {
        "id": "BLDG-0100",
        "layer": "BUILDING_FOOTPRINT",
        "source_type": "agent_generated_design",
        "confidence": "medium",
        "geometry_role": "design_proposal",
        "building_type": "retail",
        "name_zh": "商业服务建筑",
        "area_sqm_declared": 4554.151
      },
      "geometry": {
        "type": "Polygon",
        "coordinates": [
          [
            [
              116.352,
              39.96
            ],
            [
              116.352,
              39.9606
            ],
            [
              116.3528,
              39.9606
            ],
            [
              116.3528,
              39.96
            ],
            [
              116.352,
              39.96
            ]
          ]
        ]
      }
    },
    {
      "type": "Feature",
      "id": "BLDG-0101",
      "properties": {
        "id": "BLDG-0101",
        "layer": "BUILDING_FOOTPRINT",
        "source_type": "agent_generated_design",
        "confidence": "medium",
        "geometry_role": "design_proposal",
        "building_type": "retail",
        "name_zh": "商业服务建筑",
        "area_sqm_declared": 4554.149
      },
      "geometry": {
        "type": "Polygon",
        "coordinates": [
          [
            [
              116.354,
              39.96
            ],
            [
              116.354,
              39.9606
            ],
            [
              116.3548,
              39.9606
            ],
            [
              116.3548,
              39.96
            ],
            [
              116.354,
              39.96
            ]
          ]
        ]
      }
    },
    {
      "type": "Feature",
      "id": "BLDG-0102",
      "properties": {
        "id": "BLDG-0102",
        "layer": "BUILDING_FOOTPRINT",
        "source_type": "agent_generated_design",
        "confidence": "medium",
        "geometry_role": "design_proposal",
        "building_type": "retail",
        "name_zh": "商业服务建筑",
        "area_sqm_declared": 4553.497
      },
      "geometry": {
        "type": "Polygon",
        "coordinates": [
          [
            [
              116.35,
              39.97
            ],
            [
              116.35,
              39.9706
            ],
            [
              116.35079999999999,
              39.9706
            ],
            [
              116.35079999999999,
              39.97
            ],
            [
              116.35,
              39.97
            ]
          ]
        ]
      }
    },
    {
      "type": "Feature",
      "id": "BLDG-0103",
      "properties": {
        "id": "BLDG-0103",
        "layer": "BUILDING_FOOTPRINT",
        "source_type": "agent_generated_design",
        "confidence": "medium",
        "geometry_role": "design_proposal",
        "building_type": "retail",
        "name_zh": "商业服务建筑",
        "area_sqm_declared": 4553.495
      },
      "geometry": {
        "type": "Polygon",
        "coordinates": [
          [
            [
              116.352,
              39.97
            ],
            [
              116.352,
              39.9706
            ],
            [
              116.3528,
              39.9706
            ],
            [
              116.3528,
              39.97
            ],
            [
              116.352,
              39.97
            ]
          ]
        ]
      }
    },
    {
      "type": "Feature",
      "id": "BLDG-0104",
      "properties": {
        "id": "BLDG-0104",
        "layer": "BUILDING_FOOTPRINT",
        "source_type": "agent_generated_design",
        "confidence": "medium",
        "geometry_role": "design_proposal",
        "building_type": "retail",
        "name_zh": "商业服务建筑",
        "area_sqm_declared": 4553.493
      },
      "geometry": {
        "type": "Polygon",
        "coordinates": [
          [
            [
              116.354,
              39.97
            ],
            [
              116.354,
              39.9706
            ],
            [
              116.3548,
              39.9706
            ],
            [
              116.3548,
              39.97
            ],
            [
              116.354,
              39.97
            ]
          ]
        ]
      }
    },
    {
      "type": "Feature",
      "id": "BLDG-0105",
      "properties": {
        "id": "BLDG-0105",
        "layer": "BUILDING_FOOTPRINT",
        "source_type": "agent_generated_design",
        "confidence": "medium",
        "geometry_role": "design_proposal",
        "building_type": "retail",
        "name_zh": "商业服务建筑",
        "area_sqm_declared": 4552.841
      },
      "geometry": {
        "type": "Polygon",
        "coordinates": [
          [
            [
              116.35,
              39.98
            ],
            [
              116.35,
              39.980599999999995
            ],
            [
              116.35079999999999,
              39.980599999999995
            ],
            [
              116.35079999999999,
              39.98
            ],
            [
              116.35,
              39.98
            ]
          ]
        ]
      }
    },
    {
      "type": "Feature",
      "id": "BLDG-0106",
      "properties": {
        "id": "BLDG-0106",
        "layer": "BUILDING_FOOTPRINT",
        "source_type": "agent_generated_design",
        "confidence": "medium",
        "geometry_role": "design_proposal",
        "building_type": "retail",
        "name_zh": "商业服务建筑",
        "area_sqm_declared": 4552.839
      },
      "geometry": {
        "type": "Polygon",
        "coordinates": [
          [
            [
              116.352,
              39.98
            ],
            [
              116.352,
              39.980599999999995
            ],
            [
              116.3528,
              39.980599999999995
            ],
            [
              116.3528,
              39.98
            ],
            [
              116.352,
              39.98
            ]
          ]
        ]
      }
    },
    {
      "type": "Feature",
      "id": "BLDG-0107",
      "properties": {
        "id": "BLDG-0107",
        "layer": "BUILDING_FOOTPRINT",
        "source_type": "agent_generated_design",
        "confidence": "medium",
        "geometry_role": "design_proposal",
        "building_type": "retail",
        "name_zh": "商业服务建筑",
        "area_sqm_declared": 432.52
      },
      "geometry": {
        "type": "Polygon",
        "coordinates": [
          [
            [
              116.354,
              39.98
            ],
            [
              116.354,
              39.980599999999995
            ],
            [
              116.35405200000001,
              39.980599999999995
            ],
            [
              116.3541,
              39.98
            ],
            [
              116.354,
              39.98
            ]
          ]
        ]
      }
    },
    {
      "type": "Feature",
      "id": "BLDG-0112",
      "properties": {
        "id": "BLDG-0112",
        "layer": "BUILDING_FOOTPRINT",
        "source_type": "agent_generated_design",
        "confidence": "medium",
        "geometry_role": "design_proposal",
        "building_type": "cultural",
        "name_zh": "走廊文化公共建筑",
        "area_sqm_declared": 2847.089
      },
      "geometry": {
        "type": "Polygon",
        "coordinates": [
          [
            [
              116.344,
              39.942
            ],
            [
              116.344,
              39.9425
            ],
            [
              116.3446,
              39.9425
            ],
            [
              116.3446,
              39.942
            ],
            [
              116.344,
              39.942
            ]
          ]
        ]
      }
    },
    {
      "type": "Feature",
      "id": "BLDG-0113",
      "properties": {
        "id": "BLDG-0113",
        "layer": "BUILDING_FOOTPRINT",
        "source_type": "agent_generated_design",
        "confidence": "medium",
        "geometry_role": "design_proposal",
        "building_type": "cultural",
        "name_zh": "走廊文化公共建筑",
        "area_sqm_declared": 2847.088
      },
      "geometry": {
        "type": "Polygon",
        "coordinates": [
          [
            [
              116.345,
              39.942
            ],
            [
              116.345,
              39.9425
            ],
            [
              116.3456,
              39.9425
            ],
            [
              116.3456,
              39.942
            ],
            [
              116.345,
              39.942
            ]
          ]
        ]
      }
    },
    {
      "type": "Feature",
      "id": "BLDG-0114",
      "properties": {
        "id": "BLDG-0114",
        "layer": "BUILDING_FOOTPRINT",
        "source_type": "agent_generated_design",
        "confidence": "medium",
        "geometry_role": "design_proposal",
        "building_type": "cultural",
        "name_zh": "走廊文化公共建筑",
        "area_sqm_declared": 2847.088
      },
      "geometry": {
        "type": "Polygon",
        "coordinates": [
          [
            [
              116.346,
              39.942
            ],
            [
              116.346,
              39.9425
            ],
            [
              116.34660000000001,
              39.9425
            ],
            [
              116.34660000000001,
              39.942
            ],
            [
              116.346,
              39.942
            ]
          ]
        ]
      }
    },
    {
      "type": "Feature",
      "id": "BLDG-0115",
      "properties": {
        "id": "BLDG-0115",
        "layer": "BUILDING_FOOTPRINT",
        "source_type": "agent_generated_design",
        "confidence": "medium",
        "geometry_role": "design_proposal",
        "building_type": "cultural",
        "name_zh": "走廊文化公共建筑",
        "area_sqm_declared": 2846.557
      },
      "geometry": {
        "type": "Polygon",
        "coordinates": [
          [
            [
              116.344,
              39.955
            ],
            [
              116.344,
              39.9555
            ],
            [
              116.3446,
              39.9555
            ],
            [
              116.3446,
              39.955
            ],
            [
              116.344,
              39.955
            ]
          ]
        ]
      }
    },
    {
      "type": "Feature",
      "id": "BLDG-0116",
      "properties": {
        "id": "BLDG-0116",
        "layer": "BUILDING_FOOTPRINT",
        "source_type": "agent_generated_design",
        "confidence": "medium",
        "geometry_role": "design_proposal",
        "building_type": "cultural",
        "name_zh": "走廊文化公共建筑",
        "area_sqm_declared": 2846.556
      },
      "geometry": {
        "type": "Polygon",
        "coordinates": [
          [
            [
              116.345,
              39.955
            ],
            [
              116.345,
              39.9555
            ],
            [
              116.3456,
              39.9555
            ],
            [
              116.3456,
              39.955
            ],
            [
              116.345,
              39.955
            ]
          ]
        ]
      }
    },
    {
      "type": "Feature",
      "id": "BLDG-0117",
      "properties": {
        "id": "BLDG-0117",
        "layer": "BUILDING_FOOTPRINT",
        "source_type": "agent_generated_design",
        "confidence": "medium",
        "geometry_role": "design_proposal",
        "building_type": "cultural",
        "name_zh": "走廊文化公共建筑",
        "area_sqm_declared": 2846.555
      },
      "geometry": {
        "type": "Polygon",
        "coordinates": [
          [
            [
              116.346,
              39.955
            ],
            [
              116.346,
              39.9555
            ],
            [
              116.34660000000001,
              39.9555
            ],
            [
              116.34660000000001,
              39.955
            ],
            [
              116.346,
              39.955
            ]
          ]
        ]
      }
    },
    {
      "type": "Feature",
      "id": "BLDG-0118",
      "properties": {
        "id": "BLDG-0118",
        "layer": "BUILDING_FOOTPRINT",
        "source_type": "agent_generated_design",
        "confidence": "medium",
        "geometry_role": "design_proposal",
        "building_type": "cultural",
        "name_zh": "走廊文化公共建筑",
        "area_sqm_declared": 2846.27
      },
      "geometry": {
        "type": "Polygon",
        "coordinates": [
          [
            [
              116.344,
              39.962
            ],
            [
              116.344,
              39.962500000000006
            ],
            [
              116.3446,
              39.962500000000006
            ],
            [
              116.3446,
              39.962
            ],
            [
              116.344,
              39.962
            ]
          ]
        ]
      }
    },
    {
      "type": "Feature",
      "id": "BLDG-0119",
      "properties": {
        "id": "BLDG-0119",
        "layer": "BUILDING_FOOTPRINT",
        "source_type": "agent_generated_design",
        "confidence": "medium",
        "geometry_role": "design_proposal",
        "building_type": "cultural",
        "name_zh": "走廊文化公共建筑",
        "area_sqm_declared": 2846.269
      },
      "geometry": {
        "type": "Polygon",
        "coordinates": [
          [
            [
              116.345,
              39.962
            ],
            [
              116.345,
              39.962500000000006
            ],
            [
              116.3456,
              39.962500000000006
            ],
            [
              116.3456,
              39.962
            ],
            [
              116.345,
              39.962
            ]
          ]
        ]
      }
    },
    {
      "type": "Feature",
      "id": "BLDG-0120",
      "properties": {
        "id": "BLDG-0120",
        "layer": "BUILDING_FOOTPRINT",
        "source_type": "agent_generated_design",
        "confidence": "medium",
        "geometry_role": "design_proposal",
        "building_type": "cultural",
        "name_zh": "走廊文化公共建筑",
        "area_sqm_declared": 2846.268
      },
      "geometry": {
        "type": "Polygon",
        "coordinates": [
          [
            [
              116.346,
              39.962
            ],
            [
              116.346,
              39.962500000000006
            ],
            [
              116.34660000000001,
              39.962500000000006
            ],
            [
              116.34660000000001,
              39.962
            ],
            [
              116.346,
              39.962
            ]
          ]
        ]
      }
    },
    {
      "type": "Feature",
      "id": "BLDG-0121",
      "properties": {
        "id": "BLDG-0121",
        "layer": "BUILDING_FOOTPRINT",
        "source_type": "agent_generated_design",
        "confidence": "medium",
        "geometry_role": "design_proposal",
        "building_type": "cultural",
        "name_zh": "走廊文化公共建筑",
        "area_sqm_declared": 2846.024
      },
      "geometry": {
        "type": "Polygon",
        "coordinates": [
          [
            [
              116.344,
              39.968
            ],
            [
              116.344,
              39.968500000000006
            ],
            [
              116.3446,
              39.968500000000006
            ],
            [
              116.3446,
              39.968
            ],
            [
              116.344,
              39.968
            ]
          ]
        ]
      }
    },
    {
      "type": "Feature",
      "id": "BLDG-0122",
      "properties": {
        "id": "BLDG-0122",
        "layer": "BUILDING_FOOTPRINT",
        "source_type": "agent_generated_design",
        "confidence": "medium",
        "geometry_role": "design_proposal",
        "building_type": "cultural",
        "name_zh": "走廊文化公共建筑",
        "area_sqm_declared": 2846.023
      },
      "geometry": {
        "type": "Polygon",
        "coordinates": [
          [
            [
              116.345,
              39.968
            ],
            [
              116.345,
              39.968500000000006
            ],
            [
              116.3456,
              39.968500000000006
            ],
            [
              116.3456,
              39.968
            ],
            [
              116.345,
              39.968
            ]
          ]
        ]
      }
    },
    {
      "type": "Feature",
      "id": "BLDG-0123",
      "properties": {
        "id": "BLDG-0123",
        "layer": "BUILDING_FOOTPRINT",
        "source_type": "agent_generated_design",
        "confidence": "medium",
        "geometry_role": "design_proposal",
        "building_type": "cultural",
        "name_zh": "走廊文化公共建筑",
        "area_sqm_declared": 2846.022
      },
      "geometry": {
        "type": "Polygon",
        "coordinates": [
          [
            [
              116.346,
              39.968
            ],
            [
              116.346,
              39.968500000000006
            ],
            [
              116.34660000000001,
              39.968500000000006
            ],
            [
              116.34660000000001,
              39.968
            ],
            [
              116.346,
              39.968
            ]
          ]
        ]
      }
    },
    {
      "type": "Feature",
      "id": "BLDG-0124",
      "properties": {
        "id": "BLDG-0124",
        "layer": "BUILDING_FOOTPRINT",
        "source_type": "agent_generated_design",
        "confidence": "medium",
        "geometry_role": "design_proposal",
        "building_type": "cultural",
        "name_zh": "走廊文化公共建筑",
        "area_sqm_declared": 2845.614
      },
      "geometry": {
        "type": "Polygon",
        "coordinates": [
          [
            [
              116.344,
              39.978
            ],
            [
              116.344,
              39.978500000000004
            ],
            [
              116.3446,
              39.978500000000004
            ],
            [
              116.3446,
              39.978
            ],
            [
              116.344,
              39.978
            ]
          ]
        ]
      }
    },
    {
      "type": "Feature",
      "id": "BLDG-0125",
      "properties": {
        "id": "BLDG-0125",
        "layer": "BUILDING_FOOTPRINT",
        "source_type": "agent_generated_design",
        "confidence": "medium",
        "geometry_role": "design_proposal",
        "building_type": "cultural",
        "name_zh": "走廊文化公共建筑",
        "area_sqm_declared": 2845.613
      },
      "geometry": {
        "type": "Polygon",
        "coordinates": [
          [
            [
              116.345,
              39.978
            ],
            [
              116.345,
              39.978500000000004
            ],
            [
              116.3456,
              39.978500000000004
            ],
            [
              116.3456,
              39.978
            ],
            [
              116.345,
              39.978
            ]
          ]
        ]
      }
    },
    {
      "type": "Feature",
      "id": "BLDG-0126",
      "properties": {
        "id": "BLDG-0126",
        "layer": "BUILDING_FOOTPRINT",
        "source_type": "agent_generated_design",
        "confidence": "medium",
        "geometry_role": "design_proposal",
        "building_type": "cultural",
        "name_zh": "走廊文化公共建筑",
        "area_sqm_declared": 2845.613
      },
      "geometry": {
        "type": "Polygon",
        "coordinates": [
          [
            [
              116.346,
              39.978
            ],
            [
              116.346,
              39.978500000000004
            ],
            [
              116.34660000000001,
              39.978500000000004
            ],
            [
              116.34660000000001,
              39.978
            ],
            [
              116.346,
              39.978
            ]
          ]
        ]
      }
    },
    {
      "type": "Feature",
      "id": "BLDG-0001",
      "properties": {
        "id": "BLDG-0001",
        "layer": "BUILDING_FOOTPRINT",
        "source_type": "agent_generated_design",
        "confidence": "medium",
        "geometry_role": "design_proposal",
        "building_type": "ai_r_and_d",
        "name_zh": "众智园AI研发建筑",
        "area_sqm_declared": 5333.396
      },
      "geometry": {
        "type": "Polygon",
        "coordinates": [
          [
            [
              116.342725,
              40.00028611111111
            ],
            [
              116.343275,
              40.00028611111111
            ],
            [
              116.343275,
              40.00131388888889
            ],
            [
              116.342725,
              40.00131388888889
            ],
            [
              116.342725,
              40.00028611111111
            ]
          ]
        ]
      }
    },
    {
      "type": "Feature",
      "id": "BLDG-0002",
      "properties": {
        "id": "BLDG-0002",
        "layer": "BUILDING_FOOTPRINT",
        "source_type": "agent_generated_design",
        "confidence": "medium",
        "geometry_role": "design_proposal",
        "building_type": "ai_r_and_d",
        "name_zh": "众智园AI研发建筑",
        "area_sqm_declared": 5333.396
      },
      "geometry": {
        "type": "Polygon",
        "coordinates": [
          [
            [
              116.343525,
              39.99948611111111
            ],
            [
              116.344075,
              39.99948611111111
            ],
            [
              116.344075,
              40.00051388888889
            ],
            [
              116.343525,
              40.00051388888889
            ],
            [
              116.343525,
              39.99948611111111
            ]
          ]
        ]
      }
    },
    {
      "type": "Feature",
      "id": "BLDG-0003",
      "properties": {
        "id": "BLDG-0003",
        "layer": "BUILDING_FOOTPRINT",
        "source_type": "agent_generated_design",
        "confidence": "medium",
        "geometry_role": "design_proposal",
        "building_type": "ai_r_and_d",
        "name_zh": "众智园AI研发建筑",
        "area_sqm_declared": 5333.396
      },
      "geometry": {
        "type": "Polygon",
        "coordinates": [
          [
            [
              116.342725,
              39.99868611111111
            ],
            [
              116.343275,
              39.99868611111111
            ],
            [
              116.343275,
              39.99971388888889
            ],
            [
              116.342725,
              39.99971388888889
            ],
            [
              116.342725,
              39.99868611111111
            ]
          ]
        ]
      }
    },
    {
      "type": "Feature",
      "id": "BLDG-0004",
      "properties": {
        "id": "BLDG-0004",
        "layer": "BUILDING_FOOTPRINT",
        "source_type": "agent_generated_design",
        "confidence": "medium",
        "geometry_role": "design_proposal",
        "building_type": "ai_r_and_d",
        "name_zh": "众智园AI研发建筑",
        "area_sqm_declared": 5333.396
      },
      "geometry": {
        "type": "Polygon",
        "coordinates": [
          [
            [
              116.341925,
              39.99948611111111
            ],
            [
              116.34247500000001,
              39.99948611111111
            ],
            [
              116.34247500000001,
              40.00051388888889
            ],
            [
              116.341925,
              40.00051388888889
            ],
            [
              116.341925,
              39.99948611111111
            ]
          ]
        ]
      }
    },
    {
      "type": "Feature",
      "id": "BLDG-0005",
      "properties": {
        "id": "BLDG-0005",
        "layer": "BUILDING_FOOTPRINT",
        "source_type": "agent_generated_design",
        "confidence": "medium",
        "geometry_role": "design_proposal",
        "building_type": "ai_r_and_d",
        "name_zh": "众智园AI研发建筑",
        "area_sqm_declared": 5333.396
      },
      "geometry": {
        "type": "Polygon",
        "coordinates": [
          [
            [
              116.343125,
              39.99988611111111
            ],
            [
              116.343675,
              39.99988611111111
            ],
            [
              116.343675,
              40.00091388888889
            ],
            [
              116.343125,
              40.00091388888889
            ],
            [
              116.343125,
              39.99988611111111
            ]
          ]
        ]
      }
    },
    {
      "type": "Feature",
      "id": "BLDG-0006",
      "properties": {
        "id": "BLDG-0006",
        "layer": "BUILDING_FOOTPRINT",
        "source_type": "agent_generated_design",
        "confidence": "medium",
        "geometry_role": "design_proposal",
        "building_type": "ai_r_and_d",
        "name_zh": "众智园AI研发建筑",
        "area_sqm_declared": 5333.396
      },
      "geometry": {
        "type": "Polygon",
        "coordinates": [
          [
            [
              116.342325,
              39.99988611111111
            ],
            [
              116.342875,
              39.99988611111111
            ],
            [
              116.342875,
              40.00091388888889
            ],
            [
              116.342325,
              40.00091388888889
            ],
            [
              116.342325,
              39.99988611111111
            ]
          ]
        ]
      }
    },
    {
      "type": "Feature",
      "id": "BLDG-0007",
      "properties": {
        "id": "BLDG-0007",
        "layer": "BUILDING_FOOTPRINT",
        "source_type": "agent_generated_design",
        "confidence": "medium",
        "geometry_role": "design_proposal",
        "building_type": "ai_r_and_d",
        "name_zh": "众智园AI研发建筑",
        "area_sqm_declared": 5333.396
      },
      "geometry": {
        "type": "Polygon",
        "coordinates": [
          [
            [
              116.343125,
              39.99908611111111
            ],
            [
              116.343675,
              39.99908611111111
            ],
            [
              116.343675,
              40.00011388888889
            ],
            [
              116.343125,
              40.00011388888889
            ],
            [
              116.343125,
              39.99908611111111
            ]
          ]
        ]
      }
    },
    {
      "type": "Feature",
      "id": "BLDG-0008",
      "properties": {
        "id": "BLDG-0008",
        "layer": "BUILDING_FOOTPRINT",
        "source_type": "agent_generated_design",
        "confidence": "medium",
        "geometry_role": "design_proposal",
        "building_type": "ai_r_and_d",
        "name_zh": "众智园AI研发建筑",
        "area_sqm_declared": 5333.396
      },
      "geometry": {
        "type": "Polygon",
        "coordinates": [
          [
            [
              116.342325,
              39.99908611111111
            ],
            [
              116.342875,
              39.99908611111111
            ],
            [
              116.342875,
              40.00011388888889
            ],
            [
              116.342325,
              40.00011388888889
            ],
            [
              116.342325,
              39.99908611111111
            ]
          ]
        ]
      }
    },
    {
      "type": "Feature",
      "id": "BLDG-0009",
      "properties": {
        "id": "BLDG-0009",
        "layer": "BUILDING_FOOTPRINT",
        "source_type": "agent_generated_design",
        "confidence": "medium",
        "geometry_role": "design_proposal",
        "building_type": "ai_r_and_d",
        "name_zh": "众智园AI研发建筑",
        "area_sqm_declared": 5333.396
      },
      "geometry": {
        "type": "Polygon",
        "coordinates": [
          [
            [
              116.34672499999999,
              40.00028611111111
            ],
            [
              116.347275,
              40.00028611111111
            ],
            [
              116.347275,
              40.00131388888889
            ],
            [
              116.34672499999999,
              40.00131388888889
            ],
            [
              116.34672499999999,
              40.00028611111111
            ]
          ]
        ]
      }
    },
    {
      "type": "Feature",
      "id": "BLDG-0010",
      "properties": {
        "id": "BLDG-0010",
        "layer": "BUILDING_FOOTPRINT",
        "source_type": "agent_generated_design",
        "confidence": "medium",
        "geometry_role": "design_proposal",
        "building_type": "ai_r_and_d",
        "name_zh": "众智园AI研发建筑",
        "area_sqm_declared": 5333.396
      },
      "geometry": {
        "type": "Polygon",
        "coordinates": [
          [
            [
              116.34752499999999,
              39.99948611111111
            ],
            [
              116.348075,
              39.99948611111111
            ],
            [
              116.348075,
              40.00051388888889
            ],
            [
              116.34752499999999,
              40.00051388888889
            ],
            [
              116.34752499999999,
              39.99948611111111
            ]
          ]
        ]
      }
    },
    {
      "type": "Feature",
      "id": "BLDG-0011",
      "properties": {
        "id": "BLDG-0011",
        "layer": "BUILDING_FOOTPRINT",
        "source_type": "agent_generated_design",
        "confidence": "medium",
        "geometry_role": "design_proposal",
        "building_type": "ai_r_and_d",
        "name_zh": "众智园AI研发建筑",
        "area_sqm_declared": 5333.396
      },
      "geometry": {
        "type": "Polygon",
        "coordinates": [
          [
            [
              116.34672499999999,
              39.99868611111111
            ],
            [
              116.347275,
              39.99868611111111
            ],
            [
              116.347275,
              39.99971388888889
            ],
            [
              116.34672499999999,
              39.99971388888889
            ],
            [
              116.34672499999999,
              39.99868611111111
            ]
          ]
        ]
      }
    },
    {
      "type": "Feature",
      "id": "BLDG-0012",
      "properties": {
        "id": "BLDG-0012",
        "layer": "BUILDING_FOOTPRINT",
        "source_type": "agent_generated_design",
        "confidence": "medium",
        "geometry_role": "design_proposal",
        "building_type": "ai_r_and_d",
        "name_zh": "众智园AI研发建筑",
        "area_sqm_declared": 5333.396
      },
      "geometry": {
        "type": "Polygon",
        "coordinates": [
          [
            [
              116.345925,
              39.99948611111111
            ],
            [
              116.346475,
              39.99948611111111
            ],
            [
              116.346475,
              40.00051388888889
            ],
            [
              116.345925,
              40.00051388888889
            ],
            [
              116.345925,
              39.99948611111111
            ]
          ]
        ]
      }
    },
    {
      "type": "Feature",
      "id": "BLDG-0013",
      "properties": {
        "id": "BLDG-0013",
        "layer": "BUILDING_FOOTPRINT",
        "source_type": "agent_generated_design",
        "confidence": "medium",
        "geometry_role": "design_proposal",
        "building_type": "ai_r_and_d",
        "name_zh": "众智园AI研发建筑",
        "area_sqm_declared": 5333.396
      },
      "geometry": {
        "type": "Polygon",
        "coordinates": [
          [
            [
              116.34712499999999,
              39.99988611111111
            ],
            [
              116.347675,
              39.99988611111111
            ],
            [
              116.347675,
              40.00091388888889
            ],
            [
              116.34712499999999,
              40.00091388888889
            ],
            [
              116.34712499999999,
              39.99988611111111
            ]
          ]
        ]
      }
    },
    {
      "type": "Feature",
      "id": "BLDG-0014",
      "properties": {
        "id": "BLDG-0014",
        "layer": "BUILDING_FOOTPRINT",
        "source_type": "agent_generated_design",
        "confidence": "medium",
        "geometry_role": "design_proposal",
        "building_type": "ai_r_and_d",
        "name_zh": "众智园AI研发建筑",
        "area_sqm_declared": 5333.396
      },
      "geometry": {
        "type": "Polygon",
        "coordinates": [
          [
            [
              116.346325,
              39.99988611111111
            ],
            [
              116.346875,
              39.99988611111111
            ],
            [
              116.346875,
              40.00091388888889
            ],
            [
              116.346325,
              40.00091388888889
            ],
            [
              116.346325,
              39.99988611111111
            ]
          ]
        ]
      }
    },
    {
      "type": "Feature",
      "id": "BLDG-0015",
      "properties": {
        "id": "BLDG-0015",
        "layer": "BUILDING_FOOTPRINT",
        "source_type": "agent_generated_design",
        "confidence": "medium",
        "geometry_role": "design_proposal",
        "building_type": "ai_r_and_d",
        "name_zh": "众智园AI研发建筑",
        "area_sqm_declared": 5333.396
      },
      "geometry": {
        "type": "Polygon",
        "coordinates": [
          [
            [
              116.34712499999999,
              39.99908611111111
            ],
            [
              116.347675,
              39.99908611111111
            ],
            [
              116.347675,
              40.00011388888889
            ],
            [
              116.34712499999999,
              40.00011388888889
            ],
            [
              116.34712499999999,
              39.99908611111111
            ]
          ]
        ]
      }
    },
    {
      "type": "Feature",
      "id": "BLDG-0016",
      "properties": {
        "id": "BLDG-0016",
        "layer": "BUILDING_FOOTPRINT",
        "source_type": "agent_generated_design",
        "confidence": "medium",
        "geometry_role": "design_proposal",
        "building_type": "ai_r_and_d",
        "name_zh": "众智园AI研发建筑",
        "area_sqm_declared": 5333.396
      },
      "geometry": {
        "type": "Polygon",
        "coordinates": [
          [
            [
              116.346325,
              39.99908611111111
            ],
            [
              116.346875,
              39.99908611111111
            ],
            [
              116.346875,
              40.00011388888889
            ],
            [
              116.346325,
              40.00011388888889
            ],
            [
              116.346325,
              39.99908611111111
            ]
          ]
        ]
      }
    },
    {
      "type": "Feature",
      "id": "BLDG-0017",
      "properties": {
        "id": "BLDG-0017",
        "layer": "BUILDING_FOOTPRINT",
        "source_type": "agent_generated_design",
        "confidence": "medium",
        "geometry_role": "design_proposal",
        "building_type": "ai_r_and_d",
        "name_zh": "众智园AI研发建筑",
        "area_sqm_declared": 5333.396
      },
      "geometry": {
        "type": "Polygon",
        "coordinates": [
          [
            [
              116.350725,
              40.00028611111111
            ],
            [
              116.351275,
              40.00028611111111
            ],
            [
              116.351275,
              40.00131388888889
            ],
            [
              116.350725,
              40.00131388888889
            ],
            [
              116.350725,
              40.00028611111111
            ]
          ]
        ]
      }
    },
    {
      "type": "Feature",
      "id": "BLDG-0018",
      "properties": {
        "id": "BLDG-0018",
        "layer": "BUILDING_FOOTPRINT",
        "source_type": "agent_generated_design",
        "confidence": "medium",
        "geometry_role": "design_proposal",
        "building_type": "ai_r_and_d",
        "name_zh": "众智园AI研发建筑",
        "area_sqm_declared": 5333.396
      },
      "geometry": {
        "type": "Polygon",
        "coordinates": [
          [
            [
              116.351525,
              39.99948611111111
            ],
            [
              116.352075,
              39.99948611111111
            ],
            [
              116.352075,
              40.00051388888889
            ],
            [
              116.351525,
              40.00051388888889
            ],
            [
              116.351525,
              39.99948611111111
            ]
          ]
        ]
      }
    },
    {
      "type": "Feature",
      "id": "BLDG-0019",
      "properties": {
        "id": "BLDG-0019",
        "layer": "BUILDING_FOOTPRINT",
        "source_type": "agent_generated_design",
        "confidence": "medium",
        "geometry_role": "design_proposal",
        "building_type": "ai_r_and_d",
        "name_zh": "众智园AI研发建筑",
        "area_sqm_declared": 5333.396
      },
      "geometry": {
        "type": "Polygon",
        "coordinates": [
          [
            [
              116.350725,
              39.99868611111111
            ],
            [
              116.351275,
              39.99868611111111
            ],
            [
              116.351275,
              39.99971388888889
            ],
            [
              116.350725,
              39.99971388888889
            ],
            [
              116.350725,
              39.99868611111111
            ]
          ]
        ]
      }
    },
    {
      "type": "Feature",
      "id": "BLDG-0020",
      "properties": {
        "id": "BLDG-0020",
        "layer": "BUILDING_FOOTPRINT",
        "source_type": "agent_generated_design",
        "confidence": "medium",
        "geometry_role": "design_proposal",
        "building_type": "ai_r_and_d",
        "name_zh": "众智园AI研发建筑",
        "area_sqm_declared": 5333.396
      },
      "geometry": {
        "type": "Polygon",
        "coordinates": [
          [
            [
              116.349925,
              39.99948611111111
            ],
            [
              116.350475,
              39.99948611111111
            ],
            [
              116.350475,
              40.00051388888889
            ],
            [
              116.349925,
              40.00051388888889
            ],
            [
              116.349925,
              39.99948611111111
            ]
          ]
        ]
      }
    },
    {
      "type": "Feature",
      "id": "BLDG-0021",
      "properties": {
        "id": "BLDG-0021",
        "layer": "BUILDING_FOOTPRINT",
        "source_type": "agent_generated_design",
        "confidence": "medium",
        "geometry_role": "design_proposal",
        "building_type": "ai_r_and_d",
        "name_zh": "众智园AI研发建筑",
        "area_sqm_declared": 5333.396
      },
      "geometry": {
        "type": "Polygon",
        "coordinates": [
          [
            [
              116.351125,
              39.99988611111111
            ],
            [
              116.351675,
              39.99988611111111
            ],
            [
              116.351675,
              40.00091388888889
            ],
            [
              116.351125,
              40.00091388888889
            ],
            [
              116.351125,
              39.99988611111111
            ]
          ]
        ]
      }
    },
    {
      "type": "Feature",
      "id": "BLDG-0022",
      "properties": {
        "id": "BLDG-0022",
        "layer": "BUILDING_FOOTPRINT",
        "source_type": "agent_generated_design",
        "confidence": "medium",
        "geometry_role": "design_proposal",
        "building_type": "ai_r_and_d",
        "name_zh": "众智园AI研发建筑",
        "area_sqm_declared": 5333.396
      },
      "geometry": {
        "type": "Polygon",
        "coordinates": [
          [
            [
              116.350325,
              39.99988611111111
            ],
            [
              116.350875,
              39.99988611111111
            ],
            [
              116.350875,
              40.00091388888889
            ],
            [
              116.350325,
              40.00091388888889
            ],
            [
              116.350325,
              39.99988611111111
            ]
          ]
        ]
      }
    },
    {
      "type": "Feature",
      "id": "BLDG-0023",
      "properties": {
        "id": "BLDG-0023",
        "layer": "BUILDING_FOOTPRINT",
        "source_type": "agent_generated_design",
        "confidence": "medium",
        "geometry_role": "design_proposal",
        "building_type": "ai_r_and_d",
        "name_zh": "众智园AI研发建筑",
        "area_sqm_declared": 5333.396
      },
      "geometry": {
        "type": "Polygon",
        "coordinates": [
          [
            [
              116.351125,
              39.99908611111111
            ],
            [
              116.351675,
              39.99908611111111
            ],
            [
              116.351675,
              40.00011388888889
            ],
            [
              116.351125,
              40.00011388888889
            ],
            [
              116.351125,
              39.99908611111111
            ]
          ]
        ]
      }
    },
    {
      "type": "Feature",
      "id": "BLDG-0024",
      "properties": {
        "id": "BLDG-0024",
        "layer": "BUILDING_FOOTPRINT",
        "source_type": "agent_generated_design",
        "confidence": "medium",
        "geometry_role": "design_proposal",
        "building_type": "ai_r_and_d",
        "name_zh": "众智园AI研发建筑",
        "area_sqm_declared": 5333.396
      },
      "geometry": {
        "type": "Polygon",
        "coordinates": [
          [
            [
              116.350325,
              39.99908611111111
            ],
            [
              116.350875,
              39.99908611111111
            ],
            [
              116.350875,
              40.00011388888889
            ],
            [
              116.350325,
              40.00011388888889
            ],
            [
              116.350325,
              39.99908611111111
            ]
          ]
        ]
      }
    },
    {
      "type": "Feature",
      "id": "BLDG-0025",
      "properties": {
        "id": "BLDG-0025",
        "layer": "BUILDING_FOOTPRINT",
        "source_type": "agent_generated_design",
        "confidence": "medium",
        "geometry_role": "design_proposal",
        "building_type": "ai_r_and_d",
        "name_zh": "众智园AI研发建筑",
        "area_sqm_declared": 5333.396
      },
      "geometry": {
        "type": "Polygon",
        "coordinates": [
          [
            [
              116.342725,
              40.01028611111111
            ],
            [
              116.343275,
              40.01028611111111
            ],
            [
              116.343275,
              40.011313888888886
            ],
            [
              116.342725,
              40.011313888888886
            ],
            [
              116.342725,
              40.01028611111111
            ]
          ]
        ]
      }
    },
    {
      "type": "Feature",
      "id": "BLDG-0026",
      "properties": {
        "id": "BLDG-0026",
        "layer": "BUILDING_FOOTPRINT",
        "source_type": "agent_generated_design",
        "confidence": "medium",
        "geometry_role": "design_proposal",
        "building_type": "ai_r_and_d",
        "name_zh": "众智园AI研发建筑",
        "area_sqm_declared": 5333.396
      },
      "geometry": {
        "type": "Polygon",
        "coordinates": [
          [
            [
              116.343525,
              40.00948611111111
            ],
            [
              116.344075,
              40.00948611111111
            ],
            [
              116.344075,
              40.01051388888889
            ],
            [
              116.343525,
              40.01051388888889
            ],
            [
              116.343525,
              40.00948611111111
            ]
          ]
        ]
      }
    },
    {
      "type": "Feature",
      "id": "BLDG-0027",
      "properties": {
        "id": "BLDG-0027",
        "layer": "BUILDING_FOOTPRINT",
        "source_type": "agent_generated_design",
        "confidence": "medium",
        "geometry_role": "design_proposal",
        "building_type": "ai_r_and_d",
        "name_zh": "众智园AI研发建筑",
        "area_sqm_declared": 5333.396
      },
      "geometry": {
        "type": "Polygon",
        "coordinates": [
          [
            [
              116.342725,
              40.00868611111111
            ],
            [
              116.343275,
              40.00868611111111
            ],
            [
              116.343275,
              40.00971388888889
            ],
            [
              116.342725,
              40.00971388888889
            ],
            [
              116.342725,
              40.00868611111111
            ]
          ]
        ]
      }
    },
    {
      "type": "Feature",
      "id": "BLDG-0028",
      "properties": {
        "id": "BLDG-0028",
        "layer": "BUILDING_FOOTPRINT",
        "source_type": "agent_generated_design",
        "confidence": "medium",
        "geometry_role": "design_proposal",
        "building_type": "ai_r_and_d",
        "name_zh": "众智园AI研发建筑",
        "area_sqm_declared": 5333.396
      },
      "geometry": {
        "type": "Polygon",
        "coordinates": [
          [
            [
              116.341925,
              40.00948611111111
            ],
            [
              116.34247500000001,
              40.00948611111111
            ],
            [
              116.34247500000001,
              40.01051388888889
            ],
            [
              116.341925,
              40.01051388888889
            ],
            [
              116.341925,
              40.00948611111111
            ]
          ]
        ]
      }
    },
    {
      "type": "Feature",
      "id": "BLDG-0029",
      "properties": {
        "id": "BLDG-0029",
        "layer": "BUILDING_FOOTPRINT",
        "source_type": "agent_generated_design",
        "confidence": "medium",
        "geometry_role": "design_proposal",
        "building_type": "ai_r_and_d",
        "name_zh": "众智园AI研发建筑",
        "area_sqm_declared": 5333.396
      },
      "geometry": {
        "type": "Polygon",
        "coordinates": [
          [
            [
              116.343125,
              40.00988611111111
            ],
            [
              116.343675,
              40.00988611111111
            ],
            [
              116.343675,
              40.010913888888886
            ],
            [
              116.343125,
              40.010913888888886
            ],
            [
              116.343125,
              40.00988611111111
            ]
          ]
        ]
      }
    },
    {
      "type": "Feature",
      "id": "BLDG-0030",
      "properties": {
        "id": "BLDG-0030",
        "layer": "BUILDING_FOOTPRINT",
        "source_type": "agent_generated_design",
        "confidence": "medium",
        "geometry_role": "design_proposal",
        "building_type": "ai_r_and_d",
        "name_zh": "众智园AI研发建筑",
        "area_sqm_declared": 5333.396
      },
      "geometry": {
        "type": "Polygon",
        "coordinates": [
          [
            [
              116.342325,
              40.00988611111111
            ],
            [
              116.342875,
              40.00988611111111
            ],
            [
              116.342875,
              40.010913888888886
            ],
            [
              116.342325,
              40.010913888888886
            ],
            [
              116.342325,
              40.00988611111111
            ]
          ]
        ]
      }
    },
    {
      "type": "Feature",
      "id": "BLDG-0031",
      "properties": {
        "id": "BLDG-0031",
        "layer": "BUILDING_FOOTPRINT",
        "source_type": "agent_generated_design",
        "confidence": "medium",
        "geometry_role": "design_proposal",
        "building_type": "ai_r_and_d",
        "name_zh": "众智园AI研发建筑",
        "area_sqm_declared": 5333.396
      },
      "geometry": {
        "type": "Polygon",
        "coordinates": [
          [
            [
              116.343125,
              40.00908611111111
            ],
            [
              116.343675,
              40.00908611111111
            ],
            [
              116.343675,
              40.01011388888889
            ],
            [
              116.343125,
              40.01011388888889
            ],
            [
              116.343125,
              40.00908611111111
            ]
          ]
        ]
      }
    },
    {
      "type": "Feature",
      "id": "BLDG-0032",
      "properties": {
        "id": "BLDG-0032",
        "layer": "BUILDING_FOOTPRINT",
        "source_type": "agent_generated_design",
        "confidence": "medium",
        "geometry_role": "design_proposal",
        "building_type": "ai_r_and_d",
        "name_zh": "众智园AI研发建筑",
        "area_sqm_declared": 5333.396
      },
      "geometry": {
        "type": "Polygon",
        "coordinates": [
          [
            [
              116.342325,
              40.00908611111111
            ],
            [
              116.342875,
              40.00908611111111
            ],
            [
              116.342875,
              40.01011388888889
            ],
            [
              116.342325,
              40.01011388888889
            ],
            [
              116.342325,
              40.00908611111111
            ]
          ]
        ]
      }
    },
    {
      "type": "Feature",
      "id": "BLDG-0033",
      "properties": {
        "id": "BLDG-0033",
        "layer": "BUILDING_FOOTPRINT",
        "source_type": "agent_generated_design",
        "confidence": "medium",
        "geometry_role": "design_proposal",
        "building_type": "ai_r_and_d",
        "name_zh": "众智园AI研发建筑",
        "area_sqm_declared": 5333.396
      },
      "geometry": {
        "type": "Polygon",
        "coordinates": [
          [
            [
              116.34672499999999,
              40.01028611111111
            ],
            [
              116.347275,
              40.01028611111111
            ],
            [
              116.347275,
              40.011313888888886
            ],
            [
              116.34672499999999,
              40.011313888888886
            ],
            [
              116.34672499999999,
              40.01028611111111
            ]
          ]
        ]
      }
    },
    {
      "type": "Feature",
      "id": "BLDG-0034",
      "properties": {
        "id": "BLDG-0034",
        "layer": "BUILDING_FOOTPRINT",
        "source_type": "agent_generated_design",
        "confidence": "medium",
        "geometry_role": "design_proposal",
        "building_type": "ai_r_and_d",
        "name_zh": "众智园AI研发建筑",
        "area_sqm_declared": 5333.396
      },
      "geometry": {
        "type": "Polygon",
        "coordinates": [
          [
            [
              116.34752499999999,
              40.00948611111111
            ],
            [
              116.348075,
              40.00948611111111
            ],
            [
              116.348075,
              40.01051388888889
            ],
            [
              116.34752499999999,
              40.01051388888889
            ],
            [
              116.34752499999999,
              40.00948611111111
            ]
          ]
        ]
      }
    },
    {
      "type": "Feature",
      "id": "BLDG-0035",
      "properties": {
        "id": "BLDG-0035",
        "layer": "BUILDING_FOOTPRINT",
        "source_type": "agent_generated_design",
        "confidence": "medium",
        "geometry_role": "design_proposal",
        "building_type": "ai_r_and_d",
        "name_zh": "众智园AI研发建筑",
        "area_sqm_declared": 5333.396
      },
      "geometry": {
        "type": "Polygon",
        "coordinates": [
          [
            [
              116.34672499999999,
              40.00868611111111
            ],
            [
              116.347275,
              40.00868611111111
            ],
            [
              116.347275,
              40.00971388888889
            ],
            [
              116.34672499999999,
              40.00971388888889
            ],
            [
              116.34672499999999,
              40.00868611111111
            ]
          ]
        ]
      }
    },
    {
      "type": "Feature",
      "id": "BLDG-0036",
      "properties": {
        "id": "BLDG-0036",
        "layer": "BUILDING_FOOTPRINT",
        "source_type": "agent_generated_design",
        "confidence": "medium",
        "geometry_role": "design_proposal",
        "building_type": "ai_r_and_d",
        "name_zh": "众智园AI研发建筑",
        "area_sqm_declared": 5333.396
      },
      "geometry": {
        "type": "Polygon",
        "coordinates": [
          [
            [
              116.345925,
              40.00948611111111
            ],
            [
              116.346475,
              40.00948611111111
            ],
            [
              116.346475,
              40.01051388888889
            ],
            [
              116.345925,
              40.01051388888889
            ],
            [
              116.345925,
              40.00948611111111
            ]
          ]
        ]
      }
    },
    {
      "type": "Feature",
      "id": "BLDG-0037",
      "properties": {
        "id": "BLDG-0037",
        "layer": "BUILDING_FOOTPRINT",
        "source_type": "agent_generated_design",
        "confidence": "medium",
        "geometry_role": "design_proposal",
        "building_type": "ai_r_and_d",
        "name_zh": "众智园AI研发建筑",
        "area_sqm_declared": 5333.396
      },
      "geometry": {
        "type": "Polygon",
        "coordinates": [
          [
            [
              116.34712499999999,
              40.00988611111111
            ],
            [
              116.347675,
              40.00988611111111
            ],
            [
              116.347675,
              40.010913888888886
            ],
            [
              116.34712499999999,
              40.010913888888886
            ],
            [
              116.34712499999999,
              40.00988611111111
            ]
          ]
        ]
      }
    },
    {
      "type": "Feature",
      "id": "BLDG-0038",
      "properties": {
        "id": "BLDG-0038",
        "layer": "BUILDING_FOOTPRINT",
        "source_type": "agent_generated_design",
        "confidence": "medium",
        "geometry_role": "design_proposal",
        "building_type": "ai_r_and_d",
        "name_zh": "众智园AI研发建筑",
        "area_sqm_declared": 5333.396
      },
      "geometry": {
        "type": "Polygon",
        "coordinates": [
          [
            [
              116.346325,
              40.00988611111111
            ],
            [
              116.346875,
              40.00988611111111
            ],
            [
              116.346875,
              40.010913888888886
            ],
            [
              116.346325,
              40.010913888888886
            ],
            [
              116.346325,
              40.00988611111111
            ]
          ]
        ]
      }
    },
    {
      "type": "Feature",
      "id": "BLDG-0039",
      "properties": {
        "id": "BLDG-0039",
        "layer": "BUILDING_FOOTPRINT",
        "source_type": "agent_generated_design",
        "confidence": "medium",
        "geometry_role": "design_proposal",
        "building_type": "ai_r_and_d",
        "name_zh": "众智园AI研发建筑",
        "area_sqm_declared": 5333.396
      },
      "geometry": {
        "type": "Polygon",
        "coordinates": [
          [
            [
              116.34712499999999,
              40.00908611111111
            ],
            [
              116.347675,
              40.00908611111111
            ],
            [
              116.347675,
              40.01011388888889
            ],
            [
              116.34712499999999,
              40.01011388888889
            ],
            [
              116.34712499999999,
              40.00908611111111
            ]
          ]
        ]
      }
    },
    {
      "type": "Feature",
      "id": "BLDG-0040",
      "properties": {
        "id": "BLDG-0040",
        "layer": "BUILDING_FOOTPRINT",
        "source_type": "agent_generated_design",
        "confidence": "medium",
        "geometry_role": "design_proposal",
        "building_type": "ai_r_and_d",
        "name_zh": "众智园AI研发建筑",
        "area_sqm_declared": 5333.396
      },
      "geometry": {
        "type": "Polygon",
        "coordinates": [
          [
            [
              116.346325,
              40.00908611111111
            ],
            [
              116.346875,
              40.00908611111111
            ],
            [
              116.346875,
              40.01011388888889
            ],
            [
              116.346325,
              40.01011388888889
            ],
            [
              116.346325,
              40.00908611111111
            ]
          ]
        ]
      }
    },
    {
      "type": "Feature",
      "id": "BLDG-0041",
      "properties": {
        "id": "BLDG-0041",
        "layer": "BUILDING_FOOTPRINT",
        "source_type": "agent_generated_design",
        "confidence": "medium",
        "geometry_role": "design_proposal",
        "building_type": "ai_r_and_d",
        "name_zh": "众智园AI研发建筑",
        "area_sqm_declared": 5333.396
      },
      "geometry": {
        "type": "Polygon",
        "coordinates": [
          [
            [
              116.350725,
              40.01028611111111
            ],
            [
              116.351275,
              40.01028611111111
            ],
            [
              116.351275,
              40.011313888888886
            ],
            [
              116.350725,
              40.011313888888886
            ],
            [
              116.350725,
              40.01028611111111
            ]
          ]
        ]
      }
    },
    {
      "type": "Feature",
      "id": "BLDG-0042",
      "properties": {
        "id": "BLDG-0042",
        "layer": "BUILDING_FOOTPRINT",
        "source_type": "agent_generated_design",
        "confidence": "medium",
        "geometry_role": "design_proposal",
        "building_type": "ai_r_and_d",
        "name_zh": "众智园AI研发建筑",
        "area_sqm_declared": 5333.396
      },
      "geometry": {
        "type": "Polygon",
        "coordinates": [
          [
            [
              116.351525,
              40.00948611111111
            ],
            [
              116.352075,
              40.00948611111111
            ],
            [
              116.352075,
              40.01051388888889
            ],
            [
              116.351525,
              40.01051388888889
            ],
            [
              116.351525,
              40.00948611111111
            ]
          ]
        ]
      }
    },
    {
      "type": "Feature",
      "id": "BLDG-0043",
      "properties": {
        "id": "BLDG-0043",
        "layer": "BUILDING_FOOTPRINT",
        "source_type": "agent_generated_design",
        "confidence": "medium",
        "geometry_role": "design_proposal",
        "building_type": "ai_r_and_d",
        "name_zh": "众智园AI研发建筑",
        "area_sqm_declared": 5333.396
      },
      "geometry": {
        "type": "Polygon",
        "coordinates": [
          [
            [
              116.350725,
              40.00868611111111
            ],
            [
              116.351275,
              40.00868611111111
            ],
            [
              116.351275,
              40.00971388888889
            ],
            [
              116.350725,
              40.00971388888889
            ],
            [
              116.350725,
              40.00868611111111
            ]
          ]
        ]
      }
    },
    {
      "type": "Feature",
      "id": "BLDG-0044",
      "properties": {
        "id": "BLDG-0044",
        "layer": "BUILDING_FOOTPRINT",
        "source_type": "agent_generated_design",
        "confidence": "medium",
        "geometry_role": "design_proposal",
        "building_type": "ai_r_and_d",
        "name_zh": "众智园AI研发建筑",
        "area_sqm_declared": 5333.396
      },
      "geometry": {
        "type": "Polygon",
        "coordinates": [
          [
            [
              116.349925,
              40.00948611111111
            ],
            [
              116.350475,
              40.00948611111111
            ],
            [
              116.350475,
              40.01051388888889
            ],
            [
              116.349925,
              40.01051388888889
            ],
            [
              116.349925,
              40.00948611111111
            ]
          ]
        ]
      }
    },
    {
      "type": "Feature",
      "id": "BLDG-0045",
      "properties": {
        "id": "BLDG-0045",
        "layer": "BUILDING_FOOTPRINT",
        "source_type": "agent_generated_design",
        "confidence": "medium",
        "geometry_role": "design_proposal",
        "building_type": "ai_r_and_d",
        "name_zh": "众智园AI研发建筑",
        "area_sqm_declared": 5333.396
      },
      "geometry": {
        "type": "Polygon",
        "coordinates": [
          [
            [
              116.351125,
              40.00988611111111
            ],
            [
              116.351675,
              40.00988611111111
            ],
            [
              116.351675,
              40.010913888888886
            ],
            [
              116.351125,
              40.010913888888886
            ],
            [
              116.351125,
              40.00988611111111
            ]
          ]
        ]
      }
    },
    {
      "type": "Feature",
      "id": "BLDG-0046",
      "properties": {
        "id": "BLDG-0046",
        "layer": "BUILDING_FOOTPRINT",
        "source_type": "agent_generated_design",
        "confidence": "medium",
        "geometry_role": "design_proposal",
        "building_type": "ai_r_and_d",
        "name_zh": "众智园AI研发建筑",
        "area_sqm_declared": 5333.396
      },
      "geometry": {
        "type": "Polygon",
        "coordinates": [
          [
            [
              116.350325,
              40.00988611111111
            ],
            [
              116.350875,
              40.00988611111111
            ],
            [
              116.350875,
              40.010913888888886
            ],
            [
              116.350325,
              40.010913888888886
            ],
            [
              116.350325,
              40.00988611111111
            ]
          ]
        ]
      }
    },
    {
      "type": "Feature",
      "id": "BLDG-0047",
      "properties": {
        "id": "BLDG-0047",
        "layer": "BUILDING_FOOTPRINT",
        "source_type": "agent_generated_design",
        "confidence": "medium",
        "geometry_role": "design_proposal",
        "building_type": "ai_r_and_d",
        "name_zh": "众智园AI研发建筑",
        "area_sqm_declared": 5333.396
      },
      "geometry": {
        "type": "Polygon",
        "coordinates": [
          [
            [
              116.351125,
              40.00908611111111
            ],
            [
              116.351675,
              40.00908611111111
            ],
            [
              116.351675,
              40.01011388888889
            ],
            [
              116.351125,
              40.01011388888889
            ],
            [
              116.351125,
              40.00908611111111
            ]
          ]
        ]
      }
    },
    {
      "type": "Feature",
      "id": "BLDG-0048",
      "properties": {
        "id": "BLDG-0048",
        "layer": "BUILDING_FOOTPRINT",
        "source_type": "agent_generated_design",
        "confidence": "medium",
        "geometry_role": "design_proposal",
        "building_type": "ai_r_and_d",
        "name_zh": "众智园AI研发建筑",
        "area_sqm_declared": 5333.396
      },
      "geometry": {
        "type": "Polygon",
        "coordinates": [
          [
            [
              116.350325,
              40.00908611111111
            ],
            [
              116.350875,
              40.00908611111111
            ],
            [
              116.350875,
              40.01011388888889
            ],
            [
              116.350325,
              40.01011388888889
            ],
            [
              116.350325,
              40.00908611111111
            ]
          ]
        ]
      }
    },
    {
      "type": "Feature",
      "id": "BLDG-0052",
      "properties": {
        "id": "BLDG-0052",
        "layer": "BUILDING_FOOTPRINT",
        "source_type": "agent_generated_design",
        "confidence": "medium",
        "geometry_role": "design_proposal",
        "building_type": "ai_r_and_d",
        "name_zh": "AI原点创新建筑",
        "area_sqm_declared": 6177.679
      },
      "geometry": {
        "type": "Polygon",
        "coordinates": [
          [
            [
              116.34260714285715,
              40.00038333333333
            ],
            [
              116.34339285714286,
              40.00038333333333
            ],
            [
              116.34339285714286,
              40.001216666666664
            ],
            [
              116.34260714285715,
              40.001216666666664
            ],
            [
              116.34260714285715,
              40.00038333333333
            ]
          ]
        ]
      }
    },
    {
      "type": "Feature",
      "id": "BLDG-0056",
      "properties": {
        "id": "BLDG-0056",
        "layer": "BUILDING_FOOTPRINT",
        "source_type": "agent_generated_design",
        "confidence": "medium",
        "geometry_role": "design_proposal",
        "building_type": "ai_r_and_d",
        "name_zh": "AI原点创新建筑",
        "area_sqm_declared": 6177.679
      },
      "geometry": {
        "type": "Polygon",
        "coordinates": [
          [
            [
              116.34340714285715,
              39.999583333333334
            ],
            [
              116.34419285714286,
              39.999583333333334
            ],
            [
              116.34419285714286,
              40.000416666666666
            ],
            [
              116.34340714285715,
              40.000416666666666
            ],
            [
              116.34340714285715,
              39.999583333333334
            ]
          ]
        ]
      }
    },
    {
      "type": "Feature",
      "id": "BLDG-0060",
      "properties": {
        "id": "BLDG-0060",
        "layer": "BUILDING_FOOTPRINT",
        "source_type": "agent_generated_design",
        "confidence": "medium",
        "geometry_role": "design_proposal",
        "building_type": "ai_r_and_d",
        "name_zh": "AI原点创新建筑",
        "area_sqm_declared": 6177.679
      },
      "geometry": {
        "type": "Polygon",
        "coordinates": [
          [
            [
              116.34260714285715,
              39.998783333333336
            ],
            [
              116.34339285714286,
              39.998783333333336
            ],
            [
              116.34339285714286,
              39.99961666666667
            ],
            [
              116.34260714285715,
              39.99961666666667
            ],
            [
              116.34260714285715,
              39.998783333333336
            ]
          ]
        ]
      }
    },
    {
      "type": "Feature",
      "id": "BLDG-0064",
      "properties": {
        "id": "BLDG-0064",
        "layer": "BUILDING_FOOTPRINT",
        "source_type": "agent_generated_design",
        "confidence": "medium",
        "geometry_role": "design_proposal",
        "building_type": "ai_r_and_d",
        "name_zh": "AI原点创新建筑",
        "area_sqm_declared": 6177.679
      },
      "geometry": {
        "type": "Polygon",
        "coordinates": [
          [
            [
              116.34180714285715,
              39.999583333333334
            ],
            [
              116.34259285714286,
              39.999583333333334
            ],
            [
              116.34259285714286,
              40.000416666666666
            ],
            [
              116.34180714285715,
              40.000416666666666
            ],
            [
              116.34180714285715,
              39.999583333333334
            ]
          ]
        ]
      }
    },
    {
      "type": "Feature",
      "id": "BLDG-0068",
      "properties": {
        "id": "BLDG-0068",
        "layer": "BUILDING_FOOTPRINT",
        "source_type": "agent_generated_design",
        "confidence": "medium",
        "geometry_role": "design_proposal",
        "building_type": "ai_r_and_d",
        "name_zh": "AI原点创新建筑",
        "area_sqm_declared": 6177.679
      },
      "geometry": {
        "type": "Polygon",
        "coordinates": [
          [
            [
              116.34300714285715,
              39.99998333333333
            ],
            [
              116.34379285714286,
              39.99998333333333
            ],
            [
              116.34379285714286,
              40.000816666666665
            ],
            [
              116.34300714285715,
              40.000816666666665
            ],
            [
              116.34300714285715,
              39.99998333333333
            ]
          ]
        ]
      }
    },
    {
      "type": "Feature",
      "id": "BLDG-0072",
      "properties": {
        "id": "BLDG-0072",
        "layer": "BUILDING_FOOTPRINT",
        "source_type": "agent_generated_design",
        "confidence": "medium",
        "geometry_role": "design_proposal",
        "building_type": "ai_r_and_d",
        "name_zh": "AI原点创新建筑",
        "area_sqm_declared": 6177.679
      },
      "geometry": {
        "type": "Polygon",
        "coordinates": [
          [
            [
              116.34220714285715,
              39.99998333333333
            ],
            [
              116.34299285714286,
              39.99998333333333
            ],
            [
              116.34299285714286,
              40.000816666666665
            ],
            [
              116.34220714285715,
              40.000816666666665
            ],
            [
              116.34220714285715,
              39.99998333333333
            ]
          ]
        ]
      }
    },
    {
      "type": "Feature",
      "id": "BLDG-0108",
      "properties": {
        "id": "BLDG-0108",
        "layer": "BUILDING_FOOTPRINT",
        "source_type": "agent_generated_design",
        "confidence": "medium",
        "geometry_role": "design_proposal",
        "building_type": "retail",
        "name_zh": "商业服务建筑",
        "area_sqm_declared": 4528.8
      },
      "geometry": {
        "type": "Polygon",
        "coordinates": [
          [
            [
              116.343,
              39.999300000000005
            ],
            [
              116.3438,
              39.999300000000005
            ],
            [
              116.3438,
              39.9999
            ],
            [
              116.343,
              39.9999
            ],
            [
              116.343,
              39.999300000000005
            ]
          ]
        ]
      }
    },
    {
      "type": "Feature",
      "id": "BLDG-0109",
      "properties": {
        "id": "BLDG-0109",
        "layer": "BUILDING_FOOTPRINT",
        "source_type": "agent_generated_design",
        "confidence": "medium",
        "geometry_role": "design_proposal",
        "building_type": "retail",
        "name_zh": "商业服务建筑",
        "area_sqm_declared": 4528.8
      },
      "geometry": {
        "type": "Polygon",
        "coordinates": [
          [
            [
              116.3422,
              39.999300000000005
            ],
            [
              116.343,
              39.999300000000005
            ],
            [
              116.343,
              39.9999
            ],
            [
              116.3422,
              39.9999
            ],
            [
              116.3422,
              39.999300000000005
            ]
          ]
        ]
      }
    },
    {
      "type": "Feature",
      "id": "BLDG-0110",
      "properties": {
        "id": "BLDG-0110",
        "layer": "BUILDING_FOOTPRINT",
        "source_type": "agent_generated_design",
        "confidence": "medium",
        "geometry_role": "design_proposal",
        "building_type": "retail",
        "name_zh": "商业服务建筑",
        "area_sqm_declared": 2427.251
      },
      "geometry": {
        "type": "Polygon",
        "coordinates": [
          [
            [
              116.34678561643835,
              40.0005
            ],
            [
              116.34721438356164,
              40.0005
            ],
            [
              116.34721438356164,
              40.001099999999994
            ],
            [
              116.34678561643835,
              40.001099999999994
            ],
            [
              116.34678561643835,
              40.0005
            ]
          ]
        ]
      }
    },
    {
      "type": "Feature",
      "id": "BLDG-0111",
      "properties": {
        "id": "BLDG-0111",
        "layer": "BUILDING_FOOTPRINT",
        "source_type": "agent_generated_design",
        "confidence": "medium",
        "geometry_role": "design_proposal",
        "building_type": "retail",
        "name_zh": "商业服务建筑",
        "area_sqm_declared": 4528.8
      },
      "geometry": {
        "type": "Polygon",
        "coordinates": [
          [
            [
              116.3474,
              39.999700000000004
            ],
            [
              116.34819999999999,
              39.999700000000004
            ],
            [
              116.34819999999999,
              40.000299999999996
            ],
            [
              116.3474,
              40.000299999999996
            ],
            [
              116.3474,
              39.999700000000004
            ]
          ]
        ]
      }
    },
    {
      "type": "Feature",
      "id": "BLDG-0127",
      "properties": {
        "id": "BLDG-0127",
        "layer": "BUILDING_FOOTPRINT",
        "source_type": "agent_generated_design",
        "confidence": "medium",
        "geometry_role": "design_proposal",
        "building_type": "cultural",
        "name_zh": "走廊文化公共建筑",
        "area_sqm_declared": 2830.5
      },
      "geometry": {
        "type": "Polygon",
        "coordinates": [
          [
            [
              116.3467,
              39.99895
            ],
            [
              116.34729999999999,
              39.99895
            ],
            [
              116.34729999999999,
              39.99945
            ],
            [
              116.3467,
              39.99945
            ],
            [
              116.3467,
              39.99895
            ]
          ]
        ]
      }
    },
    {
      "type": "Feature",
      "id": "BLDG-0128",
      "properties": {
        "id": "BLDG-0128",
        "layer": "BUILDING_FOOTPRINT",
        "source_type": "agent_generated_design",
        "confidence": "medium",
        "geometry_role": "design_proposal",
        "building_type": "cultural",
        "name_zh": "走廊文化公共建筑",
        "area_sqm_declared": 2830.5
      },
      "geometry": {
        "type": "Polygon",
        "coordinates": [
          [
            [
              116.3459,
              39.99975
            ],
            [
              116.34649999999999,
              39.99975
            ],
            [
              116.34649999999999,
              40.00025
            ],
            [
              116.3459,
              40.00025
            ],
            [
              116.3459,
              39.99975
            ]
          ]
        ]
      }
    },
    {
      "type": "Feature",
      "id": "BLDG-0129",
      "properties": {
        "id": "BLDG-0129",
        "layer": "BUILDING_FOOTPRINT",
        "source_type": "agent_generated_design",
        "confidence": "medium",
        "geometry_role": "design_proposal",
        "building_type": "cultural",
        "name_zh": "走廊文化公共建筑",
        "area_sqm_declared": 2830.5
      },
      "geometry": {
        "type": "Polygon",
        "coordinates": [
          [
            [
              116.34709999999998,
              40.00015
            ],
            [
              116.3477,
              40.00015
            ],
            [
              116.3477,
              40.00065
            ],
            [
              116.34709999999998,
              40.00065
            ],
            [
              116.34709999999998,
              40.00015
            ]
          ]
        ]
      }
    }
  ]
}