{
 "type": "FeatureCollection",
 "name": "buildings",
 "features": [
  {
   "type": "Feature",
   "id": "bldg_000",
   "properties": {
    "id": "bldg_000",
    "layer": "BUILDING_FOOTPRINT",
    "building_type": "incubator",
    "height_m": 24.4,
    "floors": 22,
    "name_zh": "建筑足迹 000",
    "source_type": "agent_generated_design",
    "confidence": "high",
    "geometry_role": "design_proposal",
    "official_boundary": false,
    "area_sqm_declared": 3538.8
   },
   "geometry": {
    "type": "Polygon",
    "coordinates": [
     [
      [
       116.34522158136606,
       40.01149499680622
      ],
      [
       116.34521798844023,
       40.01187098702516
      ],
      [
       116.34621067133445,
       40.01187659157967
      ],
      [
       116.34621425881416,
       40.01150060128652
      ],
      [
       116.34522158136606,
       40.01149499680622
      ]
     ]
    ]
   }
  },
  {
   "type": "Feature",
   "id": "bldg_001",
   "properties": {
    "id": "bldg_001",
    "layer": "BUILDING_FOOTPRINT",
    "building_type": "incubator",
    "height_m": 55.3,
    "floors": 22,
    "name_zh": "建筑足迹 001",
    "source_type": "agent_generated_design",
    "confidence": "high",
    "geometry_role": "design_proposal",
    "official_boundary": false,
    "area_sqm_declared": 3204.5
   },
   "geometry": {
    "type": "Polygon",
    "coordinates": [
     [
      [
       116.34211546916052,
       40.01133649575621
      ],
      [
       116.34210945687002,
       40.0119626949083
      ],
      [
       116.34264919968523,
       40.01196575775956
      ],
      [
       116.34265520704402,
       40.01133955853993
      ],
      [
       116.34211546916052,
       40.01133649575621
      ]
     ]
    ]
   }
  },
  {
   "type": "Feature",
   "id": "bldg_002",
   "properties": {
    "id": "bldg_002",
    "layer": "BUILDING_FOOTPRINT",
    "building_type": "ai_r_and_d",
    "height_m": 71.7,
    "floors": 17,
    "name_zh": "建筑足迹 002",
    "source_type": "agent_generated_design",
    "confidence": "high",
    "geometry_role": "design_proposal",
    "official_boundary": false,
    "area_sqm_declared": 2417.6
   },
   "geometry": {
    "type": "Polygon",
    "coordinates": [
     [
      [
       116.34557106317429,
       40.008783171148174
      ],
      [
       116.34556625107878,
       40.00928706018015
      ],
      [
       116.34607226803321,
       40.0092899165813
      ],
      [
       116.34607707640863,
       40.008786027498665
      ],
      [
       116.34557106317429,
       40.008783171148174
      ]
     ]
    ]
   }
  },
  {
   "type": "Feature",
   "id": "bldg_003",
   "properties": {
    "id": "bldg_003",
    "layer": "BUILDING_FOOTPRINT",
    "building_type": "incubator",
    "height_m": 57.4,
    "floors": 22,
    "name_zh": "建筑足迹 003",
    "source_type": "agent_generated_design",
    "confidence": "high",
    "geometry_role": "design_proposal",
    "official_boundary": false,
    "area_sqm_declared": 3208.2
   },
   "geometry": {
    "type": "Polygon",
    "coordinates": [
     [
      [
       116.35389735569314,
       40.01945322304097
      ],
      [
       116.3538923706615,
       40.019981747392244
      ],
      [
       116.3545326737949,
       40.01998531567374
      ],
      [
       116.35453765388718,
       40.01945679125607
      ],
      [
       116.35389735569314,
       40.01945322304097
      ]
     ]
    ]
   }
  },
  {
   "type": "Feature",
   "id": "bldg_004",
   "properties": {
    "id": "bldg_004",
    "layer": "BUILDING_FOOTPRINT",
    "building_type": "lab",
    "height_m": 22.1,
    "floors": 23,
    "name_zh": "建筑足迹 004",
    "source_type": "agent_generated_design",
    "confidence": "high",
    "geometry_role": "design_proposal",
    "official_boundary": false,
    "area_sqm_declared": 5285.1
   },
   "geometry": {
    "type": "Polygon",
    "coordinates": [
     [
      [
       116.34211003052054,
       40.01317566094895
      ],
      [
       116.34210518526498,
       40.01368027406944
      ],
      [
       116.34320986196366,
       40.013686540135254
      ],
      [
       116.3432146990849,
       40.013181926903435
      ],
      [
       116.34211003052054,
       40.01317566094895
      ]
     ]
    ]
   }
  },
  {
   "type": "Feature",
   "id": "bldg_005",
   "properties": {
    "id": "bldg_005",
    "layer": "BUILDING_FOOTPRINT",
    "building_type": "lab",
    "height_m": 40.4,
    "floors": 9,
    "name_zh": "建筑足迹 005",
    "source_type": "agent_generated_design",
    "confidence": "high",
    "geometry_role": "design_proposal",
    "official_boundary": false,
    "area_sqm_declared": 4630.2
   },
   "geometry": {
    "type": "Polygon",
    "coordinates": [
     [
      [
       116.34907904926578,
       40.02409930032
      ],
      [
       116.3490740516144,
       40.024625153273355
      ],
      [
       116.35000291410572,
       40.024630367252485
      ],
      [
       116.35000790462674,
       40.0241045142026
      ],
      [
       116.34907904926578,
       40.02409930032
      ]
     ]
    ]
   }
  },
  {
   "type": "Feature",
   "id": "bldg_006",
   "properties": {
    "id": "bldg_006",
    "layer": "BUILDING_FOOTPRINT",
    "building_type": "incubator",
    "height_m": 27.9,
    "floors": 18,
    "name_zh": "建筑足迹 006",
    "source_type": "agent_generated_design",
    "confidence": "high",
    "geometry_role": "design_proposal",
    "official_boundary": false,
    "area_sqm_declared": 3508.2
   },
   "geometry": {
    "type": "Polygon",
    "coordinates": [
     [
      [
       116.34234663950161,
       40.00933340718844
      ],
      [
       116.34234263238965,
       40.009750939267825
      ],
      [
       116.34322879237192,
       40.009755964740336
      ],
      [
       116.34323279408547,
       40.009338432587064
      ],
      [
       116.34234663950161,
       40.00933340718844
      ]
     ]
    ]
   }
  },
  {
   "type": "Feature",
   "id": "bldg_007",
   "properties": {
    "id": "bldg_007",
    "layer": "BUILDING_FOOTPRINT",
    "building_type": "incubator",
    "height_m": 74.6,
    "floors": 14,
    "name_zh": "建筑足迹 007",
    "source_type": "agent_generated_design",
    "confidence": "high",
    "geometry_role": "design_proposal",
    "official_boundary": false,
    "area_sqm_declared": 8183.4
   },
   "geometry": {
    "type": "Polygon",
    "coordinates": [
     [
      [
       116.35393173049067,
       40.02136621248499
      ],
      [
       116.35392405359363,
       40.022180116625776
      ],
      [
       116.35498466851045,
       40.02218602508541
      ],
      [
       116.35499233280707,
       40.02137212077531
      ],
      [
       116.35393173049067,
       40.02136621248499
      ]
     ]
    ]
   }
  },
  {
   "type": "Feature",
   "id": "bldg_008",
   "properties": {
    "id": "bldg_008",
    "layer": "BUILDING_FOOTPRINT",
    "building_type": "incubator",
    "height_m": 38.1,
    "floors": 5,
    "name_zh": "建筑足迹 008",
    "source_type": "agent_generated_design",
    "confidence": "high",
    "geometry_role": "design_proposal",
    "official_boundary": false,
    "area_sqm_declared": 5476.9
   },
   "geometry": {
    "type": "Polygon",
    "coordinates": [
     [
      [
       116.35370365281149,
       40.0241117724637
      ],
      [
       116.35369458151777,
       40.02507307362463
      ],
      [
       116.35429560767433,
       40.02507642425371
      ],
      [
       116.35430467053371,
       40.024115122979374
      ],
      [
       116.35370365281149,
       40.0241117724637
      ]
     ]
    ]
   }
  },
  {
   "type": "Feature",
   "id": "bldg_009",
   "properties": {
    "id": "bldg_009",
    "layer": "BUILDING_FOOTPRINT",
    "building_type": "ai_r_and_d",
    "height_m": 21.6,
    "floors": 23,
    "name_zh": "建筑足迹 009",
    "source_type": "agent_generated_design",
    "confidence": "high",
    "geometry_role": "design_proposal",
    "official_boundary": false,
    "area_sqm_declared": 2835.1
   },
   "geometry": {
    "type": "Polygon",
    "coordinates": [
     [
      [
       116.35458532025585,
       40.02237641398682
      ],
      [
       116.35457976973899,
       40.02296545756743
      ],
      [
       116.35510640476313,
       40.02296838958595
      ],
      [
       116.35507410483879,
       40.02237913532137
      ],
      [
       116.35458532025585,
       40.02237641398682
      ]
     ]
    ]
   }
  },
  {
   "type": "Feature",
   "id": "bldg_010",
   "properties": {
    "id": "bldg_010",
    "layer": "BUILDING_FOOTPRINT",
    "building_type": "ai_r_and_d",
    "height_m": 75.6,
    "floors": 11,
    "name_zh": "建筑足迹 010",
    "source_type": "agent_generated_design",
    "confidence": "high",
    "geometry_role": "design_proposal",
    "official_boundary": false,
    "area_sqm_declared": 4595.7
   },
   "geometry": {
    "type": "Polygon",
    "coordinates": [
     [
      [
       116.35285360024066,
       40.01524266937755
      ],
      [
       116.35284861934005,
       40.015769982900515
      ],
      [
       116.35376788107095,
       40.015775112806544
      ],
      [
       116.35377285489751,
       40.01524779918833
      ],
      [
       116.35285360024066,
       40.01524266937755
      ]
     ]
    ]
   }
  },
  {
   "type": "Feature",
   "id": "bldg_011",
   "properties": {
    "id": "bldg_011",
    "layer": "BUILDING_FOOTPRINT",
    "building_type": "incubator",
    "height_m": 57.1,
    "floors": 12,
    "name_zh": "建筑足迹 011",
    "source_type": "agent_generated_design",
    "confidence": "high",
    "geometry_role": "design_proposal",
    "official_boundary": false,
    "area_sqm_declared": 3267.0
   },
   "geometry": {
    "type": "Polygon",
    "coordinates": [
     [
      [
       116.3495472225382,
       40.00744475624841
      ],
      [
       116.34954048916715,
       40.00815416835163
      ],
      [
       116.35002617581405,
       40.00815689335751
      ],
      [
       116.35003290415828,
       40.007447481186226
      ],
      [
       116.3495472225382,
       40.00744475624841
      ]
     ]
    ]
   }
  },
  {
   "type": "Feature",
   "id": "bldg_012",
   "properties": {
    "id": "bldg_012",
    "layer": "BUILDING_FOOTPRINT",
    "building_type": "incubator",
    "height_m": 24.1,
    "floors": 17,
    "name_zh": "建筑足迹 012",
    "source_type": "agent_generated_design",
    "confidence": "high",
    "geometry_role": "design_proposal",
    "official_boundary": false,
    "area_sqm_declared": 6687.2
   },
   "geometry": {
    "type": "Polygon",
    "coordinates": [
     [
      [
       116.34314333641248,
       40.02015306041074
      ],
      [
       116.34315201221212,
       40.01924828313512
      ],
      [
       116.3423464280247,
       40.01924371409847
      ],
      [
       116.34239012937306,
       40.020148788532474
      ],
      [
       116.34314333641248,
       40.02015306041074
      ]
     ]
    ]
   }
  },
  {
   "type": "Feature",
   "id": "bldg_013",
   "properties": {
    "id": "bldg_013",
    "layer": "BUILDING_FOOTPRINT",
    "building_type": "ai_r_and_d",
    "height_m": 79.1,
    "floors": 13,
    "name_zh": "建筑足迹 013",
    "source_type": "agent_generated_design",
    "confidence": "high",
    "geometry_role": "design_proposal",
    "official_boundary": false,
    "area_sqm_declared": 7408.2
   },
   "geometry": {
    "type": "Polygon",
    "coordinates": [
     [
      [
       116.3533345979508,
       40.010349230577916
      ],
      [
       116.3533260544879,
       40.011254523996705
      ],
      [
       116.35418914344366,
       40.011259336954794
      ],
      [
       116.35419767550589,
       40.0103540433826
      ],
      [
       116.3533345979508,
       40.010349230577916
      ]
     ]
    ]
   }
  },
  {
   "type": "Feature",
   "id": "bldg_014",
   "properties": {
    "id": "bldg_014",
    "layer": "BUILDING_FOOTPRINT",
    "building_type": "ai_r_and_d",
    "height_m": 64.4,
    "floors": 6,
    "name_zh": "建筑足迹 014",
    "source_type": "agent_generated_design",
    "confidence": "high",
    "geometry_role": "design_proposal",
    "official_boundary": false,
    "area_sqm_declared": 2692.4
   },
   "geometry": {
    "type": "Polygon",
    "coordinates": [
     [
      [
       116.34301484022332,
       40.02155226840508
      ],
      [
       116.34301961152033,
       40.021054809025806
      ],
      [
       116.34243416835719,
       40.021051488415424
      ],
      [
       116.34245844580745,
       40.021549112595416
      ],
      [
       116.34301484022332,
       40.02155226840508
      ]
     ]
    ]
   }
  },
  {
   "type": "Feature",
   "id": "bldg_015",
   "properties": {
    "id": "bldg_015",
    "layer": "BUILDING_FOOTPRINT",
    "building_type": "ai_r_and_d",
    "height_m": 77.6,
    "floors": 7,
    "name_zh": "建筑足迹 015",
    "source_type": "agent_generated_design",
    "confidence": "high",
    "geometry_role": "design_proposal",
    "official_boundary": false,
    "area_sqm_declared": 3192.6
   },
   "geometry": {
    "type": "Polygon",
    "coordinates": [
     [
      [
       116.35381290135932,
       40.01719647432266
      ],
      [
       116.35380666848899,
       40.01785726181401
      ],
      [
       116.35431628982418,
       40.01786010245993
      ],
      [
       116.3543225177798,
       40.017199314902484
      ],
      [
       116.35381290135932,
       40.01719647432266
      ]
     ]
    ]
   }
  },
  {
   "type": "Feature",
   "id": "bldg_016",
   "properties": {
    "id": "bldg_016",
    "layer": "BUILDING_FOOTPRINT",
    "building_type": "incubator",
    "height_m": 30.0,
    "floors": 15,
    "name_zh": "建筑足迹 016",
    "source_type": "agent_generated_design",
    "confidence": "high",
    "geometry_role": "design_proposal",
    "official_boundary": false,
    "area_sqm_declared": 6282.4
   },
   "geometry": {
    "type": "Polygon",
    "coordinates": [
     [
      [
       116.35301845679344,
       40.01142157326228
      ],
      [
       116.35301017141497,
       40.01229905732228
      ],
      [
       116.35376530239415,
       40.01230327069665
      ],
      [
       116.35377357810403,
       40.01142578650648
      ],
      [
       116.35301845679344,
       40.01142157326228
      ]
     ]
    ]
   }
  },
  {
   "type": "Feature",
   "id": "bldg_017",
   "properties": {
    "id": "bldg_017",
    "layer": "BUILDING_FOOTPRINT",
    "building_type": "ai_r_and_d",
    "height_m": 25.2,
    "floors": 13,
    "name_zh": "建筑足迹 017",
    "source_type": "agent_generated_design",
    "confidence": "high",
    "geometry_role": "design_proposal",
    "official_boundary": false,
    "area_sqm_declared": 6625.1
   },
   "geometry": {
    "type": "Polygon",
    "coordinates": [
     [
      [
       116.35253031353874,
       40.0134341883527
      ],
      [
       116.35252286140997,
       40.01422277523384
      ],
      [
       116.35340898213231,
       40.014227722769455
      ],
      [
       116.35341642406405,
       40.01343913575094
      ],
      [
       116.35253031353874,
       40.0134341883527
      ]
     ]
    ]
   }
  },
  {
   "type": "Feature",
   "id": "bldg_018",
   "properties": {
    "id": "bldg_018",
    "layer": "BUILDING_FOOTPRINT",
    "building_type": "lab",
    "height_m": 45.4,
    "floors": 11,
    "name_zh": "建筑足迹 018",
    "source_type": "agent_generated_design",
    "confidence": "high",
    "geometry_role": "design_proposal",
    "official_boundary": false,
    "area_sqm_declared": 4211.4
   },
   "geometry": {
    "type": "Polygon",
    "coordinates": [
     [
      [
       116.34919456106103,
       40.019484390444035
      ],
      [
       116.34918856403515,
       40.020115611501424
      ],
      [
       116.349892335028,
       40.020119561856525
      ],
      [
       116.34989832556997,
       40.01948834071134
      ],
      [
       116.34919456106103,
       40.019484390444035
      ]
     ]
    ]
   }
  },
  {
   "type": "Feature",
   "id": "bldg_019",
   "properties": {
    "id": "bldg_019",
    "layer": "BUILDING_FOOTPRINT",
    "building_type": "ai_r_and_d",
    "height_m": 66.3,
    "floors": 12,
    "name_zh": "建筑足迹 019",
    "source_type": "agent_generated_design",
    "confidence": "high",
    "geometry_role": "design_proposal",
    "official_boundary": false,
    "area_sqm_declared": 4435.8
   },
   "geometry": {
    "type": "Polygon",
    "coordinates": [
     [
      [
       116.35333187196973,
       40.02319354604909
      ],
      [
       116.35332437825886,
       40.02398724059802
      ],
      [
       116.35391393361385,
       40.023990529170504
      ],
      [
       116.35392142049406,
       40.023196834529664
      ],
      [
       116.35333187196973,
       40.02319354604909
      ]
     ]
    ]
   }
  },
  {
   "type": "Feature",
   "id": "bldg_020",
   "properties": {
    "id": "bldg_020",
    "layer": "BUILDING_FOOTPRINT",
    "building_type": "lab",
    "height_m": 56.0,
    "floors": 21,
    "name_zh": "建筑足迹 020",
    "source_type": "agent_generated_design",
    "confidence": "high",
    "geometry_role": "design_proposal",
    "official_boundary": false,
    "area_sqm_declared": 9466.8
   },
   "geometry": {
    "type": "Polygon",
    "coordinates": [
     [
      [
       116.34916105240504,
       40.02464195975371
      ],
      [
       116.34915171114588,
       40.0256249407919
      ],
      [
       116.35016767747783,
       40.02563064268202
      ],
      [
       116.35017700415786,
       40.0246476614465
      ],
      [
       116.34916105240504,
       40.02464195975371
      ]
     ]
    ]
   }
  },
  {
   "type": "Feature",
   "id": "bldg_021",
   "properties": {
    "id": "bldg_021",
    "layer": "BUILDING_FOOTPRINT",
    "building_type": "incubator",
    "height_m": 76.7,
    "floors": 5,
    "name_zh": "建筑足迹 021",
    "source_type": "agent_generated_design",
    "confidence": "high",
    "geometry_role": "design_proposal",
    "official_boundary": false,
    "area_sqm_declared": 3221.1
   },
   "geometry": {
    "type": "Polygon",
    "coordinates": [
     [
      [
       116.35241019034058,
       40.01466053165929
      ],
      [
       116.35240641447501,
       40.015060007432794
      ],
      [
       116.35325689741258,
       40.01506475699904
      ],
      [
       116.35326066832016,
       40.014665281158734
      ],
      [
       116.35241019034058,
       40.01466053165929
      ]
     ]
    ]
   }
  },
  {
   "type": "Feature",
   "id": "bldg_022",
   "properties": {
    "id": "bldg_022",
    "layer": "BUILDING_FOOTPRINT",
    "building_type": "lab",
    "height_m": 51.4,
    "floors": 22,
    "name_zh": "建筑足迹 022",
    "source_type": "agent_generated_design",
    "confidence": "high",
    "geometry_role": "design_proposal",
    "official_boundary": false,
    "area_sqm_declared": 5993.4
   },
   "geometry": {
    "type": "Polygon",
    "coordinates": [
     [
      [
       116.35265822525315,
       40.024864309628796
      ],
      [
       116.35265033090619,
       40.02569951678628
      ],
      [
       116.35340733183841,
       40.0257037432797
      ],
      [
       116.35341521695541,
       40.02486853599794
      ],
      [
       116.35265822525315,
       40.024864309628796
      ]
     ]
    ]
   }
  },
  {
   "type": "Feature",
   "id": "bldg_023",
   "properties": {
    "id": "bldg_023",
    "layer": "BUILDING_FOOTPRINT",
    "building_type": "incubator",
    "height_m": 41.0,
    "floors": 21,
    "name_zh": "建筑足迹 023",
    "source_type": "agent_generated_design",
    "confidence": "high",
    "geometry_role": "design_proposal",
    "official_boundary": false,
    "area_sqm_declared": 7082.7
   },
   "geometry": {
    "type": "Polygon",
    "coordinates": [
     [
      [
       116.34329896342304,
       40.01785451179704
      ],
      [
       116.343305836315,
       40.01713753012672
      ],
      [
       116.34224293577078,
       40.0171315019748
      ],
      [
       116.34227792316807,
       40.01784872115113
      ],
      [
       116.34329896342304,
       40.01785451179704
      ]
     ]
    ]
   }
  },
  {
   "type": "Feature",
   "id": "bldg_024",
   "properties": {
    "id": "bldg_024",
    "layer": "BUILDING_FOOTPRINT",
    "building_type": "ai_r_and_d",
    "height_m": 45.0,
    "floors": 21,
    "name_zh": "建筑足迹 024",
    "source_type": "agent_generated_design",
    "confidence": "high",
    "geometry_role": "design_proposal",
    "official_boundary": false,
    "area_sqm_declared": 4597.4
   },
   "geometry": {
    "type": "Polygon",
    "coordinates": [
     [
      [
       116.35317743347302,
       40.015900761102465
      ],
      [
       116.35317187684156,
       40.01648930544999
      ],
      [
       116.35399581292253,
       40.01649390145502
      ],
      [
       116.3540013624771,
       40.01590535701226
      ],
      [
       116.35317743347302,
       40.015900761102465
      ]
     ]
    ]
   }
  },
  {
   "type": "Feature",
   "id": "bldg_025",
   "properties": {
    "id": "bldg_025",
    "layer": "BUILDING_FOOTPRINT",
    "building_type": "lab",
    "height_m": 52.5,
    "floors": 21,
    "name_zh": "建筑足迹 025",
    "source_type": "agent_generated_design",
    "confidence": "high",
    "geometry_role": "design_proposal",
    "official_boundary": false,
    "area_sqm_declared": 6117.4
   },
   "geometry": {
    "type": "Polygon",
    "coordinates": [
     [
      [
       116.35272673986351,
       40.02040805516972
      ],
      [
       116.35272130862725,
       40.02098282546261
      ],
      [
       116.35384400649032,
       40.02098909108092
      ],
      [
       116.35384942830775,
       40.02041432066124
      ],
      [
       116.35272673986351,
       40.02040805516972
      ]
     ]
    ]
   }
  },
  {
   "type": "Feature",
   "id": "bldg_026",
   "properties": {
    "id": "bldg_026",
    "layer": "BUILDING_FOOTPRINT",
    "building_type": "ai_r_and_d",
    "height_m": 68.3,
    "floors": 14,
    "name_zh": "建筑足迹 026",
    "source_type": "agent_generated_design",
    "confidence": "high",
    "geometry_role": "design_proposal",
    "official_boundary": false,
    "area_sqm_declared": 3074.9
   },
   "geometry": {
    "type": "Polygon",
    "coordinates": [
     [
      [
       116.3498856213695,
       40.00832242716351
      ],
      [
       116.34988176096705,
       40.00872935218065
      ],
      [
       116.35067870124938,
       40.00873382011232
      ],
      [
       116.3506825569204,
       40.00832689503116
      ],
      [
       116.3498856213695,
       40.00832242716351
      ]
     ]
    ]
   }
  },
  {
   "type": "Feature",
   "id": "bldg_027",
   "properties": {
    "id": "bldg_027",
    "layer": "BUILDING_FOOTPRINT",
    "building_type": "ai_r_and_d",
    "height_m": 44.4,
    "floors": 22,
    "name_zh": "建筑足迹 027",
    "source_type": "agent_generated_design",
    "confidence": "high",
    "geometry_role": "design_proposal",
    "official_boundary": false,
    "area_sqm_declared": 5582.0
   },
   "geometry": {
    "type": "Polygon",
    "coordinates": [
     [
      [
       116.34930838917877,
       40.02207638205921
      ],
      [
       116.34930022855227,
       40.02293540057293
      ],
      [
       116.34998569513547,
       40.02293924764187
      ],
      [
       116.3499938471668,
       40.022080229011806
      ],
      [
       116.34930838917877,
       40.02207638205921
      ]
     ]
    ]
   }
  },
  {
   "type": "Feature",
   "id": "bldg_028",
   "properties": {
    "id": "bldg_028",
    "layer": "BUILDING_FOOTPRINT",
    "building_type": "ai_r_and_d",
    "height_m": 28.3,
    "floors": 14,
    "name_zh": "建筑足迹 028",
    "source_type": "agent_generated_design",
    "confidence": "high",
    "geometry_role": "design_proposal",
    "official_boundary": false,
    "area_sqm_declared": 2810.8
   },
   "geometry": {
    "type": "Polygon",
    "coordinates": [
     [
      [
       116.34520697479715,
       40.00995734408976
      ],
      [
       116.34520263515995,
       40.01041148949661
      ],
      [
       116.34585539271353,
       40.0104151758897
      ],
      [
       116.34585972802537,
       40.00996103042391
      ],
      [
       116.34520697479715,
       40.00995734408976
      ]
     ]
    ]
   }
  },
  {
   "type": "Feature",
   "id": "bldg_029",
   "properties": {
    "id": "bldg_029",
    "layer": "BUILDING_FOOTPRINT",
    "building_type": "incubator",
    "height_m": 36.1,
    "floors": 13,
    "name_zh": "建筑足迹 029",
    "source_type": "agent_generated_design",
    "confidence": "high",
    "geometry_role": "design_proposal",
    "official_boundary": false,
    "area_sqm_declared": 5096.0
   },
   "geometry": {
    "type": "Polygon",
    "coordinates": [
     [
      [
       116.3502570398852,
       40.01012859800793
      ],
      [
       116.35024796321824,
       40.011085841741895
      ],
      [
       116.35080944326394,
       40.011088988440164
      ],
      [
       116.35081851208867,
       40.01013174460015
      ],
      [
       116.3502570398852,
       40.01012859800793
      ]
     ]
    ]
   }
  },
  {
   "type": "Feature",
   "id": "bldg_030",
   "properties": {
    "id": "bldg_030",
    "layer": "BUILDING_FOOTPRINT",
    "building_type": "ai_r_and_d",
    "height_m": 71.6,
    "floors": 13,
    "name_zh": "建筑足迹 030",
    "source_type": "agent_generated_design",
    "confidence": "high",
    "geometry_role": "design_proposal",
    "official_boundary": false,
    "area_sqm_declared": 2673.8
   },
   "geometry": {
    "type": "Polygon",
    "coordinates": [
     [
      [
       116.34949967517437,
       40.02130180884944
      ],
      [
       116.34949511308004,
       40.02178219123084
      ],
      [
       116.35008224709979,
       40.021785485663145
      ],
      [
       116.35008680507718,
       40.02130510322602
      ],
      [
       116.34949967517437,
       40.02130180884944
      ]
     ]
    ]
   }
  },
  {
   "type": "Feature",
   "id": "bldg_031",
   "properties": {
    "id": "bldg_031",
    "layer": "BUILDING_FOOTPRINT",
    "building_type": "ai_r_and_d",
    "height_m": 67.0,
    "floors": 5,
    "name_zh": "建筑足迹 031",
    "source_type": "agent_generated_design",
    "confidence": "high",
    "geometry_role": "design_proposal",
    "official_boundary": false,
    "area_sqm_declared": 5914.4
   },
   "geometry": {
    "type": "Polygon",
    "coordinates": [
     [
      [
       116.35240229200863,
       40.017702672494075
      ],
      [
       116.35239651845555,
       40.01831342113812
      ],
      [
       116.35341797567358,
       40.01831912496449
      ],
      [
       116.35342374012167,
       40.017708376197795
      ],
      [
       116.35240229200863,
       40.017702672494075
      ]
     ]
    ]
   }
  },
  {
   "type": "Feature",
   "id": "bldg_032",
   "properties": {
    "id": "bldg_032",
    "layer": "BUILDING_FOOTPRINT",
    "building_type": "ai_r_and_d",
    "height_m": 45.5,
    "floors": 12,
    "name_zh": "建筑足迹 032",
    "source_type": "agent_generated_design",
    "confidence": "high",
    "geometry_role": "design_proposal",
    "official_boundary": false,
    "area_sqm_declared": 8786.0
   },
   "geometry": {
    "type": "Polygon",
    "coordinates": [
     [
      [
       116.34520664615687,
       40.01990189742924
      ],
      [
       116.34519754403223,
       40.02085409061869
      ],
      [
       116.34617086366045,
       40.020859586400974
      ],
      [
       116.34617995225776,
       40.01990739302729
      ],
      [
       116.34520664615687,
       40.01990189742924
      ]
     ]
    ]
   }
  },
  {
   "type": "Feature",
   "id": "bldg_033",
   "properties": {
    "id": "bldg_033",
    "layer": "BUILDING_FOOTPRINT",
    "building_type": "ai_r_and_d",
    "height_m": 54.5,
    "floors": 5,
    "name_zh": "建筑足迹 033",
    "source_type": "agent_generated_design",
    "confidence": "high",
    "geometry_role": "design_proposal",
    "official_boundary": false,
    "area_sqm_declared": 4504.8
   },
   "geometry": {
    "type": "Polygon",
    "coordinates": [
     [
      [
       116.34209708717958,
       40.00754371878709
      ],
      [
       116.34208962827515,
       40.008320667507995
      ],
      [
       116.34270112063697,
       40.00832413735194
      ],
      [
       116.34270857260995,
       40.00754718853611
      ],
      [
       116.34209708717958,
       40.00754371878709
      ]
     ]
    ]
   }
  },
  {
   "type": "Feature",
   "id": "bldg_034",
   "properties": {
    "id": "bldg_034",
    "layer": "BUILDING_FOOTPRINT",
    "building_type": "incubator",
    "height_m": 54.3,
    "floors": 15,
    "name_zh": "建筑足迹 034",
    "source_type": "agent_generated_design",
    "confidence": "high",
    "geometry_role": "design_proposal",
    "official_boundary": false,
    "area_sqm_declared": 3770.3
   },
   "geometry": {
    "type": "Polygon",
    "coordinates": [
     [
      [
       116.34257899467805,
       40.01235549031041
      ],
      [
       116.34257185909465,
       40.01309917889735
      ],
      [
       116.34310657028252,
       40.01310221109452
      ],
      [
       116.3431137000633,
       40.01235852242818
      ],
      [
       116.34257899467805,
       40.01235549031041
      ]
     ]
    ]
   }
  },
  {
   "type": "Feature",
   "id": "bldg_035",
   "properties": {
    "id": "bldg_035",
    "layer": "BUILDING_FOOTPRINT",
    "building_type": "incubator",
    "height_m": 25.6,
    "floors": 16,
    "name_zh": "建筑足迹 035",
    "source_type": "agent_generated_design",
    "confidence": "high",
    "geometry_role": "design_proposal",
    "official_boundary": false,
    "area_sqm_declared": 2170.5
   },
   "geometry": {
    "type": "Polygon",
    "coordinates": [
     [
      [
       116.35423537484729,
       40.01791375304531
      ],
      [
       116.35423162276673,
       40.01831178846113
      ],
      [
       116.35480681733098,
       40.01831499235092
      ],
      [
       116.35481056607009,
       40.0179169568902
      ],
      [
       116.35423537484729,
       40.01791375304531
      ]
     ]
    ]
   }
  },
  {
   "type": "Feature",
   "id": "bldg_036",
   "properties": {
    "id": "bldg_036",
    "layer": "BUILDING_FOOTPRINT",
    "building_type": "incubator",
    "height_m": 47.5,
    "floors": 9,
    "name_zh": "建筑足迹 036",
    "source_type": "agent_generated_design",
    "confidence": "high",
    "geometry_role": "design_proposal",
    "official_boundary": false,
    "area_sqm_declared": 4442.9
   },
   "geometry": {
    "type": "Polygon",
    "coordinates": [
     [
      [
       116.34928433173567,
       40.010753725651
      ],
      [
       116.34927546883722,
       40.011687007404966
      ],
      [
       116.34977756739212,
       40.01168982566467
      ],
      [
       116.34978642345315,
       40.010756543818104
      ],
      [
       116.34928433173567,
       40.010753725651
      ]
     ]
    ]
   }
  },
  {
   "type": "Feature",
   "id": "bldg_037",
   "properties": {
    "id": "bldg_037",
    "layer": "BUILDING_FOOTPRINT",
    "building_type": "lab",
    "height_m": 23.9,
    "floors": 17,
    "name_zh": "建筑足迹 037",
    "source_type": "agent_generated_design",
    "confidence": "high",
    "geometry_role": "design_proposal",
    "official_boundary": false,
    "area_sqm_declared": 3821.7
   },
   "geometry": {
    "type": "Polygon",
    "coordinates": [
     [
      [
       116.34971012936502,
       40.013615233538076
      ],
      [
       116.34970639713187,
       40.014008468170566
      ],
      [
       116.35073147195597,
       40.01401421583096
      ],
      [
       116.35073519830692,
       40.0136209811189
      ],
      [
       116.34971012936502,
       40.013615233538076
      ]
     ]
    ]
   }
  },
  {
   "type": "Feature",
   "id": "bldg_038",
   "properties": {
    "id": "bldg_038",
    "layer": "BUILDING_FOOTPRINT",
    "building_type": "lab",
    "height_m": 32.5,
    "floors": 12,
    "name_zh": "建筑足迹 038",
    "source_type": "agent_generated_design",
    "confidence": "high",
    "geometry_role": "design_proposal",
    "official_boundary": false,
    "area_sqm_declared": 4025.8
   },
   "geometry": {
    "type": "Polygon",
    "coordinates": [
     [
      [
       116.345348708334,
       40.02120083261713
      ],
      [
       116.34534258928358,
       40.02184107424131
      ],
      [
       116.34600588599848,
       40.02184481957981
      ],
      [
       116.34601199885019,
       40.02120457787121
      ],
      [
       116.345348708334,
       40.02120083261713
      ]
     ]
    ]
   }
  },
  {
   "type": "Feature",
   "id": "bldg_039",
   "properties": {
    "id": "bldg_039",
    "layer": "BUILDING_FOOTPRINT",
    "building_type": "ai_r_and_d",
    "height_m": 26.4,
    "floors": 7,
    "name_zh": "建筑足迹 039",
    "source_type": "agent_generated_design",
    "confidence": "high",
    "geometry_role": "design_proposal",
    "official_boundary": false,
    "area_sqm_declared": 6583.7
   },
   "geometry": {
    "type": "Polygon",
    "coordinates": [
     [
      [
       116.35306992365761,
       40.01651026677049
      ],
      [
       116.35306482204325,
       40.017050515996694
      ],
      [
       116.3543502291629,
       40.0170576847896
      ],
      [
       116.35435532064247,
       40.01651743542704
      ],
      [
       116.35306992365761,
       40.01651026677049
      ]
     ]
    ]
   }
  },
  {
   "type": "Feature",
   "id": "bldg_040",
   "properties": {
    "id": "bldg_040",
    "layer": "BUILDING_FOOTPRINT",
    "building_type": "lab",
    "height_m": 42.7,
    "floors": 20,
    "name_zh": "建筑足迹 040",
    "source_type": "agent_generated_design",
    "confidence": "high",
    "geometry_role": "design_proposal",
    "official_boundary": false,
    "area_sqm_declared": 7567.2
   },
   "geometry": {
    "type": "Polygon",
    "coordinates": [
     [
      [
       116.34945180072383,
       40.00890769237859
      ],
      [
       116.34944507962904,
       40.00961567040602
      ],
      [
       116.35057236939474,
       40.00962199306986
      ],
      [
       116.35057907884514,
       40.008914014884816
      ],
      [
       116.34945180072383,
       40.00890769237859
      ]
     ]
    ]
   }
  },
  {
   "type": "Feature",
   "id": "bldg_041",
   "properties": {
    "id": "bldg_041",
    "layer": "BUILDING_FOOTPRINT",
    "building_type": "ai_r_and_d",
    "height_m": 21.1,
    "floors": 17,
    "name_zh": "建筑足迹 041",
    "source_type": "agent_generated_design",
    "confidence": "high",
    "geometry_role": "design_proposal",
    "official_boundary": false,
    "area_sqm_declared": 4529.1
   },
   "geometry": {
    "type": "Polygon",
    "coordinates": [
     [
      [
       116.34519184390638,
       40.01189160506616
      ],
      [
       116.3451855912177,
       40.012545888947606
      ],
      [
       116.34591568412596,
       40.012550012002364
      ],
      [
       116.34592192984434,
       40.011895728025934
      ],
      [
       116.34519184390638,
       40.01189160506616
      ]
     ]
    ]
   }
  },
  {
   "type": "Feature",
   "id": "bldg_042",
   "properties": {
    "id": "bldg_042",
    "layer": "BUILDING_FOOTPRINT",
    "building_type": "incubator",
    "height_m": 25.4,
    "floors": 8,
    "name_zh": "建筑足迹 042",
    "source_type": "agent_generated_design",
    "confidence": "high",
    "geometry_role": "design_proposal",
    "official_boundary": false,
    "area_sqm_declared": 5614.0
   },
   "geometry": {
    "type": "Polygon",
    "coordinates": [
     [
      [
       116.35228338044043,
       40.018869461329444
      ],
      [
       116.35227669690816,
       40.019576310230974
      ],
      [
       116.35311446990931,
       40.0195809899289
      ],
      [
       116.35312114479848,
       40.01887414091091
      ],
      [
       116.35228338044043,
       40.018869461329444
      ]
     ]
    ]
   }
  },
  {
   "type": "Feature",
   "id": "bldg_043",
   "properties": {
    "id": "bldg_043",
    "layer": "BUILDING_FOOTPRINT",
    "building_type": "incubator",
    "height_m": 74.1,
    "floors": 12,
    "name_zh": "建筑足迹 043",
    "source_type": "agent_generated_design",
    "confidence": "high",
    "geometry_role": "design_proposal",
    "official_boundary": false,
    "area_sqm_declared": 4122.4
   },
   "geometry": {
    "type": "Polygon",
    "coordinates": [
     [
      [
       116.34942873724886,
       40.011791238671236
      ],
      [
       116.34942163197915,
       40.012539580394375
      ],
      [
       116.35000264546123,
       40.012542840686564
      ],
      [
       116.35000974438651,
       40.01179449887751
      ],
      [
       116.34942873724886,
       40.011791238671236
      ]
     ]
    ]
   }
  },
  {
   "type": "Feature",
   "id": "bldg_044",
   "properties": {
    "id": "bldg_044",
    "layer": "BUILDING_FOOTPRINT",
    "building_type": "incubator",
    "height_m": 38.9,
    "floors": 14,
    "name_zh": "建筑足迹 044",
    "source_type": "agent_generated_design",
    "confidence": "high",
    "geometry_role": "design_proposal",
    "official_boundary": false,
    "area_sqm_declared": 3705.3
   },
   "geometry": {
    "type": "Polygon",
    "coordinates": [
     [
      [
       116.34510324544077,
       40.010745685894456
      ],
      [
       116.34509703769743,
       40.01139520533528
      ],
      [
       116.34569871775331,
       40.01139860397356
      ],
      [
       116.34570491979443,
       40.01074908445501
      ],
      [
       116.34510324544077,
       40.010745685894456
      ]
     ]
    ]
   }
  },
  {
   "type": "Feature",
   "id": "bldg_045",
   "properties": {
    "id": "bldg_045",
    "layer": "BUILDING_FOOTPRINT",
    "building_type": "incubator",
    "height_m": 77.8,
    "floors": 22,
    "name_zh": "建筑足迹 045",
    "source_type": "agent_generated_design",
    "confidence": "high",
    "geometry_role": "design_proposal",
    "official_boundary": false,
    "area_sqm_declared": 6735.7
   },
   "geometry": {
    "type": "Polygon",
    "coordinates": [
     [
      [
       116.35342722932943,
       40.01421460661231
      ],
      [
       116.35341865635465,
       40.015123032421926
      ],
      [
       116.35420072729717,
       40.015127393338496
      ],
      [
       116.35420928990425,
       40.01421896738938
      ],
      [
       116.35342722932943,
       40.01421460661231
      ]
     ]
    ]
   }
  },
  {
   "type": "Feature",
   "id": "bldg_046",
   "properties": {
    "id": "bldg_046",
    "layer": "BUILDING_FOOTPRINT",
    "building_type": "ai_r_and_d",
    "height_m": 78.7,
    "floors": 19,
    "name_zh": "建筑足迹 046",
    "source_type": "agent_generated_design",
    "confidence": "high",
    "geometry_role": "design_proposal",
    "official_boundary": false,
    "area_sqm_declared": 3302.4
   },
   "geometry": {
    "type": "Polygon",
    "coordinates": [
     [
      [
       116.35426674282627,
       40.02302138622726
      ],
      [
       116.354262589877,
       40.023461888299124
      ],
      [
       116.35505343051861,
       40.023466292547745
      ],
      [
       116.35505757838261,
       40.02302579040757
      ],
      [
       116.35426674282627,
       40.02302138622726
      ]
     ]
    ]
   }
  },
  {
   "type": "Feature",
   "id": "bldg_047",
   "properties": {
    "id": "bldg_047",
    "layer": "BUILDING_FOOTPRINT",
    "building_type": "incubator",
    "height_m": 65.5,
    "floors": 6,
    "name_zh": "建筑足迹 047",
    "source_type": "agent_generated_design",
    "confidence": "high",
    "geometry_role": "design_proposal",
    "official_boundary": false,
    "area_sqm_declared": 3682.1
   },
   "geometry": {
    "type": "Polygon",
    "coordinates": [
     [
      [
       116.34519118588062,
       40.024768429315806
      ],
      [
       116.34518565548531,
       40.0253468677453
      ],
      [
       116.34585717104528,
       40.02535066045753
      ],
      [
       116.34586269577014,
       40.02477222195079
      ],
      [
       116.34519118588062,
       40.024768429315806
      ]
     ]
    ]
   }
  },
  {
   "type": "Feature",
   "id": "bldg_048",
   "properties": {
    "id": "bldg_048",
    "layer": "BUILDING_FOOTPRINT",
    "building_type": "ai_r_and_d",
    "height_m": 49.1,
    "floors": 18,
    "name_zh": "建筑足迹 048",
    "source_type": "agent_generated_design",
    "confidence": "high",
    "geometry_role": "design_proposal",
    "official_boundary": false,
    "area_sqm_declared": 3146.3
   },
   "geometry": {
    "type": "Polygon",
    "coordinates": [
     [
      [
       116.34522634919101,
       40.02540292772471
      ],
      [
       116.34521971447033,
       40.02609689001833
      ],
      [
       116.34569799770982,
       40.026099591626995
      ],
      [
       116.34570462758504,
       40.02540562926737
      ],
      [
       116.34522634919101,
       40.02540292772471
      ]
     ]
    ]
   }
  },
  {
   "type": "Feature",
   "id": "bldg_049",
   "properties": {
    "id": "bldg_049",
    "layer": "BUILDING_FOOTPRINT",
    "building_type": "incubator",
    "height_m": 75.7,
    "floors": 10,
    "name_zh": "建筑足迹 049",
    "source_type": "agent_generated_design",
    "confidence": "high",
    "geometry_role": "design_proposal",
    "official_boundary": false,
    "area_sqm_declared": 3543.7
   },
   "geometry": {
    "type": "Polygon",
    "coordinates": [
     [
      [
       116.34985894544772,
       40.020315009102305
      ],
      [
       116.3498544150908,
       40.02079232999803
      ],
      [
       116.35063755899566,
       40.02079672113263
      ],
      [
       116.35064208389643,
       40.02031940016312
      ],
      [
       116.34985894544772,
       40.020315009102305
      ]
     ]
    ]
   }
  },
  {
   "type": "Feature",
   "id": "bldg_050",
   "properties": {
    "id": "bldg_050",
    "layer": "BUILDING_FOOTPRINT",
    "building_type": "existing_retained",
    "height_m": 67.3,
    "floors": 17,
    "name_zh": "建筑足迹 050",
    "source_type": "agent_generated_design",
    "confidence": "high",
    "geometry_role": "design_proposal",
    "official_boundary": false,
    "area_sqm_declared": 6572.2
   },
   "geometry": {
    "type": "Polygon",
    "coordinates": [
     [
      [
       116.34924675345599,
       40.00336894082191
      ],
      [
       116.34924058938155,
       40.00401816836071
      ],
      [
       116.35030816850836,
       40.00402415808048
      ],
      [
       116.35031432247233,
       40.003374930404746
      ],
      [
       116.34924675345599,
       40.00336894082191
      ]
     ]
    ]
   }
  },
  {
   "type": "Feature",
   "id": "bldg_051",
   "properties": {
    "id": "bldg_051",
    "layer": "BUILDING_FOOTPRINT",
    "building_type": "existing_retained",
    "height_m": 56.8,
    "floors": 19,
    "name_zh": "建筑足迹 051",
    "source_type": "agent_generated_design",
    "confidence": "high",
    "geometry_role": "design_proposal",
    "official_boundary": false,
    "area_sqm_declared": 4738.9
   },
   "geometry": {
    "type": "Polygon",
    "coordinates": [
     [
      [
       116.34961694314198,
       40.00178546927935
      ],
      [
       116.34961146906566,
       40.002362384896834
      ],
      [
       116.35047770742459,
       40.002367242913174
      ],
      [
       116.35048317421136,
       40.001790327196986
      ],
      [
       116.34961694314198,
       40.00178546927935
      ]
     ]
    ]
   }
  },
  {
   "type": "Feature",
   "id": "bldg_052",
   "properties": {
    "id": "bldg_052",
    "layer": "BUILDING_FOOTPRINT",
    "building_type": "existing_retained",
    "height_m": 27.9,
    "floors": 13,
    "name_zh": "建筑足迹 052",
    "source_type": "agent_generated_design",
    "confidence": "high",
    "geometry_role": "design_proposal",
    "official_boundary": false,
    "area_sqm_declared": 7623.4
   },
   "geometry": {
    "type": "Polygon",
    "coordinates": [
     [
      [
       116.35292861044016,
       40.00623418323067
      ],
      [
       116.35292266304918,
       40.00686408940708
      ],
      [
       116.3542041681084,
       40.006871237593074
      ],
      [
       116.35420711016063,
       40.006559020116235
      ],
      [
       116.35418969715414,
       40.006241217543554
      ],
      [
       116.35292861044016,
       40.00623418323067
      ]
     ]
    ]
   }
  },
  {
   "type": "Feature",
   "id": "bldg_053",
   "properties": {
    "id": "bldg_053",
    "layer": "BUILDING_FOOTPRINT",
    "building_type": "existing_retained",
    "height_m": 21.2,
    "floors": 14,
    "name_zh": "建筑足迹 053",
    "source_type": "agent_generated_design",
    "confidence": "high",
    "geometry_role": "design_proposal",
    "official_boundary": false,
    "area_sqm_declared": 3035.4
   },
   "geometry": {
    "type": "Polygon",
    "coordinates": [
     [
      [
       116.34239360441838,
       40.004942274840964
      ],
      [
       116.34238796794216,
       40.00552971418157
      ],
      [
       116.34293290742549,
       40.00553280508025
      ],
      [
       116.34293853923175,
       40.00494536567572
      ],
      [
       116.34239360441838,
       40.004942274840964
      ]
     ]
    ]
   }
  },
  {
   "type": "Feature",
   "id": "bldg_054",
   "properties": {
    "id": "bldg_054",
    "layer": "BUILDING_FOOTPRINT",
    "building_type": "existing_retained",
    "height_m": 79.3,
    "floors": 18,
    "name_zh": "建筑足迹 054",
    "source_type": "agent_generated_design",
    "confidence": "high",
    "geometry_role": "design_proposal",
    "official_boundary": false,
    "area_sqm_declared": 5081.5
   },
   "geometry": {
    "type": "Polygon",
    "coordinates": [
     [
      [
       116.34237662012534,
       40.00389875139592
      ],
      [
       116.34238276824699,
       40.003257960878486
      ],
      [
       116.3415227134092,
       40.00325307745905
      ],
      [
       116.34156408635447,
       40.0038941379083
      ],
      [
       116.34237662012534,
       40.00389875139592
      ]
     ]
    ]
   }
  },
  {
   "type": "Feature",
   "id": "bldg_055",
   "properties": {
    "id": "bldg_055",
    "layer": "BUILDING_FOOTPRINT",
    "building_type": "existing_retained",
    "height_m": 30.7,
    "floors": 24,
    "name_zh": "建筑足迹 055",
    "source_type": "agent_generated_design",
    "confidence": "high",
    "geometry_role": "design_proposal",
    "official_boundary": false,
    "area_sqm_declared": 6228.8
   },
   "geometry": {
    "type": "Polygon",
    "coordinates": [
     [
      [
       116.34238942959237,
       40.0065333685007
      ],
      [
       116.34239857958406,
       40.00557977012184
      ],
      [
       116.34169659263752,
       40.00557578473575
      ],
      [
       116.34169348716827,
       40.00589909207448
      ],
      [
       116.34169999999999,
       40.00600000000001
      ],
      [
       116.34172582767688,
       40.00652960107353
      ],
      [
       116.34238942959237,
       40.0065333685007
      ]
     ]
    ]
   }
  },
  {
   "type": "Feature",
   "id": "bldg_056",
   "properties": {
    "id": "bldg_056",
    "layer": "BUILDING_FOOTPRINT",
    "building_type": "talent_apartment",
    "height_m": 40.7,
    "floors": 10,
    "name_zh": "建筑足迹 056",
    "source_type": "agent_generated_design",
    "confidence": "high",
    "geometry_role": "design_proposal",
    "official_boundary": false,
    "area_sqm_declared": 11494.5
   },
   "geometry": {
    "type": "Polygon",
    "coordinates": [
     [
      [
       116.34199991242623,
       39.99868426496154
      ],
      [
       116.34199080362619,
       39.99963322796539
      ],
      [
       116.34326810866007,
       39.99964047292777
      ],
      [
       116.34327719978153,
       39.99869150968182
      ],
      [
       116.34199991242623,
       39.99868426496154
      ]
     ]
    ]
   }
  },
  {
   "type": "Feature",
   "id": "bldg_057",
   "properties": {
    "id": "bldg_057",
    "layer": "BUILDING_FOOTPRINT",
    "building_type": "talent_apartment",
    "height_m": 49.4,
    "floors": 21,
    "name_zh": "建筑足迹 057",
    "source_type": "agent_generated_design",
    "confidence": "high",
    "geometry_role": "design_proposal",
    "official_boundary": false,
    "area_sqm_declared": 2610.0
   },
   "geometry": {
    "type": "Polygon",
    "coordinates": [
     [
      [
       116.34099820637245,
       39.98802378051116
      ],
      [
       116.34099315650565,
       39.98854928519037
      ],
      [
       116.34151681067681,
       39.988552261404315
      ],
      [
       116.34152185653161,
       39.988026756670024
      ],
      [
       116.34099820637245,
       39.98802378051116
      ]
     ]
    ]
   }
  },
  {
   "type": "Feature",
   "id": "bldg_058",
   "properties": {
    "id": "bldg_058",
    "layer": "BUILDING_FOOTPRINT",
    "building_type": "residential",
    "height_m": 78.4,
    "floors": 9,
    "name_zh": "建筑足迹 058",
    "source_type": "agent_generated_design",
    "confidence": "high",
    "geometry_role": "design_proposal",
    "official_boundary": false,
    "area_sqm_declared": 3935.2
   },
   "geometry": {
    "type": "Polygon",
    "coordinates": [
     [
      [
       116.34153504944538,
       39.988287724897
      ],
      [
       116.34153066647693,
       39.98874419848175
      ],
      [
       116.34243960777867,
       39.98874935877345
      ],
      [
       116.34244398469801,
       39.98829288510576
      ],
      [
       116.34153504944538,
       39.988287724897
      ]
     ]
    ]
   }
  },
  {
   "type": "Feature",
   "id": "bldg_059",
   "properties": {
    "id": "bldg_059",
    "layer": "BUILDING_FOOTPRINT",
    "building_type": "talent_apartment",
    "height_m": 63.4,
    "floors": 8,
    "name_zh": "建筑足迹 059",
    "source_type": "agent_generated_design",
    "confidence": "high",
    "geometry_role": "design_proposal",
    "official_boundary": false,
    "area_sqm_declared": 4675.3
   },
   "geometry": {
    "type": "Polygon",
    "coordinates": [
     [
      [
       116.34197200511382,
       39.99799834810942
      ],
      [
       116.34196753712416,
       39.99846382455354
      ],
      [
       116.34302669520737,
       39.99846983333842
      ],
      [
       116.34303115600667,
       39.99800435679582
      ],
      [
       116.34197200511382,
       39.99799834810942
      ]
     ]
    ]
   }
  },
  {
   "type": "Feature",
   "id": "bldg_060",
   "properties": {
    "id": "bldg_060",
    "layer": "BUILDING_FOOTPRINT",
    "building_type": "residential",
    "height_m": 46.0,
    "floors": 19,
    "name_zh": "建筑足迹 060",
    "source_type": "agent_generated_design",
    "confidence": "high",
    "geometry_role": "design_proposal",
    "official_boundary": false,
    "area_sqm_declared": 3740.6
   },
   "geometry": {
    "type": "Polygon",
    "coordinates": [
     [
      [
       116.34569236825493,
       39.99452768021895
      ],
      [
       116.34568612669483,
       39.99518170297152
      ],
      [
       116.34628920599124,
       39.99518510611098
      ],
      [
       116.3462954417995,
       39.99453108328002
      ],
      [
       116.34569236825493,
       39.99452768021895
      ]
     ]
    ]
   }
  },
  {
   "type": "Feature",
   "id": "bldg_061",
   "properties": {
    "id": "bldg_061",
    "layer": "BUILDING_FOOTPRINT",
    "building_type": "residential",
    "height_m": 31.3,
    "floors": 15,
    "name_zh": "建筑足迹 061",
    "source_type": "agent_generated_design",
    "confidence": "high",
    "geometry_role": "design_proposal",
    "official_boundary": false,
    "area_sqm_declared": 2833.5
   },
   "geometry": {
    "type": "Polygon",
    "coordinates": [
     [
      [
       116.3424276125288,
       39.99670664362444
      ],
      [
       116.34242343232445,
       39.997142460621745
      ],
      [
       116.34310901156124,
       39.997146348406886
      ],
      [
       116.34311318740814,
       39.99671053134991
      ],
      [
       116.3424276125288,
       39.99670664362444
      ]
     ]
    ]
   }
  },
  {
   "type": "Feature",
   "id": "bldg_062",
   "properties": {
    "id": "bldg_062",
    "layer": "BUILDING_FOOTPRINT",
    "building_type": "residential",
    "height_m": 74.0,
    "floors": 19,
    "name_zh": "建筑足迹 062",
    "source_type": "agent_generated_design",
    "confidence": "high",
    "geometry_role": "design_proposal",
    "official_boundary": false,
    "area_sqm_declared": 7777.4
   },
   "geometry": {
    "type": "Polygon",
    "coordinates": [
     [
      [
       116.34224535619443,
       40.001454162598854
      ],
      [
       116.3422543622769,
       40.00051559868255
      ],
      [
       116.34134571603501,
       40.00051043824764
      ],
      [
       116.34140631073541,
       40.00144939760437
      ],
      [
       116.34224535619443,
       40.001454162598854
      ]
     ]
    ]
   }
  },
  {
   "type": "Feature",
   "id": "bldg_063",
   "properties": {
    "id": "bldg_063",
    "layer": "BUILDING_FOOTPRINT",
    "building_type": "talent_apartment",
    "height_m": 39.3,
    "floors": 23,
    "name_zh": "建筑足迹 063",
    "source_type": "agent_generated_design",
    "confidence": "high",
    "geometry_role": "design_proposal",
    "official_boundary": false,
    "area_sqm_declared": 2762.3
   },
   "geometry": {
    "type": "Polygon",
    "coordinates": [
     [
      [
       116.34976710944659,
       39.99380878215023
      ],
      [
       116.34976140646054,
       39.994410131678286
      ],
      [
       116.35024576283664,
       39.994412848074475
      ],
      [
       116.35025146157531,
       39.993811498488895
      ],
      [
       116.34976710944659,
       39.99380878215023
      ]
     ]
    ]
   }
  },
  {
   "type": "Feature",
   "id": "bldg_064",
   "properties": {
    "id": "bldg_064",
    "layer": "BUILDING_FOOTPRINT",
    "building_type": "residential",
    "height_m": 19.8,
    "floors": 13,
    "name_zh": "建筑足迹 064",
    "source_type": "agent_generated_design",
    "confidence": "high",
    "geometry_role": "design_proposal",
    "official_boundary": false,
    "area_sqm_declared": 5050.3
   },
   "geometry": {
    "type": "Polygon",
    "coordinates": [
     [
      [
       116.34272826033289,
       39.99156606701236
      ],
      [
       116.34272246052082,
       39.99217112465233
      ],
      [
       116.34360254722075,
       39.99217611229167
      ],
      [
       116.3436083392683,
       39.99157105454543
      ],
      [
       116.34272826033289,
       39.99156606701236
      ]
     ]
    ]
   }
  },
  {
   "type": "Feature",
   "id": "bldg_065",
   "properties": {
    "id": "bldg_065",
    "layer": "BUILDING_FOOTPRINT",
    "building_type": "residential",
    "height_m": 69.9,
    "floors": 20,
    "name_zh": "建筑足迹 065",
    "source_type": "agent_generated_design",
    "confidence": "high",
    "geometry_role": "design_proposal",
    "official_boundary": false,
    "area_sqm_declared": 3737.4
   },
   "geometry": {
    "type": "Polygon",
    "coordinates": [
     [
      [
       116.35281812401485,
       39.99486193985198
      ],
      [
       116.35281055487255,
       39.99566379449709
      ],
      [
       116.35330203196133,
       39.99566653790265
      ],
      [
       116.3533095953566,
       39.99486468318007
      ],
      [
       116.35281812401485,
       39.99486193985198
      ]
     ]
    ]
   }
  },
  {
   "type": "Feature",
   "id": "bldg_066",
   "properties": {
    "id": "bldg_066",
    "layer": "BUILDING_FOOTPRINT",
    "building_type": "residential",
    "height_m": 38.9,
    "floors": 15,
    "name_zh": "建筑足迹 066",
    "source_type": "agent_generated_design",
    "confidence": "high",
    "geometry_role": "design_proposal",
    "official_boundary": false,
    "area_sqm_declared": 2954.5
   },
   "geometry": {
    "type": "Polygon",
    "coordinates": [
     [
      [
       116.34942705722244,
       39.99643450771349
      ],
      [
       116.3494232049976,
       39.996840456065144
      ],
      [
       116.35019064944571,
       39.99684476145824
      ],
      [
       116.35019449712708,
       39.996438813045046
      ],
      [
       116.34942705722244,
       39.99643450771349
      ]
     ]
    ]
   }
  },
  {
   "type": "Feature",
   "id": "bldg_067",
   "properties": {
    "id": "bldg_067",
    "layer": "BUILDING_FOOTPRINT",
    "building_type": "talent_apartment",
    "height_m": 58.2,
    "floors": 10,
    "name_zh": "建筑足迹 067",
    "source_type": "agent_generated_design",
    "confidence": "high",
    "geometry_role": "design_proposal",
    "official_boundary": false,
    "area_sqm_declared": 2528.4
   },
   "geometry": {
    "type": "Polygon",
    "coordinates": [
     [
      [
       116.35271718254691,
       39.998211798402735
      ],
      [
       116.35271284378348,
       39.998671312888895
      ],
      [
       116.35329306691503,
       39.99867455199727
      ],
      [
       116.3532974017899,
       39.99821503745868
      ],
      [
       116.35271718254691,
       39.998211798402735
      ]
     ]
    ]
   }
  },
  {
   "type": "Feature",
   "id": "bldg_068",
   "properties": {
    "id": "bldg_068",
    "layer": "BUILDING_FOOTPRINT",
    "building_type": "talent_apartment",
    "height_m": 64.2,
    "floors": 12,
    "name_zh": "建筑足迹 068",
    "source_type": "agent_generated_design",
    "confidence": "high",
    "geometry_role": "design_proposal",
    "official_boundary": false,
    "area_sqm_declared": 7019.1
   },
   "geometry": {
    "type": "Polygon",
    "coordinates": [
     [
      [
       116.3417347737166,
       39.993908934519865
      ],
      [
       116.34172744389276,
       39.99467238775927
      ],
      [
       116.34269689046148,
       39.99467788985304
      ],
      [
       116.34270420949247,
       39.99391443646571
      ],
      [
       116.3417347737166,
       39.993908934519865
      ]
     ]
    ]
   }
  },
  {
   "type": "Feature",
   "id": "bldg_069",
   "properties": {
    "id": "bldg_069",
    "layer": "BUILDING_FOOTPRINT",
    "building_type": "residential",
    "height_m": 34.4,
    "floors": 12,
    "name_zh": "建筑足迹 069",
    "source_type": "agent_generated_design",
    "confidence": "high",
    "geometry_role": "design_proposal",
    "official_boundary": false,
    "area_sqm_declared": 8474.3
   },
   "geometry": {
    "type": "Polygon",
    "coordinates": [
     [
      [
       116.34951539549171,
       39.991775697425396
      ],
      [
       116.34950797117556,
       39.99255830211595
      ],
      [
       116.35064973315947,
       39.99256470460012
      ],
      [
       116.35065714444652,
       39.99178209973311
      ],
      [
       116.34951539549171,
       39.991775697425396
      ]
     ]
    ]
   }
  },
  {
   "type": "Feature",
   "id": "bldg_070",
   "properties": {
    "id": "bldg_070",
    "layer": "BUILDING_FOOTPRINT",
    "building_type": "talent_apartment",
    "height_m": 28.0,
    "floors": 7,
    "name_zh": "建筑足迹 070",
    "source_type": "agent_generated_design",
    "confidence": "high",
    "geometry_role": "design_proposal",
    "official_boundary": false,
    "area_sqm_declared": 2413.1
   },
   "geometry": {
    "type": "Polygon",
    "coordinates": [
     [
      [
       116.34181254879036,
       39.99190218166318
      ],
      [
       116.34180751087078,
       39.99242701939273
      ],
      [
       116.34229230161525,
       39.99242977146387
      ],
      [
       116.34229733582481,
       39.99190493368346
      ],
      [
       116.34181254879036,
       39.99190218166318
      ]
     ]
    ]
   }
  },
  {
   "type": "Feature",
   "id": "bldg_071",
   "properties": {
    "id": "bldg_071",
    "layer": "BUILDING_FOOTPRINT",
    "building_type": "talent_apartment",
    "height_m": 59.0,
    "floors": 14,
    "name_zh": "建筑足迹 071",
    "source_type": "agent_generated_design",
    "confidence": "high",
    "geometry_role": "design_proposal",
    "official_boundary": false,
    "area_sqm_declared": 2898.8
   },
   "geometry": {
    "type": "Polygon",
    "coordinates": [
     [
      [
       116.34941663876258,
       39.99721284386618
      ],
      [
       116.34941208371914,
       39.997692833544725
      ],
      [
       116.35004893507536,
       39.99769640674386
      ],
      [
       116.35005348566072,
       39.99721641700491
      ],
      [
       116.34941663876258,
       39.99721284386618
      ]
     ]
    ]
   }
  },
  {
   "type": "Feature",
   "id": "bldg_072",
   "properties": {
    "id": "bldg_072",
    "layer": "BUILDING_FOOTPRINT",
    "building_type": "residential",
    "height_m": 23.3,
    "floors": 16,
    "name_zh": "建筑足迹 072",
    "source_type": "agent_generated_design",
    "confidence": "high",
    "geometry_role": "design_proposal",
    "official_boundary": false,
    "area_sqm_declared": 3276.6
   },
   "geometry": {
    "type": "Polygon",
    "coordinates": [
     [
      [
       116.34183227107361,
       39.99807944405403
      ],
      [
       116.34183735480411,
       39.99754992031878
      ],
      [
       116.34118354586981,
       39.99754620560297
      ],
      [
       116.34117977208273,
       39.997938896294244
      ],
      [
       116.34118860547973,
       39.9980757869574
      ],
      [
       116.34183227107361,
       39.99807944405403
      ]
     ]
    ]
   }
  },
  {
   "type": "Feature",
   "id": "bldg_073",
   "properties": {
    "id": "bldg_073",
    "layer": "BUILDING_FOOTPRINT",
    "building_type": "residential",
    "height_m": 79.3,
    "floors": 18,
    "name_zh": "建筑足迹 073",
    "source_type": "agent_generated_design",
    "confidence": "high",
    "geometry_role": "design_proposal",
    "official_boundary": false,
    "area_sqm_declared": 2834.9
   },
   "geometry": {
    "type": "Polygon",
    "coordinates": [
     [
      [
       116.34298137943233,
       39.987791414781825
      ],
      [
       116.34297664856535,
       39.988285213968204
      ],
      [
       116.34358195323537,
       39.98828864366837
      ],
      [
       116.34358667974463,
       39.987794844422346
      ],
      [
       116.34298137943233,
       39.987791414781825
      ]
     ]
    ]
   }
  },
  {
   "type": "Feature",
   "id": "bldg_074",
   "properties": {
    "id": "bldg_074",
    "layer": "BUILDING_FOOTPRINT",
    "building_type": "talent_apartment",
    "height_m": 20.4,
    "floors": 15,
    "name_zh": "建筑足迹 074",
    "source_type": "agent_generated_design",
    "confidence": "high",
    "geometry_role": "design_proposal",
    "official_boundary": false,
    "area_sqm_declared": 3805.8
   },
   "geometry": {
    "type": "Polygon",
    "coordinates": [
     [
      [
       116.34553267789636,
       39.99576413029899
      ],
      [
       116.34552820291987,
       39.99623290848146
      ],
      [
       116.34638428878631,
       39.9962377395843
      ],
      [
       116.3463887579103,
       39.99576896132207
      ],
      [
       116.34553267789636,
       39.99576413029899
      ]
     ]
    ]
   }
  },
  {
   "type": "Feature",
   "id": "bldg_075",
   "properties": {
    "id": "bldg_075",
    "layer": "BUILDING_FOOTPRINT",
    "building_type": "talent_apartment",
    "height_m": 34.7,
    "floors": 18,
    "name_zh": "建筑足迹 075",
    "source_type": "agent_generated_design",
    "confidence": "high",
    "geometry_role": "design_proposal",
    "official_boundary": false,
    "area_sqm_declared": 3415.3
   },
   "geometry": {
    "type": "Polygon",
    "coordinates": [
     [
      [
       116.34999905469054,
       39.997880407771355
      ],
      [
       116.34999384315658,
       39.99843005352367
      ],
      [
       116.35064906749561,
       39.99843372648377
      ],
      [
       116.3506542737771,
       39.997884080660356
      ],
      [
       116.34999905469054,
       39.997880407771355
      ]
     ]
    ]
   }
  },
  {
   "type": "Feature",
   "id": "bldg_076",
   "properties": {
    "id": "bldg_076",
    "layer": "BUILDING_FOOTPRINT",
    "building_type": "residential",
    "height_m": 47.3,
    "floors": 11,
    "name_zh": "建筑足迹 076",
    "source_type": "agent_generated_design",
    "confidence": "high",
    "geometry_role": "design_proposal",
    "official_boundary": false,
    "area_sqm_declared": 3495.9
   },
   "geometry": {
    "type": "Polygon",
    "coordinates": [
     [
      [
       116.34192945239788,
       39.99642329212337
      ],
      [
       116.34193362273494,
       39.99598881916593
      ],
      [
       116.34108515180287,
       39.99598399848581
      ],
      [
       116.34108166319983,
       39.996418475275924
      ],
      [
       116.34192945239788,
       39.99642329212337
      ]
     ]
    ]
   }
  },
  {
   "type": "Feature",
   "id": "bldg_077",
   "properties": {
    "id": "bldg_077",
    "layer": "BUILDING_FOOTPRINT",
    "building_type": "residential",
    "height_m": 72.0,
    "floors": 9,
    "name_zh": "建筑足迹 077",
    "source_type": "agent_generated_design",
    "confidence": "high",
    "geometry_role": "design_proposal",
    "official_boundary": false,
    "area_sqm_declared": 7557.7
   },
   "geometry": {
    "type": "Polygon",
    "coordinates": [
     [
      [
       116.34529642266305,
       39.99120956817523
      ],
      [
       116.34528776172554,
       39.99211665810473
      ],
      [
       116.34616627795388,
       39.99212161740186
      ],
      [
       116.34617492727186,
       39.99121452731394
      ],
      [
       116.34529642266305,
       39.99120956817523
      ]
     ]
    ]
   }
  },
  {
   "type": "Feature",
   "id": "bldg_078",
   "properties": {
    "id": "bldg_078",
    "layer": "BUILDING_FOOTPRINT",
    "building_type": "talent_apartment",
    "height_m": 19.2,
    "floors": 12,
    "name_zh": "建筑足迹 078",
    "source_type": "agent_generated_design",
    "confidence": "high",
    "geometry_role": "design_proposal",
    "official_boundary": false,
    "area_sqm_declared": 3465.2
   },
   "geometry": {
    "type": "Polygon",
    "coordinates": [
     [
      [
       116.35251978165086,
       39.99994092704452
      ],
      [
       116.35251525717378,
       40.00041993449748
      ],
      [
       116.35327811999383,
       40.00042419394045
      ],
      [
       116.35328263914109,
       39.999945186415644
      ],
      [
       116.35251978165086,
       39.99994092704452
      ]
     ]
    ]
   }
  },
  {
   "type": "Feature",
   "id": "bldg_079",
   "properties": {
    "id": "bldg_079",
    "layer": "BUILDING_FOOTPRINT",
    "building_type": "residential",
    "height_m": 25.6,
    "floors": 6,
    "name_zh": "建筑足迹 079",
    "source_type": "agent_generated_design",
    "confidence": "high",
    "geometry_role": "design_proposal",
    "official_boundary": false,
    "area_sqm_declared": 4471.0
   },
   "geometry": {
    "type": "Polygon",
    "coordinates": [
     [
      [
       116.34959740133516,
       39.99540752658247
      ],
      [
       116.3495931993658,
       39.99585046284578
      ],
      [
       116.35065756702531,
       39.995856431029075
      ],
      [
       116.35066176211949,
       39.99541349467267
      ],
      [
       116.34959740133516,
       39.99540752658247
      ]
     ]
    ]
   }
  },
  {
   "type": "Feature",
   "id": "bldg_080",
   "properties": {
    "id": "bldg_080",
    "layer": "BUILDING_FOOTPRINT",
    "building_type": "talent_apartment",
    "height_m": 40.2,
    "floors": 19,
    "name_zh": "建筑足迹 080",
    "source_type": "agent_generated_design",
    "confidence": "high",
    "geometry_role": "design_proposal",
    "official_boundary": false,
    "area_sqm_declared": 4162.1
   },
   "geometry": {
    "type": "Polygon",
    "coordinates": [
     [
      [
       116.34211350989858,
       39.996211374760264
      ],
      [
       116.34210999465793,
       39.99657769650763
      ],
      [
       116.34330807369732,
       39.996584491146535
      ],
      [
       116.3433115825375,
       39.996218169311526
      ],
      [
       116.34211350989858,
       39.996211374760264
      ]
     ]
    ]
   }
  },
  {
   "type": "Feature",
   "id": "bldg_081",
   "properties": {
    "id": "bldg_081",
    "layer": "BUILDING_FOOTPRINT",
    "building_type": "residential",
    "height_m": 24.4,
    "floors": 23,
    "name_zh": "建筑足迹 081",
    "source_type": "agent_generated_design",
    "confidence": "high",
    "geometry_role": "design_proposal",
    "official_boundary": false,
    "area_sqm_declared": 5272.3
   },
   "geometry": {
    "type": "Polygon",
    "coordinates": [
     [
      [
       116.3420312045489,
       39.99724218551753
      ],
      [
       116.3420267381954,
       39.997707545894045
      ],
      [
       116.34322142055643,
       39.99771432219151
      ],
      [
       116.3432258788018,
       39.99724896170395
      ],
      [
       116.3420312045489,
       39.99724218551753
      ]
     ]
    ]
   }
  },
  {
   "type": "Feature",
   "id": "bldg_082",
   "properties": {
    "id": "bldg_082",
    "layer": "BUILDING_FOOTPRINT",
    "building_type": "residential",
    "height_m": 50.3,
    "floors": 21,
    "name_zh": "建筑足迹 082",
    "source_type": "agent_generated_design",
    "confidence": "high",
    "geometry_role": "design_proposal",
    "official_boundary": false,
    "area_sqm_declared": 3541.0
   },
   "geometry": {
    "type": "Polygon",
    "coordinates": [
     [
      [
       116.34937790279967,
       39.994535037719594
      ],
      [
       116.34937404845385,
       39.99494120632756
      ],
      [
       116.35029332250059,
       39.99494636321913
      ],
      [
       116.35029717140154,
       39.99454019453742
      ],
      [
       116.34937790279967,
       39.994535037719594
      ]
     ]
    ]
   }
  },
  {
   "type": "Feature",
   "id": "bldg_083",
   "properties": {
    "id": "bldg_083",
    "layer": "BUILDING_FOOTPRINT",
    "building_type": "residential",
    "height_m": 24.2,
    "floors": 24,
    "name_zh": "建筑足迹 083",
    "source_type": "agent_generated_design",
    "confidence": "high",
    "geometry_role": "design_proposal",
    "official_boundary": false,
    "area_sqm_declared": 4340.1
   },
   "geometry": {
    "type": "Polygon",
    "coordinates": [
     [
      [
       116.35276431652389,
       39.99210300893044
      ],
      [
       116.35275746136256,
       39.99282923859213
      ],
      [
       116.35338760231133,
       39.99283275586526
      ],
      [
       116.35339445079975,
       39.99210652611362
      ],
      [
       116.35276431652389,
       39.99210300893044
      ]
     ]
    ]
   }
  },
  {
   "type": "Feature",
   "id": "bldg_084",
   "properties": {
    "id": "bldg_084",
    "layer": "BUILDING_FOOTPRINT",
    "building_type": "residential",
    "height_m": 73.3,
    "floors": 21,
    "name_zh": "建筑足迹 084",
    "source_type": "agent_generated_design",
    "confidence": "high",
    "geometry_role": "design_proposal",
    "official_boundary": false,
    "area_sqm_declared": 5503.5
   },
   "geometry": {
    "type": "Polygon",
    "coordinates": [
     [
      [
       116.34948745437029,
       39.9958925979984
      ],
      [
       116.3494828614687,
       39.99637665236438
      ],
      [
       116.3506817625128,
       39.996383375377945
      ],
      [
       116.35068634695116,
       39.995899320897365
      ],
      [
       116.34948745437029,
       39.9958925979984
      ]
     ]
    ]
   }
  },
  {
   "type": "Feature",
   "id": "bldg_085",
   "properties": {
    "id": "bldg_085",
    "layer": "BUILDING_FOOTPRINT",
    "building_type": "residential",
    "height_m": 35.6,
    "floors": 22,
    "name_zh": "建筑足迹 085",
    "source_type": "agent_generated_design",
    "confidence": "high",
    "geometry_role": "design_proposal",
    "official_boundary": false,
    "area_sqm_declared": 4034.7
   },
   "geometry": {
    "type": "Polygon",
    "coordinates": [
     [
      [
       116.35014325696851,
       39.99977752969283
      ],
      [
       116.35013832092636,
       40.00029820088139
      ],
      [
       116.35095547654724,
       40.00030278003402
      ],
      [
       116.35096040638372,
       39.999782108761515
      ],
      [
       116.35014325696851,
       39.99977752969283
      ]
     ]
    ]
   }
  },
  {
   "type": "Feature",
   "id": "bldg_086",
   "properties": {
    "id": "bldg_086",
    "layer": "BUILDING_FOOTPRINT",
    "building_type": "residential",
    "height_m": 67.9,
    "floors": 9,
    "name_zh": "建筑足迹 086",
    "source_type": "agent_generated_design",
    "confidence": "high",
    "geometry_role": "design_proposal",
    "official_boundary": false,
    "area_sqm_declared": 7944.9
   },
   "geometry": {
    "type": "Polygon",
    "coordinates": [
     [
      [
       116.342377367854,
       40.00020912483551
      ],
      [
       116.34236963747806,
       40.00101490386593
      ],
      [
       116.34340940177722,
       40.001020799196645
      ],
      [
       116.34341711993298,
       40.00021501999897
      ],
      [
       116.342377367854,
       40.00020912483551
      ]
     ]
    ]
   }
  },
  {
   "type": "Feature",
   "id": "bldg_087",
   "properties": {
    "id": "bldg_087",
    "layer": "BUILDING_FOOTPRINT",
    "building_type": "talent_apartment",
    "height_m": 23.0,
    "floors": 6,
    "name_zh": "建筑足迹 087",
    "source_type": "agent_generated_design",
    "confidence": "high",
    "geometry_role": "design_proposal",
    "official_boundary": false,
    "area_sqm_declared": 5988.6
   },
   "geometry": {
    "type": "Polygon",
    "coordinates": [
     [
      [
       116.34157365567825,
       39.99076074321136
      ],
      [
       116.34156656338318,
       39.99149935851343
      ],
      [
       116.34242146013386,
       39.991504211995874
      ],
      [
       116.3424285432221,
       39.99076559656757
      ],
      [
       116.34157365567825,
       39.99076074321136
      ]
     ]
    ]
   }
  },
  {
   "type": "Feature",
   "id": "bldg_088",
   "properties": {
    "id": "bldg_088",
    "layer": "BUILDING_FOOTPRINT",
    "building_type": "talent_apartment",
    "height_m": 63.0,
    "floors": 22,
    "name_zh": "建筑足迹 088",
    "source_type": "agent_generated_design",
    "confidence": "high",
    "geometry_role": "design_proposal",
    "official_boundary": false,
    "area_sqm_declared": 2219.0
   },
   "geometry": {
    "type": "Polygon",
    "coordinates": [
     [
      [
       116.34947604663762,
       40.00003759410609
      ],
      [
       116.34947253619914,
       40.00040750573106
      ],
      [
       116.35010511756549,
       40.00041105471231
      ],
      [
       116.35010862459094,
       40.00004114304111
      ],
      [
       116.34947604663762,
       40.00003759410609
      ]
     ]
    ]
   }
  },
  {
   "type": "Feature",
   "id": "bldg_089",
   "properties": {
    "id": "bldg_089",
    "layer": "BUILDING_FOOTPRINT",
    "building_type": "talent_apartment",
    "height_m": 37.6,
    "floors": 5,
    "name_zh": "建筑足迹 089",
    "source_type": "agent_generated_design",
    "confidence": "high",
    "geometry_role": "design_proposal",
    "official_boundary": false,
    "area_sqm_declared": 4598.3
   },
   "geometry": {
    "type": "Polygon",
    "coordinates": [
     [
      [
       116.3526510281405,
       39.9969089608153
      ],
      [
       116.35264658617434,
       39.99737937899185
      ],
      [
       116.35367751185409,
       39.99738513269692
      ],
      [
       116.35368147646815,
       39.996964598451775
      ],
      [
       116.35367874291575,
       39.9969146965585
      ],
      [
       116.3526510281405,
       39.9969089608153
      ]
     ]
    ]
   }
  },
  {
   "type": "Feature",
   "id": "bldg_090",
   "properties": {
    "id": "bldg_090",
    "layer": "BUILDING_FOOTPRINT",
    "building_type": "talent_apartment",
    "height_m": 70.0,
    "floors": 8,
    "name_zh": "建筑足迹 090",
    "source_type": "agent_generated_design",
    "confidence": "high",
    "geometry_role": "design_proposal",
    "official_boundary": false,
    "area_sqm_declared": 5420.9
   },
   "geometry": {
    "type": "Polygon",
    "coordinates": [
     [
      [
       116.34193557227157,
       39.998977199662654
      ],
      [
       116.3419432088794,
       39.99818166225172
      ],
      [
       116.34119516327826,
       39.998177412478746
      ],
      [
       116.3412465207931,
       39.99897328515638
      ],
      [
       116.34193557227157,
       39.998977199662654
      ]
     ]
    ]
   }
  },
  {
   "type": "Feature",
   "id": "bldg_091",
   "properties": {
    "id": "bldg_091",
    "layer": "BUILDING_FOOTPRINT",
    "building_type": "residential",
    "height_m": 53.8,
    "floors": 22,
    "name_zh": "建筑足迹 091",
    "source_type": "agent_generated_design",
    "confidence": "high",
    "geometry_role": "design_proposal",
    "official_boundary": false,
    "area_sqm_declared": 6107.5
   },
   "geometry": {
    "type": "Polygon",
    "coordinates": [
     [
      [
       116.3407150584092,
       39.98885918885862
      ],
      [
       116.34071003331731,
       39.98938187528929
      ],
      [
       116.34194204070418,
       39.98938887674323
      ],
      [
       116.34194705640742,
       39.98886619018368
      ],
      [
       116.3407150584092,
       39.98885918885862
      ]
     ]
    ]
   }
  },
  {
   "type": "Feature",
   "id": "bldg_092",
   "properties": {
    "id": "bldg_092",
    "layer": "BUILDING_FOOTPRINT",
    "building_type": "residential",
    "height_m": 21.7,
    "floors": 9,
    "name_zh": "建筑足迹 092",
    "source_type": "agent_generated_design",
    "confidence": "high",
    "geometry_role": "design_proposal",
    "official_boundary": false,
    "area_sqm_declared": 3865.2
   },
   "geometry": {
    "type": "Polygon",
    "coordinates": [
     [
      [
       116.35249544338284,
       40.000758543782446
      ],
      [
       116.35248835669206,
       40.00150875828606
      ],
      [
       116.35303167637812,
       40.0015117925711
      ],
      [
       116.35303875712353,
       40.00076157798733
      ],
      [
       116.35249544338284,
       40.000758543782446
      ]
     ]
    ]
   }
  },
  {
   "type": "Feature",
   "id": "bldg_093",
   "properties": {
    "id": "bldg_093",
    "layer": "BUILDING_FOOTPRINT",
    "building_type": "talent_apartment",
    "height_m": 50.8,
    "floors": 7,
    "name_zh": "建筑足迹 093",
    "source_type": "agent_generated_design",
    "confidence": "high",
    "geometry_role": "design_proposal",
    "official_boundary": false,
    "area_sqm_declared": 4550.3
   },
   "geometry": {
    "type": "Polygon",
    "coordinates": [
     [
      [
       116.34942751307783,
       39.998523458740536
      ],
      [
       116.3494218865048,
       39.999116341912874
      ],
      [
       116.35023121141107,
       39.99912088218236
      ],
      [
       116.35023683098579,
       39.998527998915236
      ],
      [
       116.34942751307783,
       39.998523458740536
      ]
     ]
    ]
   }
  },
  {
   "type": "Feature",
   "id": "bldg_094",
   "properties": {
    "id": "bldg_094",
    "layer": "BUILDING_FOOTPRINT",
    "building_type": "residential",
    "height_m": 78.9,
    "floors": 24,
    "name_zh": "建筑足迹 094",
    "source_type": "agent_generated_design",
    "confidence": "high",
    "geometry_role": "design_proposal",
    "official_boundary": false,
    "area_sqm_declared": 4326.3
   },
   "geometry": {
    "type": "Polygon",
    "coordinates": [
     [
      [
       116.35278942402229,
       39.98726034248625
      ],
      [
       116.3527833329657,
       39.98790576106008
      ],
      [
       116.35346729474107,
       39.98790957832099
      ],
      [
       116.35351892448926,
       39.98726441370573
      ],
      [
       116.35278942402229,
       39.98726034248625
      ]
     ]
    ]
   }
  },
  {
   "type": "Feature",
   "id": "bldg_095",
   "properties": {
    "id": "bldg_095",
    "layer": "BUILDING_FOOTPRINT",
    "building_type": "residential",
    "height_m": 31.8,
    "floors": 14,
    "name_zh": "建筑足迹 095",
    "source_type": "agent_generated_design",
    "confidence": "high",
    "geometry_role": "design_proposal",
    "official_boundary": false,
    "area_sqm_declared": 4294.7
   },
   "geometry": {
    "type": "Polygon",
    "coordinates": [
     [
      [
       116.35331602239701,
       40.00037824048626
      ],
      [
       116.35330861773633,
       40.001163120744636
      ],
      [
       116.35390258844997,
       40.00116643356021
      ],
      [
       116.3539039200129,
       40.001025162895004
      ],
      [
       116.3538686479724,
       40.00038132275189
      ],
      [
       116.35331602239701,
       40.00037824048626
      ]
     ]
    ]
   }
  },
  {
   "type": "Feature",
   "id": "bldg_096",
   "properties": {
    "id": "bldg_096",
    "layer": "BUILDING_FOOTPRINT",
    "building_type": "residential",
    "height_m": 71.9,
    "floors": 14,
    "name_zh": "建筑足迹 096",
    "source_type": "agent_generated_design",
    "confidence": "high",
    "geometry_role": "design_proposal",
    "official_boundary": false,
    "area_sqm_declared": 4186.4
   },
   "geometry": {
    "type": "Polygon",
    "coordinates": [
     [
      [
       116.34971098808373,
       39.99061381361711
      ],
      [
       116.34970705892434,
       39.99102813582197
      ],
      [
       116.35077243188807,
       39.99103410841673
      ],
      [
       116.35077635461144,
       39.990619786124725
      ],
      [
       116.34971098808373,
       39.99061381361711
      ]
     ]
    ]
   }
  },
  {
   "type": "Feature",
   "id": "bldg_097",
   "properties": {
    "id": "bldg_097",
    "layer": "BUILDING_FOOTPRINT",
    "building_type": "talent_apartment",
    "height_m": 21.3,
    "floors": 5,
    "name_zh": "建筑足迹 097",
    "source_type": "agent_generated_design",
    "confidence": "high",
    "geometry_role": "design_proposal",
    "official_boundary": false,
    "area_sqm_declared": 3721.0
   },
   "geometry": {
    "type": "Polygon",
    "coordinates": [
     [
      [
       116.34258912596871,
       39.99114978981785
      ],
      [
       116.34258540955678,
       39.99153742531535
      ],
      [
       116.34359755055968,
       39.99154316193297
      ],
      [
       116.34360126125092,
       39.99115552635714
      ],
      [
       116.34258912596871,
       39.99114978981785
      ]
     ]
    ]
   }
  },
  {
   "type": "Feature",
   "id": "bldg_098",
   "properties": {
    "id": "bldg_098",
    "layer": "BUILDING_FOOTPRINT",
    "building_type": "residential",
    "height_m": 76.5,
    "floors": 13,
    "name_zh": "建筑足迹 098",
    "source_type": "agent_generated_design",
    "confidence": "high",
    "geometry_role": "design_proposal",
    "official_boundary": false,
    "area_sqm_declared": 2573.4
   },
   "geometry": {
    "type": "Polygon",
    "coordinates": [
     [
      [
       116.34541211190539,
       40.0009866461775
      ],
      [
       116.3454071206848,
       40.00150930964942
      ],
      [
       116.34592634723494,
       40.001512241162935
      ],
      [
       116.34593133449717,
       40.00098957763705
      ],
      [
       116.34541211190539,
       40.0009866461775
      ]
     ]
    ]
   }
  },
  {
   "type": "Feature",
   "id": "bldg_099",
   "properties": {
    "id": "bldg_099",
    "layer": "BUILDING_FOOTPRINT",
    "building_type": "residential",
    "height_m": 29.8,
    "floors": 19,
    "name_zh": "建筑足迹 099",
    "source_type": "agent_generated_design",
    "confidence": "high",
    "geometry_role": "design_proposal",
    "official_boundary": false,
    "area_sqm_declared": 4653.9
   },
   "geometry": {
    "type": "Polygon",
    "coordinates": [
     [
      [
       116.34515224037342,
       39.99785721027144
      ],
      [
       116.3451485630459,
       39.99824217871342
      ],
      [
       116.34642334146815,
       39.99824937456185
      ],
      [
       116.3464270116384,
       39.99786440602232
      ],
      [
       116.34515224037342,
       39.99785721027144
      ]
     ]
    ]
   }
  },
  {
   "type": "Feature",
   "id": "bldg_100",
   "properties": {
    "id": "bldg_100",
    "layer": "BUILDING_FOOTPRINT",
    "building_type": "residential",
    "height_m": 28.6,
    "floors": 14,
    "name_zh": "建筑足迹 100",
    "source_type": "agent_generated_design",
    "confidence": "high",
    "geometry_role": "design_proposal",
    "official_boundary": false,
    "area_sqm_declared": 3109.0
   },
   "geometry": {
    "type": "Polygon",
    "coordinates": [
     [
      [
       116.34950152110409,
       39.99116090566586
      ],
      [
       116.34949725724383,
       39.99161036748882
      ],
      [
       116.35022661069728,
       39.99161445871438
      ],
      [
       116.35023086977765,
       39.99116499682665
      ],
      [
       116.34950152110409,
       39.99116090566586
      ]
     ]
    ]
   }
  },
  {
   "type": "Feature",
   "id": "bldg_101",
   "properties": {
    "id": "bldg_101",
    "layer": "BUILDING_FOOTPRINT",
    "building_type": "lab",
    "height_m": 47.7,
    "floors": 10,
    "name_zh": "建筑足迹 101",
    "source_type": "agent_generated_design",
    "confidence": "high",
    "geometry_role": "design_proposal",
    "official_boundary": false,
    "area_sqm_declared": 7299.8
   },
   "geometry": {
    "type": "Polygon",
    "coordinates": [
     [
      [
       116.34027771272332,
       39.98226145644294
      ],
      [
       116.3402714996862,
       39.98290742845418
      ],
      [
       116.34146287538172,
       39.98291420345094
      ],
      [
       116.34146907720097,
       39.98226823128556
      ],
      [
       116.34027771272332,
       39.98226145644294
      ]
     ]
    ]
   }
  },
  {
   "type": "Feature",
   "id": "bldg_102",
   "properties": {
    "id": "bldg_102",
    "layer": "BUILDING_FOOTPRINT",
    "building_type": "ai_r_and_d",
    "height_m": 39.1,
    "floors": 23,
    "name_zh": "建筑足迹 102",
    "source_type": "agent_generated_design",
    "confidence": "high",
    "geometry_role": "design_proposal",
    "official_boundary": false,
    "area_sqm_declared": 3235.2
   },
   "geometry": {
    "type": "Polygon",
    "coordinates": [
     [
      [
       116.34204901866907,
       39.982392689581104
      ],
      [
       116.34204408969369,
       39.98290653623811
      ],
      [
       116.34270786574791,
       39.98291030229242
      ],
      [
       116.3427127897516,
       39.98239645556727
      ],
      [
       116.34204901866907,
       39.982392689581104
      ]
     ]
    ]
   }
  },
  {
   "type": "Feature",
   "id": "bldg_103",
   "properties": {
    "id": "bldg_103",
    "layer": "BUILDING_FOOTPRINT",
    "building_type": "lab",
    "height_m": 52.4,
    "floors": 19,
    "name_zh": "建筑足迹 103",
    "source_type": "agent_generated_design",
    "confidence": "high",
    "geometry_role": "design_proposal",
    "official_boundary": false,
    "area_sqm_declared": 8855.1
   },
   "geometry": {
    "type": "Polygon",
    "coordinates": [
     [
      [
       116.34138799895656,
       39.98310855002774
      ],
      [
       116.34137947495317,
       39.98399625618157
      ],
      [
       116.34243115153899,
       39.98400222737055
      ],
      [
       116.34243966193377,
       39.983114521030046
      ],
      [
       116.34138799895656,
       39.98310855002774
      ]
     ]
    ]
   }
  },
  {
   "type": "Feature",
   "id": "bldg_104",
   "properties": {
    "id": "bldg_104",
    "layer": "BUILDING_FOOTPRINT",
    "building_type": "incubator",
    "height_m": 65.8,
    "floors": 17,
    "name_zh": "建筑足迹 104",
    "source_type": "agent_generated_design",
    "confidence": "high",
    "geometry_role": "design_proposal",
    "official_boundary": false,
    "area_sqm_declared": 5594.9
   },
   "geometry": {
    "type": "Polygon",
    "coordinates": [
     [
      [
       116.34086302943933,
       39.97924007619787
      ],
      [
       116.34085377816456,
       39.980202885034046
      ],
      [
       116.34146639376875,
       39.980206367190156
      ],
      [
       116.34147563644683,
       39.97924355823589
      ],
      [
       116.34086302943933,
       39.97924007619787
      ]
     ]
    ]
   }
  },
  {
   "type": "Feature",
   "id": "bldg_105",
   "properties": {
    "id": "bldg_105",
    "layer": "BUILDING_FOOTPRINT",
    "building_type": "ai_r_and_d",
    "height_m": 59.0,
    "floors": 19,
    "name_zh": "建筑足迹 105",
    "source_type": "agent_generated_design",
    "confidence": "high",
    "geometry_role": "design_proposal",
    "official_boundary": false,
    "area_sqm_declared": 4010.4
   },
   "geometry": {
    "type": "Polygon",
    "coordinates": [
     [
      [
       116.3502168613866,
       39.984981054897766
      ],
      [
       116.35020997995088,
       39.985707393666246
      ],
      [
       116.35079211325262,
       39.98571065575015
      ],
      [
       116.35079898852445,
       39.98498431689822
      ],
      [
       116.3502168613866,
       39.984981054897766
      ]
     ]
    ]
   }
  },
  {
   "type": "Feature",
   "id": "bldg_106",
   "properties": {
    "id": "bldg_106",
    "layer": "BUILDING_FOOTPRINT",
    "building_type": "lab",
    "height_m": 78.4,
    "floors": 9,
    "name_zh": "建筑足迹 106",
    "source_type": "agent_generated_design",
    "confidence": "high",
    "geometry_role": "design_proposal",
    "official_boundary": false,
    "area_sqm_declared": 1850.4
   },
   "geometry": {
    "type": "Polygon",
    "coordinates": [
     [
      [
       116.34981785085061,
       39.982542345301525
      ],
      [
       116.34981434238884,
       39.98291247321085
      ],
      [
       116.35034140724261,
       39.98291542858367
      ],
      [
       116.35034491286078,
       39.982545300635834
      ],
      [
       116.34981785085061,
       39.982542345301525
      ]
     ]
    ]
   }
  },
  {
   "type": "Feature",
   "id": "bldg_107",
   "properties": {
    "id": "bldg_107",
    "layer": "BUILDING_FOOTPRINT",
    "building_type": "incubator",
    "height_m": 55.5,
    "floors": 18,
    "name_zh": "建筑足迹 107",
    "source_type": "agent_generated_design",
    "confidence": "high",
    "geometry_role": "design_proposal",
    "official_boundary": false,
    "area_sqm_declared": 3901.8
   },
   "geometry": {
    "type": "Polygon",
    "coordinates": [
     [
      [
       116.34560841821205,
       39.98207987456483
      ],
      [
       116.34560111895554,
       39.98284496654401
      ],
      [
       116.346138768343,
       39.982848000786056
      ],
      [
       116.34614606160355,
       39.982082908725125
      ],
      [
       116.34560841821205,
       39.98207987456483
      ]
     ]
    ]
   }
  },
  {
   "type": "Feature",
   "id": "bldg_108",
   "properties": {
    "id": "bldg_108",
    "layer": "BUILDING_FOOTPRINT",
    "building_type": "lab",
    "height_m": 40.0,
    "floors": 10,
    "name_zh": "建筑足迹 108",
    "source_type": "agent_generated_design",
    "confidence": "high",
    "geometry_role": "design_proposal",
    "official_boundary": false,
    "area_sqm_declared": 6005.1
   },
   "geometry": {
    "type": "Polygon",
    "coordinates": [
     [
      [
       116.34550623651256,
       39.98510252555993
      ],
      [
       116.34550006540857,
       39.98574919848305
      ],
      [
       116.34647911193653,
       39.98575472285097
      ],
      [
       116.34648527381096,
       39.985108049802044
      ],
      [
       116.34550623651256,
       39.98510252555993
      ]
     ]
    ]
   }
  },
  {
   "type": "Feature",
   "id": "bldg_109",
   "properties": {
    "id": "bldg_109",
    "layer": "BUILDING_FOOTPRINT",
    "building_type": "incubator",
    "height_m": 79.0,
    "floors": 13,
    "name_zh": "建筑足迹 109",
    "source_type": "agent_generated_design",
    "confidence": "high",
    "geometry_role": "design_proposal",
    "official_boundary": false,
    "area_sqm_declared": 8652.1
   },
   "geometry": {
    "type": "Polygon",
    "coordinates": [
     [
      [
       116.34093289842527,
       39.98410993388532
      ],
      [
       116.3409236110726,
       39.985076432439904
      ],
      [
       116.34186742529619,
       39.985081795396695
      ],
      [
       116.34187669935146,
       39.98411529665957
      ],
      [
       116.34093289842527,
       39.98410993388532
      ]
     ]
    ]
   }
  },
  {
   "type": "Feature",
   "id": "bldg_110",
   "properties": {
    "id": "bldg_110",
    "layer": "BUILDING_FOOTPRINT",
    "building_type": "incubator",
    "height_m": 51.4,
    "floors": 23,
    "name_zh": "建筑足迹 110",
    "source_type": "agent_generated_design",
    "confidence": "high",
    "geometry_role": "design_proposal",
    "official_boundary": false,
    "area_sqm_declared": 6716.6
   },
   "geometry": {
    "type": "Polygon",
    "coordinates": [
     [
      [
       116.35282946922649,
       39.97907765200948
      ],
      [
       116.35282165985811,
       39.97990543406832
      ],
      [
       116.35367705557465,
       39.979910206972754
      ],
      [
       116.35368485462291,
       39.97908242477477
      ],
      [
       116.35282946922649,
       39.97907765200948
      ]
     ]
    ]
   }
  },
  {
   "type": "Feature",
   "id": "bldg_111",
   "properties": {
    "id": "bldg_111",
    "layer": "BUILDING_FOOTPRINT",
    "building_type": "ai_r_and_d",
    "height_m": 69.9,
    "floors": 18,
    "name_zh": "建筑足迹 111",
    "source_type": "agent_generated_design",
    "confidence": "high",
    "geometry_role": "design_proposal",
    "official_boundary": false,
    "area_sqm_declared": 2938.1
   },
   "geometry": {
    "type": "Polygon",
    "coordinates": [
     [
      [
       116.34180949812473,
       39.9862281925569
      ],
      [
       116.34180553039093,
       39.98664162369239
      ],
      [
       116.34255479585303,
       39.986645876148586
      ],
      [
       116.3425587590709,
       39.986232444951185
      ],
      [
       116.34180949812473,
       39.9862281925569
      ]
     ]
    ]
   }
  },
  {
   "type": "Feature",
   "id": "bldg_112",
   "properties": {
    "id": "bldg_112",
    "layer": "BUILDING_FOOTPRINT",
    "building_type": "lab",
    "height_m": 47.5,
    "floors": 22,
    "name_zh": "建筑足迹 112",
    "source_type": "agent_generated_design",
    "confidence": "high",
    "geometry_role": "design_proposal",
    "official_boundary": false,
    "area_sqm_declared": 4469.5
   },
   "geometry": {
    "type": "Polygon",
    "coordinates": [
     [
      [
       116.34210141625461,
       39.98173187275098
      ],
      [
       116.34209725988941,
       39.98216522021318
      ],
      [
       116.34318461678872,
       39.98217138701701
      ],
      [
       116.34318876628565,
       39.9817380394607
      ],
      [
       116.34210141625461,
       39.98173187275098
      ]
     ]
    ]
   }
  },
  {
   "type": "Feature",
   "id": "bldg_113",
   "properties": {
    "id": "bldg_113",
    "layer": "BUILDING_FOOTPRINT",
    "building_type": "incubator",
    "height_m": 72.0,
    "floors": 5,
    "name_zh": "建筑足迹 113",
    "source_type": "agent_generated_design",
    "confidence": "high",
    "geometry_role": "design_proposal",
    "official_boundary": false,
    "area_sqm_declared": 4950.7
   },
   "geometry": {
    "type": "Polygon",
    "coordinates": [
     [
      [
       116.34522068281592,
       39.98051630892691
      ],
      [
       116.3452131313125,
       39.98130741558945
      ],
      [
       116.34587286553257,
       39.98131114064765
      ],
      [
       116.34588040942877,
       39.98052003388133
      ],
      [
       116.34522068281592,
       39.98051630892691
      ]
     ]
    ]
   }
  },
  {
   "type": "Feature",
   "id": "bldg_114",
   "properties": {
    "id": "bldg_114",
    "layer": "BUILDING_FOOTPRINT",
    "building_type": "ai_r_and_d",
    "height_m": 33.7,
    "floors": 19,
    "name_zh": "建筑足迹 114",
    "source_type": "agent_generated_design",
    "confidence": "high",
    "geometry_role": "design_proposal",
    "official_boundary": false,
    "area_sqm_declared": 8213.0
   },
   "geometry": {
    "type": "Polygon",
    "coordinates": [
     [
      [
       116.34236820090993,
       39.97927576301087
      ],
      [
       116.34235989349547,
       39.980142321373854
      ],
      [
       116.34335906460576,
       39.98014798608985
      ],
      [
       116.34336735940074,
       39.97928142755399
      ],
      [
       116.34236820090993,
       39.97927576301087
      ]
     ]
    ]
   }
  },
  {
   "type": "Feature",
   "id": "bldg_115",
   "properties": {
    "id": "bldg_115",
    "layer": "BUILDING_FOOTPRINT",
    "building_type": "lab",
    "height_m": 29.1,
    "floors": 20,
    "name_zh": "建筑足迹 115",
    "source_type": "agent_generated_design",
    "confidence": "high",
    "geometry_role": "design_proposal",
    "official_boundary": false,
    "area_sqm_declared": 2353.0
   },
   "geometry": {
    "type": "Polygon",
    "coordinates": [
     [
      [
       116.3533115190305,
       39.98014304173889
      ],
      [
       116.35330771063298,
       39.98054701643866
      ],
      [
       116.3539217693558,
       39.98055044081758
      ],
      [
       116.35392557413772,
       39.980146466069094
      ],
      [
       116.3533115190305,
       39.98014304173889
      ]
     ]
    ]
   }
  },
  {
   "type": "Feature",
   "id": "bldg_116",
   "properties": {
    "id": "bldg_116",
    "layer": "BUILDING_FOOTPRINT",
    "building_type": "ai_r_and_d",
    "height_m": 74.6,
    "floors": 13,
    "name_zh": "建筑足迹 116",
    "source_type": "agent_generated_design",
    "confidence": "high",
    "geometry_role": "design_proposal",
    "official_boundary": false,
    "area_sqm_declared": 3704.6
   },
   "geometry": {
    "type": "Polygon",
    "coordinates": [
     [
      [
       116.34579954079831,
       39.98338975786448
      ],
      [
       116.34579285430257,
       39.98409079484873
      ],
      [
       116.34634999025558,
       39.98409393811905
      ],
      [
       116.34635667105793,
       39.98339290105721
      ],
      [
       116.34579954079831,
       39.98338975786448
      ]
     ]
    ]
   }
  },
  {
   "type": "Feature",
   "id": "bldg_117",
   "properties": {
    "id": "bldg_117",
    "layer": "BUILDING_FOOTPRINT",
    "building_type": "ai_r_and_d",
    "height_m": 52.4,
    "floors": 17,
    "name_zh": "建筑足迹 117",
    "source_type": "agent_generated_design",
    "confidence": "high",
    "geometry_role": "design_proposal",
    "official_boundary": false,
    "area_sqm_declared": 3293.5
   },
   "geometry": {
    "type": "Polygon",
    "coordinates": [
     [
      [
       116.35042360752863,
       39.983722897512955
      ],
      [
       116.35041745177213,
       39.98437287764203
      ],
      [
       116.35095166632884,
       39.98437587033494
      ],
      [
       116.35095781702371,
       39.98372589013734
      ],
      [
       116.35042360752863,
       39.983722897512955
      ]
     ]
    ]
   }
  },
  {
   "type": "Feature",
   "id": "bldg_118",
   "properties": {
    "id": "bldg_118",
    "layer": "BUILDING_FOOTPRINT",
    "building_type": "incubator",
    "height_m": 60.1,
    "floors": 15,
    "name_zh": "建筑足迹 118",
    "source_type": "agent_generated_design",
    "confidence": "high",
    "geometry_role": "design_proposal",
    "official_boundary": false,
    "area_sqm_declared": 3690.8
   },
   "geometry": {
    "type": "Polygon",
    "coordinates": [
     [
      [
       116.34259263934824,
       39.98123200008422
      ],
      [
       116.3425888056726,
       39.98163200969311
      ],
      [
       116.34356154863531,
       39.9816375228164
      ],
      [
       116.34356537663939,
       39.98123751312984
      ],
      [
       116.34259263934824,
       39.98123200008422
      ]
     ]
    ]
   }
  },
  {
   "type": "Feature",
   "id": "bldg_119",
   "properties": {
    "id": "bldg_119",
    "layer": "BUILDING_FOOTPRINT",
    "building_type": "lab",
    "height_m": 52.3,
    "floors": 19,
    "name_zh": "建筑足迹 119",
    "source_type": "agent_generated_design",
    "confidence": "high",
    "geometry_role": "design_proposal",
    "official_boundary": false,
    "area_sqm_declared": 2628.8
   },
   "geometry": {
    "type": "Polygon",
    "coordinates": [
     [
      [
       116.3503477942824,
       39.979830843841405
      ],
      [
       116.3503427476011,
       39.980363730967845
      ],
      [
       116.35086280789973,
       39.980366644664144
      ],
      [
       116.35086785054177,
       39.97983375748302
      ],
      [
       116.3503477942824,
       39.979830843841405
      ]
     ]
    ]
   }
  },
  {
   "type": "Feature",
   "id": "bldg_120",
   "properties": {
    "id": "bldg_120",
    "layer": "BUILDING_FOOTPRINT",
    "building_type": "ai_r_and_d",
    "height_m": 18.4,
    "floors": 10,
    "name_zh": "建筑足迹 120",
    "source_type": "agent_generated_design",
    "confidence": "high",
    "geometry_role": "design_proposal",
    "official_boundary": false,
    "area_sqm_declared": 5588.5
   },
   "geometry": {
    "type": "Polygon",
    "coordinates": [
     [
      [
       116.34194996931713,
       39.985611539196626
      ],
      [
       116.34194423795833,
       39.986208874904214
      ],
      [
       116.3429306218158,
       39.98621447092163
      ],
      [
       116.34293634458515,
       39.98561713509631
      ],
      [
       116.34194996931713,
       39.985611539196626
      ]
     ]
    ]
   }
  },
  {
   "type": "Feature",
   "id": "bldg_121",
   "properties": {
    "id": "bldg_121",
    "layer": "BUILDING_FOOTPRINT",
    "building_type": "incubator",
    "height_m": 67.9,
    "floors": 19,
    "name_zh": "建筑足迹 121",
    "source_type": "agent_generated_design",
    "confidence": "high",
    "geometry_role": "design_proposal",
    "official_boundary": false,
    "area_sqm_declared": 2867.4
   },
   "geometry": {
    "type": "Polygon",
    "coordinates": [
     [
      [
       116.34278911611352,
       39.980463072411894
      ],
      [
       116.34278346520922,
       39.98105288311184
      ],
      [
       116.34329599569459,
       39.98105578807893
      ],
      [
       116.34330164219278,
       39.980465977318644
      ],
      [
       116.34278911611352,
       39.980463072411894
      ]
     ]
    ]
   }
  },
  {
   "type": "Feature",
   "id": "bldg_122",
   "properties": {
    "id": "bldg_122",
    "layer": "BUILDING_FOOTPRINT",
    "building_type": "ai_r_and_d",
    "height_m": 66.8,
    "floors": 7,
    "name_zh": "建筑足迹 122",
    "source_type": "agent_generated_design",
    "confidence": "high",
    "geometry_role": "design_proposal",
    "official_boundary": false,
    "area_sqm_declared": 4111.0
   },
   "geometry": {
    "type": "Polygon",
    "coordinates": [
     [
      [
       116.35263654611185,
       39.982941227278005
      ],
      [
       116.35263154107383,
       39.983471527231025
      ],
      [
       116.35344883493161,
       39.983476089109786
      ],
      [
       116.35345383365191,
       39.982945789071564
      ],
      [
       116.35263654611185,
       39.982941227278005
      ]
     ]
    ]
   }
  },
  {
   "type": "Feature",
   "id": "bldg_123",
   "properties": {
    "id": "bldg_123",
    "layer": "BUILDING_FOOTPRINT",
    "building_type": "lab",
    "height_m": 56.4,
    "floors": 16,
    "name_zh": "建筑足迹 123",
    "source_type": "agent_generated_design",
    "confidence": "high",
    "geometry_role": "design_proposal",
    "official_boundary": false,
    "area_sqm_declared": 6790.2
   },
   "geometry": {
    "type": "Polygon",
    "coordinates": [
     [
      [
       116.34056290109939,
       39.98153110310777
      ],
      [
       116.34055723206747,
       39.982120785750354
      ],
      [
       116.34177121153878,
       39.98212768614379
      ],
      [
       116.34177687013631,
       39.98153800335791
      ],
      [
       116.34056290109939,
       39.98153110310777
      ]
     ]
    ]
   }
  },
  {
   "type": "Feature",
   "id": "bldg_124",
   "properties": {
    "id": "bldg_124",
    "layer": "BUILDING_FOOTPRINT",
    "building_type": "ai_r_and_d",
    "height_m": 26.6,
    "floors": 15,
    "name_zh": "建筑足迹 124",
    "source_type": "agent_generated_design",
    "confidence": "high",
    "geometry_role": "design_proposal",
    "official_boundary": false,
    "area_sqm_declared": 5604.7
   },
   "geometry": {
    "type": "Polygon",
    "coordinates": [
     [
      [
       116.34941695369311,
       39.98294101556704
      ],
      [
       116.34940966123807,
       39.983709846102876
      ],
      [
       116.35017822333265,
       39.9837141575095
      ],
      [
       116.35018550717436,
       39.982945326856935
      ],
      [
       116.34941695369311,
       39.98294101556704
      ]
     ]
    ]
   }
  },
  {
   "type": "Feature",
   "id": "bldg_125",
   "properties": {
    "id": "bldg_125",
    "layer": "BUILDING_FOOTPRINT",
    "building_type": "ai_r_and_d",
    "height_m": 37.9,
    "floors": 13,
    "name_zh": "建筑足迹 125",
    "source_type": "agent_generated_design",
    "confidence": "high",
    "geometry_role": "design_proposal",
    "official_boundary": false,
    "area_sqm_declared": 8636.2
   },
   "geometry": {
    "type": "Polygon",
    "coordinates": [
     [
      [
       116.34266531800094,
       39.984237232516264
      ],
      [
       116.34265607093259,
       39.98520207091667
      ],
      [
       116.34359976478312,
       39.98520741908734
      ],
      [
       116.34360899857856,
       39.984242580505196
      ],
      [
       116.34266531800094,
       39.984237232516264
      ]
     ]
    ]
   }
  },
  {
   "type": "Feature",
   "id": "bldg_126",
   "properties": {
    "id": "bldg_126",
    "layer": "BUILDING_FOOTPRINT",
    "building_type": "ai_r_and_d",
    "height_m": 62.1,
    "floors": 14,
    "name_zh": "建筑足迹 126",
    "source_type": "agent_generated_design",
    "confidence": "high",
    "geometry_role": "design_proposal",
    "official_boundary": false,
    "area_sqm_declared": 3018.3
   },
   "geometry": {
    "type": "Polygon",
    "coordinates": [
     [
      [
       116.3529846352096,
       39.983567813763116
      ],
      [
       116.35297954597269,
       39.98410731283621
      ],
      [
       116.35356938690809,
       39.984110603964226
      ],
      [
       116.35357447150632,
       39.98357110482859
      ],
      [
       116.3529846352096,
       39.983567813763116
      ]
     ]
    ]
   }
  },
  {
   "type": "Feature",
   "id": "bldg_127",
   "properties": {
    "id": "bldg_127",
    "layer": "BUILDING_FOOTPRINT",
    "building_type": "ai_r_and_d",
    "height_m": 28.0,
    "floors": 8,
    "name_zh": "建筑足迹 127",
    "source_type": "agent_generated_design",
    "confidence": "high",
    "geometry_role": "design_proposal",
    "official_boundary": false,
    "area_sqm_declared": 2758.0
   },
   "geometry": {
    "type": "Polygon",
    "coordinates": [
     [
      [
       116.34953887896643,
       39.98597471822512
      ],
      [
       116.34953441403096,
       39.98644548938145
      ],
      [
       116.3501520908369,
       39.98644895416074
      ],
      [
       116.35015655153325,
       39.985978182946965
      ],
      [
       116.34953887896643,
       39.98597471822512
      ]
     ]
    ]
   }
  },
  {
   "type": "Feature",
   "id": "bldg_128",
   "properties": {
    "id": "bldg_128",
    "layer": "BUILDING_FOOTPRINT",
    "building_type": "ai_r_and_d",
    "height_m": 30.7,
    "floors": 6,
    "name_zh": "建筑足迹 128",
    "source_type": "agent_generated_design",
    "confidence": "high",
    "geometry_role": "design_proposal",
    "official_boundary": false,
    "area_sqm_declared": 2665.6
   },
   "geometry": {
    "type": "Polygon",
    "coordinates": [
     [
      [
       116.34164324666067,
       39.98053850545214
      ],
      [
       116.3416378736882,
       39.981098329898266
      ],
      [
       116.34213985301385,
       39.981101180047936
      ],
      [
       116.34214522189032,
       39.98054135554561
      ],
      [
       116.34164324666067,
       39.98053850545214
      ]
     ]
    ]
   }
  },
  {
   "type": "Feature",
   "id": "bldg_129",
   "properties": {
    "id": "bldg_129",
    "layer": "BUILDING_FOOTPRINT",
    "building_type": "lab",
    "height_m": 40.9,
    "floors": 16,
    "name_zh": "建筑足迹 129",
    "source_type": "agent_generated_design",
    "confidence": "high",
    "geometry_role": "design_proposal",
    "official_boundary": false,
    "area_sqm_declared": 3807.0
   },
   "geometry": {
    "type": "Polygon",
    "coordinates": [
     [
      [
       116.34534598394852,
       39.98415663592547
      ],
      [
       116.34533853366624,
       39.98493718705596
      ],
      [
       116.34585274882569,
       39.9849400903
      ],
      [
       116.34586019325702,
       39.98415953908971
      ],
      [
       116.34534598394852,
       39.98415663592547
      ]
     ]
    ]
   }
  },
  {
   "type": "Feature",
   "id": "bldg_130",
   "properties": {
    "id": "bldg_130",
    "layer": "BUILDING_FOOTPRINT",
    "building_type": "lab",
    "height_m": 28.1,
    "floors": 6,
    "name_zh": "建筑足迹 130",
    "source_type": "agent_generated_design",
    "confidence": "high",
    "geometry_role": "design_proposal",
    "official_boundary": false,
    "area_sqm_declared": 6432.5
   },
   "geometry": {
    "type": "Polygon",
    "coordinates": [
     [
      [
       116.34956708851684,
       39.978580677221984
      ],
      [
       116.34956144241285,
       39.97917616823771
      ],
      [
       116.35070021115887,
       39.979182552908874
      ],
      [
       116.35070584737949,
       39.97858706175926
      ],
      [
       116.34956708851684,
       39.978580677221984
      ]
     ]
    ]
   }
  },
  {
   "type": "Feature",
   "id": "bldg_131",
   "properties": {
    "id": "bldg_131",
    "layer": "BUILDING_FOOTPRINT",
    "building_type": "ai_r_and_d",
    "height_m": 47.7,
    "floors": 14,
    "name_zh": "建筑足迹 131",
    "source_type": "agent_generated_design",
    "confidence": "high",
    "geometry_role": "design_proposal",
    "official_boundary": false,
    "area_sqm_declared": 7206.7
   },
   "geometry": {
    "type": "Polygon",
    "coordinates": [
     [
      [
       116.34148124692528,
       39.979423191585596
      ],
      [
       116.34147224544232,
       39.980360877855404
      ],
      [
       116.34228248927764,
       39.98036547833615
      ],
      [
       116.34229147968723,
       39.97942779191442
      ],
      [
       116.34148124692528,
       39.979423191585596
      ]
     ]
    ]
   }
  },
  {
   "type": "Feature",
   "id": "bldg_132",
   "properties": {
    "id": "bldg_132",
    "layer": "BUILDING_FOOTPRINT",
    "building_type": "lab",
    "height_m": 60.8,
    "floors": 8,
    "name_zh": "建筑足迹 132",
    "source_type": "agent_generated_design",
    "confidence": "high",
    "geometry_role": "design_proposal",
    "official_boundary": false,
    "area_sqm_declared": 5423.8
   },
   "geometry": {
    "type": "Polygon",
    "coordinates": [
     [
      [
       116.34262578835138,
       39.98649059212185
      ],
      [
       116.34262047784394,
       39.987044618046376
      ],
      [
       116.34365264626584,
       39.98705046761489
      ],
      [
       116.3436579484366,
       39.986496441576215
      ],
      [
       116.34262578835138,
       39.98649059212185
      ]
     ]
    ]
   }
  },
  {
   "type": "Feature",
   "id": "bldg_133",
   "properties": {
    "id": "bldg_133",
    "layer": "BUILDING_FOOTPRINT",
    "building_type": "incubator",
    "height_m": 22.2,
    "floors": 23,
    "name_zh": "建筑足迹 133",
    "source_type": "agent_generated_design",
    "confidence": "high",
    "geometry_role": "design_proposal",
    "official_boundary": false,
    "area_sqm_declared": 3845.2
   },
   "geometry": {
    "type": "Polygon",
    "coordinates": [
     [
      [
       116.3498845119036,
       39.98040377430286
      ],
      [
       116.34987810683205,
       39.98107959783068
      ],
      [
       116.35047793425817,
       39.981082960644166
      ],
      [
       116.35048433342115,
       39.98040713703631
      ],
      [
       116.3498845119036,
       39.98040377430286
      ]
     ]
    ]
   }
  },
  {
   "type": "Feature",
   "id": "bldg_134",
   "properties": {
    "id": "bldg_134",
    "layer": "BUILDING_FOOTPRINT",
    "building_type": "ai_r_and_d",
    "height_m": 73.5,
    "floors": 20,
    "name_zh": "建筑足迹 134",
    "source_type": "agent_generated_design",
    "confidence": "high",
    "geometry_role": "design_proposal",
    "official_boundary": false,
    "area_sqm_declared": 3451.1
   },
   "geometry": {
    "type": "Polygon",
    "coordinates": [
     [
      [
       116.35333154129631,
       39.98196101482244
      ],
      [
       116.35332572465046,
       39.98257798981818
      ],
      [
       116.35389367356285,
       39.98258115712339
      ],
      [
       116.35394301965083,
       39.9819644247219
      ],
      [
       116.35333154129631,
       39.98196101482244
      ]
     ]
    ]
   }
  },
  {
   "type": "Feature",
   "id": "bldg_135",
   "properties": {
    "id": "bldg_135",
    "layer": "BUILDING_FOOTPRINT",
    "building_type": "lab",
    "height_m": 58.9,
    "floors": 22,
    "name_zh": "建筑足迹 135",
    "source_type": "agent_generated_design",
    "confidence": "high",
    "geometry_role": "design_proposal",
    "official_boundary": false,
    "area_sqm_declared": 4160.0
   },
   "geometry": {
    "type": "Polygon",
    "coordinates": [
     [
      [
       116.35024982036215,
       39.983103655822056
      ],
      [
       116.35024408445923,
       39.9837091560387
      ],
      [
       116.35096841641544,
       39.98371321425054
      ],
      [
       116.35097414592519,
       39.98310771394736
      ],
      [
       116.35024982036215,
       39.983103655822056
      ]
     ]
    ]
   }
  },
  {
   "type": "Feature",
   "id": "bldg_136",
   "properties": {
    "id": "bldg_136",
    "layer": "BUILDING_FOOTPRINT",
    "building_type": "lab",
    "height_m": 34.6,
    "floors": 22,
    "name_zh": "建筑足迹 136",
    "source_type": "agent_generated_design",
    "confidence": "high",
    "geometry_role": "design_proposal",
    "official_boundary": false,
    "area_sqm_declared": 4413.3
   },
   "geometry": {
    "type": "Polygon",
    "coordinates": [
     [
      [
       116.35271780419113,
       39.984620922551514
      ],
      [
       116.35271313762917,
       39.98511539285278
      ],
      [
       116.3536541474165,
       39.985120644162734
      ],
      [
       116.35365880719549,
       39.98462617377001
      ],
      [
       116.35271780419113,
       39.984620922551514
      ]
     ]
    ]
   }
  },
  {
   "type": "Feature",
   "id": "bldg_137",
   "properties": {
    "id": "bldg_137",
    "layer": "BUILDING_FOOTPRINT",
    "building_type": "incubator",
    "height_m": 58.8,
    "floors": 7,
    "name_zh": "建筑足迹 137",
    "source_type": "agent_generated_design",
    "confidence": "high",
    "geometry_role": "design_proposal",
    "official_boundary": false,
    "area_sqm_declared": 2705.2
   },
   "geometry": {
    "type": "Polygon",
    "coordinates": [
     [
      [
       116.35282921489589,
       39.98599019060935
      ],
      [
       116.3528254374715,
       39.986390497989426
      ],
      [
       116.35353793111024,
       39.98639447410657
      ],
      [
       116.35354170437668,
       39.98599416667045
      ],
      [
       116.35282921489589,
       39.98599019060935
      ]
     ]
    ]
   }
  },
  {
   "type": "Feature",
   "id": "bldg_138",
   "properties": {
    "id": "bldg_138",
    "layer": "BUILDING_FOOTPRINT",
    "building_type": "incubator",
    "height_m": 63.7,
    "floors": 12,
    "name_zh": "建筑足迹 138",
    "source_type": "agent_generated_design",
    "confidence": "high",
    "geometry_role": "design_proposal",
    "official_boundary": false,
    "area_sqm_declared": 3797.4
   },
   "geometry": {
    "type": "Polygon",
    "coordinates": [
     [
      [
       116.35053551258544,
       39.98096962753636
      ],
      [
       116.35052852177485,
       39.9817079780442
      ],
      [
       116.35107073974226,
       39.98171101498514
      ],
      [
       116.3510777247175,
       39.98097266439833
      ],
      [
       116.35053551258544,
       39.98096962753636
      ]
     ]
    ]
   }
  },
  {
   "type": "Feature",
   "id": "bldg_139",
   "properties": {
    "id": "bldg_139",
    "layer": "BUILDING_FOOTPRINT",
    "building_type": "incubator",
    "height_m": 56.9,
    "floors": 7,
    "name_zh": "建筑足迹 139",
    "source_type": "agent_generated_design",
    "confidence": "high",
    "geometry_role": "design_proposal",
    "official_boundary": false,
    "area_sqm_declared": 3115.5
   },
   "geometry": {
    "type": "Polygon",
    "coordinates": [
     [
      [
       116.3411120415733,
       39.98347044708634
      ],
      [
       116.3411156275021,
       39.98309715096786
      ],
      [
       116.34022191181022,
       39.983092067138685
      ],
      [
       116.34024600102086,
       39.98346552075041
      ],
      [
       116.3411120415733,
       39.98347044708634
      ]
     ]
    ]
   }
  },
  {
   "type": "Feature",
   "id": "bldg_140",
   "properties": {
    "id": "bldg_140",
    "layer": "BUILDING_FOOTPRINT",
    "building_type": "lab",
    "height_m": 78.5,
    "floors": 12,
    "name_zh": "建筑足迹 140",
    "source_type": "agent_generated_design",
    "confidence": "high",
    "geometry_role": "design_proposal",
    "official_boundary": false,
    "area_sqm_declared": 6055.6
   },
   "geometry": {
    "type": "Polygon",
    "coordinates": [
     [
      [
       116.34533270836482,
       39.97960650343189
      ],
      [
       116.34532675379253,
       39.98023044278651
      ],
      [
       116.34634992232967,
       39.98023621725942
      ],
      [
       116.34635586759738,
       39.97961227777791
      ],
      [
       116.34533270836482,
       39.97960650343189
      ]
     ]
    ]
   }
  },
  {
   "type": "Feature",
   "id": "bldg_141",
   "properties": {
    "id": "bldg_141",
    "layer": "BUILDING_FOOTPRINT",
    "building_type": "incubator",
    "height_m": 42.6,
    "floors": 11,
    "name_zh": "建筑足迹 141",
    "source_type": "agent_generated_design",
    "confidence": "high",
    "geometry_role": "design_proposal",
    "official_boundary": false,
    "area_sqm_declared": 2934.9
   },
   "geometry": {
    "type": "Polygon",
    "coordinates": [
     [
      [
       116.34168507551145,
       39.98111914961249
      ],
      [
       116.34168155593999,
       39.98148588072665
      ],
      [
       116.34252526152386,
       39.981490669586925
      ],
      [
       116.34252877658538,
       39.98112393841091
      ],
      [
       116.34168507551145,
       39.98111914961249
      ]
     ]
    ]
   }
  },
  {
   "type": "Feature",
   "id": "bldg_142",
   "properties": {
    "id": "bldg_142",
    "layer": "BUILDING_FOOTPRINT",
    "building_type": "incubator",
    "height_m": 41.6,
    "floors": 17,
    "name_zh": "建筑足迹 142",
    "source_type": "agent_generated_design",
    "confidence": "high",
    "geometry_role": "design_proposal",
    "official_boundary": false,
    "area_sqm_declared": 7563.5
   },
   "geometry": {
    "type": "Polygon",
    "coordinates": [
     [
      [
       116.34050611459402,
       39.98040737668779
      ],
      [
       116.34049811641898,
       39.98123928921459
      ],
      [
       116.34145659782753,
       39.98124473884504
      ],
      [
       116.34146458438052,
       39.980412826158584
      ],
      [
       116.34050611459402,
       39.98040737668779
      ]
     ]
    ]
   }
  },
  {
   "type": "Feature",
   "id": "bldg_143",
   "properties": {
    "id": "bldg_143",
    "layer": "BUILDING_FOOTPRINT",
    "building_type": "lab",
    "height_m": 25.2,
    "floors": 6,
    "name_zh": "建筑足迹 143",
    "source_type": "agent_generated_design",
    "confidence": "high",
    "geometry_role": "design_proposal",
    "official_boundary": false,
    "area_sqm_declared": 3367.3
   },
   "geometry": {
    "type": "Polygon",
    "coordinates": [
     [
      [
       116.34943894029016,
       39.98206659224193
      ],
      [
       116.34943498775516,
       39.982483331682914
      ],
      [
       116.35028683666336,
       39.98248810977626
      ],
      [
       116.3502907840238,
       39.98207137026515
      ],
      [
       116.34943894029016,
       39.98206659224193
      ]
     ]
    ]
   }
  },
  {
   "type": "Feature",
   "id": "bldg_144",
   "properties": {
    "id": "bldg_144",
    "layer": "BUILDING_FOOTPRINT",
    "building_type": "lab",
    "height_m": 75.4,
    "floors": 14,
    "name_zh": "建筑足迹 144",
    "source_type": "agent_generated_design",
    "confidence": "high",
    "geometry_role": "design_proposal",
    "official_boundary": false,
    "area_sqm_declared": 8131.2
   },
   "geometry": {
    "type": "Polygon",
    "coordinates": [
     [
      [
       116.35258446564731,
       39.980737543250875
      ],
      [
       116.35257809557122,
       39.98141246954521
      ],
      [
       116.35384820843774,
       39.98141955693417
      ],
      [
       116.35385456601911,
       39.98074463047138
      ],
      [
       116.35258446564731,
       39.980737543250875
      ]
     ]
    ]
   }
  },
  {
   "type": "Feature",
   "id": "bldg_145",
   "properties": {
    "id": "bldg_145",
    "layer": "BUILDING_FOOTPRINT",
    "building_type": "ai_r_and_d",
    "height_m": 28.1,
    "floors": 17,
    "name_zh": "建筑足迹 145",
    "source_type": "agent_generated_design",
    "confidence": "high",
    "geometry_role": "design_proposal",
    "official_boundary": false,
    "area_sqm_declared": 5337.5
   },
   "geometry": {
    "type": "Polygon",
    "coordinates": [
     [
      [
       116.34535782668782,
       39.978576189183094
      ],
      [
       116.34534975169157,
       39.97942237218017
      ],
      [
       116.34601472758679,
       39.97942612599265
      ],
      [
       116.3460227943821,
       39.978579942883705
      ],
      [
       116.34535782668782,
       39.978576189183094
      ]
     ]
    ]
   }
  },
  {
   "type": "Feature",
   "id": "bldg_146",
   "properties": {
    "id": "bldg_146",
    "layer": "BUILDING_FOOTPRINT",
    "building_type": "lab",
    "height_m": 47.2,
    "floors": 19,
    "name_zh": "建筑足迹 146",
    "source_type": "agent_generated_design",
    "confidence": "high",
    "geometry_role": "design_proposal",
    "official_boundary": false,
    "area_sqm_declared": 2143.9
   },
   "geometry": {
    "type": "Polygon",
    "coordinates": [
     [
      [
       116.34196824035232,
       39.984252046296476
      ],
      [
       116.3419637796962,
       39.98471698330935
      ],
      [
       116.34244994091836,
       39.98471974237322
      ],
      [
       116.34245439827949,
       39.984254805315196
      ],
      [
       116.34196824035232,
       39.984252046296476
      ]
     ]
    ]
   }
  },
  {
   "type": "Feature",
   "id": "bldg_147",
   "properties": {
    "id": "bldg_147",
    "layer": "BUILDING_FOOTPRINT",
    "building_type": "lab",
    "height_m": 73.6,
    "floors": 21,
    "name_zh": "建筑足迹 147",
    "source_type": "agent_generated_design",
    "confidence": "high",
    "geometry_role": "design_proposal",
    "official_boundary": false,
    "area_sqm_declared": 4140.0
   },
   "geometry": {
    "type": "Polygon",
    "coordinates": [
     [
      [
       116.34048160562538,
       39.98559905286415
      ],
      [
       116.34047598811914,
       39.986183219424696
      ],
      [
       116.34122318010485,
       39.98618746867952
      ],
      [
       116.341228791248,
       39.985603302031556
      ],
      [
       116.34048160562538,
       39.98559905286415
      ]
     ]
    ]
   }
  },
  {
   "type": "Feature",
   "id": "bldg_148",
   "properties": {
    "id": "bldg_148",
    "layer": "BUILDING_FOOTPRINT",
    "building_type": "lab",
    "height_m": 77.7,
    "floors": 8,
    "name_zh": "建筑足迹 148",
    "source_type": "agent_generated_design",
    "confidence": "high",
    "geometry_role": "design_proposal",
    "official_boundary": false,
    "area_sqm_declared": 3892.0
   },
   "geometry": {
    "type": "Polygon",
    "coordinates": [
     [
      [
       116.34051462954974,
       39.986312463724964
      ],
      [
       116.34051053433282,
       39.9867383390661
      ],
      [
       116.3414740567551,
       39.98674381741657
      ],
      [
       116.34147814598991,
       39.98631794199326
      ],
      [
       116.34051462954974,
       39.986312463724964
      ]
     ]
    ]
   }
  },
  {
   "type": "Feature",
   "id": "bldg_149",
   "properties": {
    "id": "bldg_149",
    "layer": "BUILDING_FOOTPRINT",
    "building_type": "ai_r_and_d",
    "height_m": 71.7,
    "floors": 5,
    "name_zh": "建筑足迹 149",
    "source_type": "agent_generated_design",
    "confidence": "high",
    "geometry_role": "design_proposal",
    "official_boundary": false,
    "area_sqm_declared": 3756.1
   },
   "geometry": {
    "type": "Polygon",
    "coordinates": [
     [
      [
       116.3460113148297,
       39.98064123114682
      ],
      [
       116.3460038509422,
       39.981424101103784
      ],
      [
       116.34650965852104,
       39.98142695393282
      ],
      [
       116.3465171166369,
       39.9806440838972
      ],
      [
       116.3460113148297,
       39.98064123114682
      ]
     ]
    ]
   }
  },
  {
   "type": "Feature",
   "id": "bldg_150",
   "properties": {
    "id": "bldg_150",
    "layer": "BUILDING_FOOTPRINT",
    "building_type": "incubator",
    "height_m": 65.0,
    "floors": 23,
    "name_zh": "建筑足迹 150",
    "source_type": "agent_generated_design",
    "confidence": "high",
    "geometry_role": "design_proposal",
    "official_boundary": false,
    "area_sqm_declared": 3852.0
   },
   "geometry": {
    "type": "Polygon",
    "coordinates": [
     [
      [
       116.34251320292547,
       39.983402245480804
      ],
      [
       116.34250636970964,
       39.984115083399125
      ],
      [
       116.34307608555953,
       39.98411831376816
      ],
      [
       116.34308291285544,
       39.98340547576874
      ],
      [
       116.34251320292547,
       39.983402245480804
      ]
     ]
    ]
   }
  },
  {
   "type": "Feature",
   "id": "bldg_151",
   "properties": {
    "id": "bldg_151",
    "layer": "BUILDING_FOOTPRINT",
    "building_type": "incubator",
    "height_m": 33.7,
    "floors": 22,
    "name_zh": "建筑足迹 151",
    "source_type": "agent_generated_design",
    "confidence": "high",
    "geometry_role": "design_proposal",
    "official_boundary": false,
    "area_sqm_declared": 4065.0
   },
   "geometry": {
    "type": "Polygon",
    "coordinates": [
     [
      [
       116.35260968476045,
       39.98416575245895
      ],
      [
       116.35260614707252,
       39.98454055151243
      ],
      [
       116.35373638706,
       39.98454685892122
      ],
      [
       116.35376636574007,
       39.984172207242246
      ],
      [
       116.35260968476045,
       39.98416575245895
      ]
     ]
    ]
   }
  },
  {
   "type": "Feature",
   "id": "bldg_152",
   "properties": {
    "id": "bldg_152",
    "layer": "BUILDING_FOOTPRINT",
    "building_type": "ai_r_and_d",
    "height_m": 47.8,
    "floors": 5,
    "name_zh": "建筑足迹 152",
    "source_type": "agent_generated_design",
    "confidence": "high",
    "geometry_role": "design_proposal",
    "official_boundary": false,
    "area_sqm_declared": 3390.7
   },
   "geometry": {
    "type": "Polygon",
    "coordinates": [
     [
      [
       116.34072805951202,
       39.983536141656515
      ],
      [
       116.3407226021587,
       39.98410390791234
      ],
      [
       116.34135221827209,
       39.98410748745179
      ],
      [
       116.3413576704145,
       39.98353972112439
      ],
      [
       116.34072805951202,
       39.983536141656515
      ]
     ]
    ]
   }
  },
  {
   "type": "Feature",
   "id": "bldg_153",
   "properties": {
    "id": "bldg_153",
    "layer": "BUILDING_FOOTPRINT",
    "building_type": "cultural",
    "height_m": 61.3,
    "floors": 6,
    "name_zh": "建筑足迹 153",
    "source_type": "agent_generated_design",
    "confidence": "high",
    "geometry_role": "design_proposal",
    "official_boundary": false,
    "area_sqm_declared": 7475.6
   },
   "geometry": {
    "type": "Polygon",
    "coordinates": [
     [
      [
       116.34227221930493,
       39.975736834762365
      ],
      [
       116.34226326122183,
       39.976671244946274
      ],
      [
       116.34310663240994,
       39.97667602753712
      ],
      [
       116.34311557900872,
       39.9757416171958
      ],
      [
       116.34227221930493,
       39.975736834762365
      ]
     ]
    ]
   }
  },
  {
   "type": "Feature",
   "id": "bldg_154",
   "properties": {
    "id": "bldg_154",
    "layer": "BUILDING_FOOTPRINT",
    "building_type": "cultural",
    "height_m": 74.3,
    "floors": 18,
    "name_zh": "建筑足迹 154",
    "source_type": "agent_generated_design",
    "confidence": "high",
    "geometry_role": "design_proposal",
    "official_boundary": false,
    "area_sqm_declared": 6293.5
   },
   "geometry": {
    "type": "Polygon",
    "coordinates": [
     [
      [
       116.34959644748808,
       39.97639038071225
      ],
      [
       116.34958755629881,
       39.97732823615908
      ],
      [
       116.35029496550956,
       39.97733220346334
      ],
      [
       116.35030384703015,
       39.97639434788548
      ],
      [
       116.34959644748808,
       39.97639038071225
      ]
     ]
    ]
   }
  },
  {
   "type": "Feature",
   "id": "bldg_155",
   "properties": {
    "id": "bldg_155",
    "layer": "BUILDING_FOOTPRINT",
    "building_type": "cultural",
    "height_m": 49.3,
    "floors": 15,
    "name_zh": "建筑足迹 155",
    "source_type": "agent_generated_design",
    "confidence": "high",
    "geometry_role": "design_proposal",
    "official_boundary": false,
    "area_sqm_declared": 8609.4
   },
   "geometry": {
    "type": "Polygon",
    "coordinates": [
     [
      [
       116.3545506614942,
       39.973856310037306
      ],
      [
       116.3532693212946,
       39.973849168030206
      ],
      [
       116.35326264092971,
       39.97455789284017
      ],
      [
       116.35453498921898,
       39.97456498488087
      ],
      [
       116.35454519507563,
       39.9744373994848
      ],
      [
       116.3545506614942,
       39.973856310037306
      ]
     ]
    ]
   }
  },
  {
   "type": "Feature",
   "id": "bldg_156",
   "properties": {
    "id": "bldg_156",
    "layer": "BUILDING_FOOTPRINT",
    "building_type": "cultural",
    "height_m": 22.5,
    "floors": 19,
    "name_zh": "建筑足迹 156",
    "source_type": "agent_generated_design",
    "confidence": "high",
    "geometry_role": "design_proposal",
    "official_boundary": false,
    "area_sqm_declared": 3541.1
   },
   "geometry": {
    "type": "Polygon",
    "coordinates": [
     [
      [
       116.34263661073844,
       39.973665578321835
      ],
      [
       116.34263216393082,
       39.9741297179243
      ],
      [
       116.34343639379543,
       39.97413427605814
      ],
      [
       116.34344083516375,
       39.973670136381166
      ],
      [
       116.34263661073844,
       39.973665578321835
      ]
     ]
    ]
   }
  },
  {
   "type": "Feature",
   "id": "bldg_157",
   "properties": {
    "id": "bldg_157",
    "layer": "BUILDING_FOOTPRINT",
    "building_type": "cultural",
    "height_m": 48.1,
    "floors": 7,
    "name_zh": "建筑足迹 157",
    "source_type": "agent_generated_design",
    "confidence": "high",
    "geometry_role": "design_proposal",
    "official_boundary": false,
    "area_sqm_declared": 1957.2
   },
   "geometry": {
    "type": "Polygon",
    "coordinates": [
     [
      [
       116.35293126675955,
       39.97499572969877
      ],
      [
       116.3529271875833,
       39.97542825174336
      ],
      [
       116.35340420569293,
       39.97543091366283
      ],
      [
       116.35340828186254,
       39.9749983915777
      ],
      [
       116.35293126675955,
       39.97499572969877
      ]
     ]
    ]
   }
  },
  {
   "type": "Feature",
   "id": "bldg_158",
   "properties": {
    "id": "bldg_158",
    "layer": "BUILDING_FOOTPRINT",
    "building_type": "cultural",
    "height_m": 68.9,
    "floors": 10,
    "name_zh": "建筑足迹 158",
    "source_type": "agent_generated_design",
    "confidence": "high",
    "geometry_role": "design_proposal",
    "official_boundary": false,
    "area_sqm_declared": 3936.6
   },
   "geometry": {
    "type": "Polygon",
    "coordinates": [
     [
      [
       116.34994951198003,
       39.97532701842822
      ],
      [
       116.34994217459686,
       39.97610142902792
      ],
      [
       116.35047803873758,
       39.976104433004856
      ],
      [
       116.35048537007332,
       39.97533002232322
      ],
      [
       116.34994951198003,
       39.97532701842822
      ]
     ]
    ]
   }
  },
  {
   "type": "Feature",
   "id": "bldg_159",
   "properties": {
    "id": "bldg_159",
    "layer": "BUILDING_FOOTPRINT",
    "building_type": "cultural",
    "height_m": 27.5,
    "floors": 16,
    "name_zh": "建筑足迹 159",
    "source_type": "agent_generated_design",
    "confidence": "high",
    "geometry_role": "design_proposal",
    "official_boundary": false,
    "area_sqm_declared": 5215.4
   },
   "geometry": {
    "type": "Polygon",
    "coordinates": [
     [
      [
       116.34076909784679,
       39.97675790769106
      ],
      [
       116.34076326884397,
       39.97736452260052
      ],
      [
       116.34166959975617,
       39.97736967372864
      ],
      [
       116.3416754207466,
       39.97676305870912
      ],
      [
       116.34076909784679,
       39.97675790769106
      ]
     ]
    ]
   }
  },
  {
   "type": "Feature",
   "id": "bldg_160",
   "properties": {
    "id": "bldg_160",
    "layer": "BUILDING_FOOTPRINT",
    "building_type": "cultural",
    "height_m": 31.7,
    "floors": 8,
    "name_zh": "建筑足迹 160",
    "source_type": "agent_generated_design",
    "confidence": "high",
    "geometry_role": "design_proposal",
    "official_boundary": false,
    "area_sqm_declared": 1725.3
   },
   "geometry": {
    "type": "Polygon",
    "coordinates": [
     [
      [
       116.3398889477849,
       39.977186864003905
      ],
      [
       116.33988531220078,
       39.977564705261024
      ],
      [
       116.3403666876756,
       39.97756744568883
      ],
      [
       116.34037032060903,
       39.97718960439524
      ],
      [
       116.3398889477849,
       39.977186864003905
      ]
     ]
    ]
   }
  },
  {
   "type": "Feature",
   "id": "bldg_161",
   "properties": {
    "id": "bldg_161",
    "layer": "BUILDING_FOOTPRINT",
    "building_type": "cultural",
    "height_m": 49.8,
    "floors": 15,
    "name_zh": "建筑足迹 161",
    "source_type": "agent_generated_design",
    "confidence": "high",
    "geometry_role": "design_proposal",
    "official_boundary": false,
    "area_sqm_declared": 9399.5
   },
   "geometry": {
    "type": "Polygon",
    "coordinates": [
     [
      [
       116.34202209455555,
       39.97413883856439
      ],
      [
       116.34201361953384,
       39.9750225762795
      ],
      [
       116.34313481845783,
       39.97502893538388
      ],
      [
       116.34314327904072,
       39.97414519747085
      ],
      [
       116.34202209455555,
       39.97413883856439
      ]
     ]
    ]
   }
  },
  {
   "type": "Feature",
   "id": "bldg_162",
   "properties": {
    "id": "bldg_162",
    "layer": "BUILDING_FOOTPRINT",
    "building_type": "cultural",
    "height_m": 33.6,
    "floors": 8,
    "name_zh": "建筑足迹 162",
    "source_type": "agent_generated_design",
    "confidence": "high",
    "geometry_role": "design_proposal",
    "official_boundary": false,
    "area_sqm_declared": 6346.2
   },
   "geometry": {
    "type": "Polygon",
    "coordinates": [
     [
      [
       116.35336030588147,
       39.97655918136429
      ],
      [
       116.35335394220837,
       39.97723433860131
      ],
      [
       116.35432102053208,
       39.97723972967339
      ],
      [
       116.35437501086341,
       39.97656483764844
      ],
      [
       116.35336030588147,
       39.97655918136429
      ]
     ]
    ]
   }
  },
  {
   "type": "Feature",
   "id": "bldg_163",
   "properties": {
    "id": "bldg_163",
    "layer": "BUILDING_FOOTPRINT",
    "building_type": "cultural",
    "height_m": 32.7,
    "floors": 7,
    "name_zh": "建筑足迹 163",
    "source_type": "agent_generated_design",
    "confidence": "high",
    "geometry_role": "design_proposal",
    "official_boundary": false,
    "area_sqm_declared": 2709.7
   },
   "geometry": {
    "type": "Polygon",
    "coordinates": [
     [
      [
       116.34100348140989,
       39.976089615417756
      ],
      [
       116.34099878471118,
       39.97657858018798
      ],
      [
       116.34158298242659,
       39.97658190008224
      ],
      [
       116.34158767496245,
       39.976092935254854
      ],
      [
       116.34100348140989,
       39.976089615417756
      ]
     ]
    ]
   }
  },
  {
   "type": "Feature",
   "id": "bldg_164",
   "properties": {
    "id": "bldg_164",
    "layer": "BUILDING_FOOTPRINT",
    "building_type": "cultural",
    "height_m": 19.2,
    "floors": 17,
    "name_zh": "建筑足迹 164",
    "source_type": "agent_generated_design",
    "confidence": "high",
    "geometry_role": "design_proposal",
    "official_boundary": false,
    "area_sqm_declared": 5752.0
   },
   "geometry": {
    "type": "Polygon",
    "coordinates": [
     [
      [
       116.34581487232381,
       39.9741368223338
      ],
      [
       116.34580777486528,
       39.97488120773726
      ],
      [
       116.34662233918131,
       39.97488580211035
      ],
      [
       116.34662942780402,
       39.97414141658644
      ],
      [
       116.34581487232381,
       39.9741368223338
      ]
     ]
    ]
   }
  },
  {
   "type": "Feature",
   "id": "bldg_165",
   "properties": {
    "id": "bldg_165",
    "layer": "BUILDING_FOOTPRINT",
    "building_type": "cultural",
    "height_m": 48.4,
    "floors": 23,
    "name_zh": "建筑足迹 165",
    "source_type": "agent_generated_design",
    "confidence": "high",
    "geometry_role": "design_proposal",
    "official_boundary": false,
    "area_sqm_declared": 4721.3
   },
   "geometry": {
    "type": "Polygon",
    "coordinates": [
     [
      [
       116.3452500989545,
       39.9766790939667
      ],
      [
       116.345244159354,
       39.97730145081514
      ],
      [
       116.3460438866447,
       39.97730596550962
      ],
      [
       116.34604981899174,
       39.97668360856224
      ],
      [
       116.3452500989545,
       39.9766790939667
      ]
     ]
    ]
   }
  },
  {
   "type": "Feature",
   "id": "bldg_166",
   "properties": {
    "id": "bldg_166",
    "layer": "BUILDING_FOOTPRINT",
    "building_type": "cultural",
    "height_m": 79.2,
    "floors": 20,
    "name_zh": "建筑足迹 166",
    "source_type": "agent_generated_design",
    "confidence": "high",
    "geometry_role": "design_proposal",
    "official_boundary": false,
    "area_sqm_declared": 3216.1
   },
   "geometry": {
    "type": "Polygon",
    "coordinates": [
     [
      [
       116.35032169141083,
       39.97661245537148
      ],
      [
       116.35031702936212,
       39.97710476559927
      ],
      [
       116.35100569801419,
       39.97710862351845
      ],
      [
       116.35101035512194,
       39.976616313223765
      ],
      [
       116.35032169141083,
       39.97661245537148
      ]
     ]
    ]
   }
  },
  {
   "type": "Feature",
   "id": "bldg_167",
   "properties": {
    "id": "bldg_167",
    "layer": "BUILDING_FOOTPRINT",
    "building_type": "cultural",
    "height_m": 24.0,
    "floors": 21,
    "name_zh": "建筑足迹 167",
    "source_type": "agent_generated_design",
    "confidence": "high",
    "geometry_role": "design_proposal",
    "official_boundary": false,
    "area_sqm_declared": 2083.4
   },
   "geometry": {
    "type": "Polygon",
    "coordinates": [
     [
      [
       116.35050424801281,
       39.973543289797156
      ],
      [
       116.35050047375724,
       39.97394200595986
      ],
      [
       116.35105128315483,
       39.973945090988565
      ],
      [
       116.35105505421018,
       39.973546374782536
      ],
      [
       116.35050424801281,
       39.973543289797156
      ]
     ]
    ]
   }
  },
  {
   "type": "Feature",
   "id": "bldg_168",
   "properties": {
    "id": "bldg_168",
    "layer": "BUILDING_FOOTPRINT",
    "building_type": "cultural",
    "height_m": 33.1,
    "floors": 10,
    "name_zh": "建筑足迹 168",
    "source_type": "agent_generated_design",
    "confidence": "high",
    "geometry_role": "design_proposal",
    "official_boundary": false,
    "area_sqm_declared": 7467.4
   },
   "geometry": {
    "type": "Polygon",
    "coordinates": [
     [
      [
       116.35311698357562,
       39.97545672671363
      ],
      [
       116.3531082590152,
       39.97638204579851
      ],
      [
       116.35395898246631,
       39.97638679044485
      ],
      [
       116.35396769555504,
       39.97546147120534
      ],
      [
       116.35311698357562,
       39.97545672671363
      ]
     ]
    ]
   }
  },
  {
   "type": "Feature",
   "id": "bldg_169",
   "properties": {
    "id": "bldg_169",
    "layer": "BUILDING_FOOTPRINT",
    "building_type": "cultural",
    "height_m": 64.2,
    "floors": 8,
    "name_zh": "建筑足迹 169",
    "source_type": "agent_generated_design",
    "confidence": "high",
    "geometry_role": "design_proposal",
    "official_boundary": false,
    "area_sqm_declared": 2676.6
   },
   "geometry": {
    "type": "Polygon",
    "coordinates": [
     [
      [
       116.34096061732522,
       39.973857634380366
      ],
      [
       116.34095645675653,
       39.97429079044197
      ],
      [
       116.3416078387264,
       39.97429449213038
      ],
      [
       116.3416119951836,
       39.97386133601231
      ],
      [
       116.34096061732522,
       39.973857634380366
      ]
     ]
    ]
   }
  },
  {
   "type": "Feature",
   "id": "bldg_170",
   "properties": {
    "id": "bldg_170",
    "layer": "BUILDING_FOOTPRINT",
    "building_type": "cultural",
    "height_m": 55.1,
    "floors": 14,
    "name_zh": "建筑足迹 170",
    "source_type": "agent_generated_design",
    "confidence": "high",
    "geometry_role": "design_proposal",
    "official_boundary": false,
    "area_sqm_declared": 3011.0
   },
   "geometry": {
    "type": "Polygon",
    "coordinates": [
     [
      [
       116.35037270144761,
       39.977239584100765
      ],
      [
       116.35036759871615,
       39.977778459892924
      ],
      [
       116.3509566368259,
       39.97778175969184
      ],
      [
       116.35096173493137,
       39.977242883837064
      ],
      [
       116.35037270144761,
       39.977239584100765
      ]
     ]
    ]
   }
  },
  {
   "type": "Feature",
   "id": "bldg_171",
   "properties": {
    "id": "bldg_171",
    "layer": "BUILDING_FOOTPRINT",
    "building_type": "cultural",
    "height_m": 47.6,
    "floors": 9,
    "name_zh": "建筑足迹 171",
    "source_type": "agent_generated_design",
    "confidence": "high",
    "geometry_role": "design_proposal",
    "official_boundary": false,
    "area_sqm_declared": 2699.4
   },
   "geometry": {
    "type": "Polygon",
    "coordinates": [
     [
      [
       116.35053070500206,
       39.974300343680405
      ],
      [
       116.3505253975502,
       39.974861033714866
      ],
      [
       116.35103291359374,
       39.974863876263306
      ],
      [
       116.35103821689891,
       39.97430318617272
      ],
      [
       116.35053070500206,
       39.974300343680405
      ]
     ]
    ]
   }
  },
  {
   "type": "Feature",
   "id": "bldg_172",
   "properties": {
    "id": "bldg_172",
    "layer": "BUILDING_FOOTPRINT",
    "building_type": "cultural",
    "height_m": 31.5,
    "floors": 14,
    "name_zh": "建筑足迹 172",
    "source_type": "agent_generated_design",
    "confidence": "high",
    "geometry_role": "design_proposal",
    "official_boundary": false,
    "area_sqm_declared": 3924.2
   },
   "geometry": {
    "type": "Polygon",
    "coordinates": [
     [
      [
       116.34057856337779,
       39.97676150080971
      ],
      [
       116.34058362985824,
       39.976234377818216
      ],
      [
       116.3397793108824,
       39.976229799323754
      ],
      [
       116.33981332066058,
       39.97675714483401
      ],
      [
       116.34057856337779,
       39.97676150080971
      ]
     ]
    ]
   }
  },
  {
   "type": "Feature",
   "id": "bldg_173",
   "properties": {
    "id": "bldg_173",
    "layer": "BUILDING_FOOTPRINT",
    "building_type": "cultural",
    "height_m": 20.5,
    "floors": 17,
    "name_zh": "建筑足迹 173",
    "source_type": "agent_generated_design",
    "confidence": "high",
    "geometry_role": "design_proposal",
    "official_boundary": false,
    "area_sqm_declared": 4115.4
   },
   "geometry": {
    "type": "Polygon",
    "coordinates": [
     [
      [
       116.34994446580814,
       39.97395162123518
      ],
      [
       116.34993577557326,
       39.974868850542485
      ],
      [
       116.35040875231897,
       39.974871502116365
      ],
      [
       116.35041743623204,
       39.97395427272341
      ],
      [
       116.34994446580814,
       39.97395162123518
      ]
     ]
    ]
   }
  },
  {
   "type": "Feature",
   "id": "bldg_174",
   "properties": {
    "id": "bldg_174",
    "layer": "BUILDING_FOOTPRINT",
    "building_type": "cultural",
    "height_m": 59.3,
    "floors": 18,
    "name_zh": "建筑足迹 174",
    "source_type": "agent_generated_design",
    "confidence": "high",
    "geometry_role": "design_proposal",
    "official_boundary": false,
    "area_sqm_declared": 3167.8
   },
   "geometry": {
    "type": "Polygon",
    "coordinates": [
     [
      [
       116.34134643354247,
       39.97461679024611
      ],
      [
       116.34134127403496,
       39.9751542444077
      ],
      [
       116.34196260070608,
       39.97515777333333
      ],
      [
       116.34196775534737,
       39.97462031910494
      ],
      [
       116.34134643354247,
       39.97461679024611
      ]
     ]
    ]
   }
  },
  {
   "type": "Feature",
   "id": "bldg_175",
   "properties": {
    "id": "bldg_175",
    "layer": "BUILDING_FOOTPRINT",
    "building_type": "cultural",
    "height_m": 51.1,
    "floors": 9,
    "name_zh": "建筑足迹 175",
    "source_type": "agent_generated_design",
    "confidence": "high",
    "geometry_role": "design_proposal",
    "official_boundary": false,
    "area_sqm_declared": 5008.9
   },
   "geometry": {
    "type": "Polygon",
    "coordinates": [
     [
      [
       116.34981920985337,
       39.977816575932756
      ],
      [
       116.34981374714793,
       39.97839296339283
      ],
      [
       116.35072986502604,
       39.97839809860104
      ],
      [
       116.35073532003581,
       39.97782171103672
      ],
      [
       116.34981920985337,
       39.977816575932756
      ]
     ]
    ]
   }
  },
  {
   "type": "Feature",
   "id": "bldg_176",
   "properties": {
    "id": "bldg_176",
    "layer": "BUILDING_FOOTPRINT",
    "building_type": "cultural",
    "height_m": 68.6,
    "floors": 19,
    "name_zh": "建筑足迹 176",
    "source_type": "agent_generated_design",
    "confidence": "high",
    "geometry_role": "design_proposal",
    "official_boundary": false,
    "area_sqm_declared": 4610.3
   },
   "geometry": {
    "type": "Polygon",
    "coordinates": [
     [
      [
       116.34224154459918,
       39.9767710503987
      ],
      [
       116.34223676784565,
       39.97726927346287
      ],
      [
       116.34321224734165,
       39.97727480490085
      ],
      [
       116.34321701701236,
       39.97677658173962
      ],
      [
       116.34224154459918,
       39.9767710503987
      ]
     ]
    ]
   }
  },
  {
   "type": "Feature",
   "id": "bldg_177",
   "properties": {
    "id": "bldg_177",
    "layer": "BUILDING_FOOTPRINT",
    "building_type": "cultural",
    "height_m": 79.7,
    "floors": 8,
    "name_zh": "建筑足迹 177",
    "source_type": "agent_generated_design",
    "confidence": "high",
    "geometry_role": "design_proposal",
    "official_boundary": false,
    "area_sqm_declared": 7522.8
   },
   "geometry": {
    "type": "Polygon",
    "coordinates": [
     [
      [
       116.35273035715693,
       39.97726295345791
      ],
      [
       116.35272278259066,
       39.978065776183776
      ],
      [
       116.35371061871061,
       39.978071288290955
      ],
      [
       116.35371818171896,
       39.97726846540924
      ],
      [
       116.35273035715693,
       39.97726295345791
      ]
     ]
    ]
   }
  },
  {
   "type": "Feature",
   "id": "bldg_178",
   "properties": {
    "id": "bldg_178",
    "layer": "BUILDING_FOOTPRINT",
    "building_type": "cultural",
    "height_m": 75.1,
    "floors": 24,
    "name_zh": "建筑足迹 178",
    "source_type": "agent_generated_design",
    "confidence": "high",
    "geometry_role": "design_proposal",
    "official_boundary": false,
    "area_sqm_declared": 5865.4
   },
   "geometry": {
    "type": "Polygon",
    "coordinates": [
     [
      [
       116.34521664506661,
       39.97739369024119
      ],
      [
       116.3452108829873,
       39.977997400344535
      ],
      [
       116.34623509296274,
       39.97800318163606
      ],
      [
       116.34624084603068,
       39.977399471409804
      ],
      [
       116.34521664506661,
       39.97739369024119
      ]
     ]
    ]
   }
  },
  {
   "type": "Feature",
   "id": "bldg_179",
   "properties": {
    "id": "bldg_179",
    "layer": "BUILDING_FOOTPRINT",
    "building_type": "cultural",
    "height_m": 21.8,
    "floors": 13,
    "name_zh": "建筑足迹 179",
    "source_type": "agent_generated_design",
    "confidence": "high",
    "geometry_role": "design_proposal",
    "official_boundary": false,
    "area_sqm_declared": 5347.0
   },
   "geometry": {
    "type": "Polygon",
    "coordinates": [
     [
      [
       116.35050092006361,
       39.97519431566822
      ],
      [
       116.3504921837912,
       39.976117153250996
      ],
      [
       116.35110298105702,
       39.97612057419659
      ],
      [
       116.35111170911526,
       39.97519773650263
      ],
      [
       116.35050092006361,
       39.97519431566822
      ]
     ]
    ]
   }
  },
  {
   "type": "Feature",
   "id": "bldg_180",
   "properties": {
    "id": "bldg_180",
    "layer": "BUILDING_FOOTPRINT",
    "building_type": "mixed_use",
    "height_m": 54.0,
    "floors": 6,
    "name_zh": "建筑足迹 180",
    "source_type": "agent_generated_design",
    "confidence": "high",
    "geometry_role": "design_proposal",
    "official_boundary": false,
    "area_sqm_declared": 3619.2
   },
   "geometry": {
    "type": "Polygon",
    "coordinates": [
     [
      [
       116.34149105287932,
       39.964263791356586
      ],
      [
       116.3414872969207,
       39.964655272517064
      ],
      [
       116.3424617003401,
       39.96466080373468
      ],
      [
       116.34246545074201,
       39.96426932249793
      ],
      [
       116.34149105287932,
       39.964263791356586
      ]
     ]
    ]
   }
  },
  {
   "type": "Feature",
   "id": "bldg_181",
   "properties": {
    "id": "bldg_181",
    "layer": "BUILDING_FOOTPRINT",
    "building_type": "mixed_use",
    "height_m": 19.0,
    "floors": 16,
    "name_zh": "建筑足迹 181",
    "source_type": "agent_generated_design",
    "confidence": "high",
    "geometry_role": "design_proposal",
    "official_boundary": false,
    "area_sqm_declared": 4405.9
   },
   "geometry": {
    "type": "Polygon",
    "coordinates": [
     [
      [
       116.35360062174777,
       39.972951271581316
      ],
      [
       116.35359587439387,
       39.97345519867455
      ],
      [
       116.35451752220811,
       39.973460334628825
      ],
      [
       116.35452226279433,
       39.972956407444435
      ],
      [
       116.35360062174777,
       39.972951271581316
      ]
     ]
    ]
   }
  },
  {
   "type": "Feature",
   "id": "bldg_182",
   "properties": {
    "id": "bldg_182",
    "layer": "BUILDING_FOOTPRINT",
    "building_type": "mixed_use",
    "height_m": 38.8,
    "floors": 18,
    "name_zh": "建筑足迹 182",
    "source_type": "agent_generated_design",
    "confidence": "high",
    "geometry_role": "design_proposal",
    "official_boundary": false,
    "area_sqm_declared": 4178.3
   },
   "geometry": {
    "type": "Polygon",
    "coordinates": [
     [
      [
       116.34014432038529,
       39.96937218679607
      ],
      [
       116.34013914062744,
       39.9699108677907
      ],
      [
       116.34095674045932,
       39.96991551912126
      ],
      [
       116.34096191380033,
       39.96937683803839
      ],
      [
       116.34014432038529,
       39.96937218679607
      ]
     ]
    ]
   }
  },
  {
   "type": "Feature",
   "id": "bldg_183",
   "properties": {
    "id": "bldg_183",
    "layer": "BUILDING_FOOTPRINT",
    "building_type": "retail",
    "height_m": 27.9,
    "floors": 6,
    "name_zh": "建筑足迹 183",
    "source_type": "agent_generated_design",
    "confidence": "high",
    "geometry_role": "design_proposal",
    "official_boundary": false,
    "area_sqm_declared": 6809.6
   },
   "geometry": {
    "type": "Polygon",
    "coordinates": [
     [
      [
       116.35326047512783,
       39.966609939171036
      ],
      [
       116.35325485447058,
       39.9672063858936
      ],
      [
       116.35445824040262,
       39.967213093678865
      ],
      [
       116.3544638506034,
       39.96661664681539
      ],
      [
       116.35326047512783,
       39.966609939171036
      ]
     ]
    ]
   }
  },
  {
   "type": "Feature",
   "id": "bldg_184",
   "properties": {
    "id": "bldg_184",
    "layer": "BUILDING_FOOTPRINT",
    "building_type": "mixed_use",
    "height_m": 76.3,
    "floors": 17,
    "name_zh": "建筑足迹 184",
    "source_type": "agent_generated_design",
    "confidence": "high",
    "geometry_role": "design_proposal",
    "official_boundary": false,
    "area_sqm_declared": 3393.3
   },
   "geometry": {
    "type": "Polygon",
    "coordinates": [
     [
      [
       116.35038889296665,
       39.970633012287564
      ],
      [
       116.3503836142317,
       39.97119061963003
      ],
      [
       116.35102507766159,
       39.97119421273881
      ],
      [
       116.35103035118493,
       39.97063660532579
      ],
      [
       116.35038889296665,
       39.970633012287564
      ]
     ]
    ]
   }
  },
  {
   "type": "Feature",
   "id": "bldg_185",
   "properties": {
    "id": "bldg_185",
    "layer": "BUILDING_FOOTPRINT",
    "building_type": "retail",
    "height_m": 53.1,
    "floors": 23,
    "name_zh": "建筑足迹 185",
    "source_type": "agent_generated_design",
    "confidence": "high",
    "geometry_role": "design_proposal",
    "official_boundary": false,
    "area_sqm_declared": 4997.1
   },
   "geometry": {
    "type": "Polygon",
    "coordinates": [
     [
      [
       116.34084980466261,
       39.972457050683126
      ],
      [
       116.34084586915172,
       39.9728667277799
      ],
      [
       116.3421316378478,
       39.97287403222072
      ],
      [
       116.3421355656833,
       39.972464355018545
      ],
      [
       116.34084980466261,
       39.972457050683126
      ]
     ]
    ]
   }
  },
  {
   "type": "Feature",
   "id": "bldg_186",
   "properties": {
    "id": "bldg_186",
    "layer": "BUILDING_FOOTPRINT",
    "building_type": "mixed_use",
    "height_m": 63.4,
    "floors": 18,
    "name_zh": "建筑足迹 186",
    "source_type": "agent_generated_design",
    "confidence": "high",
    "geometry_role": "design_proposal",
    "official_boundary": false,
    "area_sqm_declared": 3484.2
   },
   "geometry": {
    "type": "Polygon",
    "coordinates": [
     [
      [
       116.3541845698652,
       39.97021319153602
      ],
      [
       116.35417931190163,
       39.97077187770118
      ],
      [
       116.35483667595452,
       39.97077553829435
      ],
      [
       116.35484192856703,
       39.970216852057156
      ],
      [
       116.3541845698652,
       39.97021319153602
      ]
     ]
    ]
   }
  },
  {
   "type": "Feature",
   "id": "bldg_187",
   "properties": {
    "id": "bldg_187",
    "layer": "BUILDING_FOOTPRINT",
    "building_type": "retail",
    "height_m": 79.4,
    "floors": 9,
    "name_zh": "建筑足迹 187",
    "source_type": "agent_generated_design",
    "confidence": "high",
    "geometry_role": "design_proposal",
    "official_boundary": false,
    "area_sqm_declared": 4494.0
   },
   "geometry": {
    "type": "Polygon",
    "coordinates": [
     [
      [
       116.34028779086668,
       39.96783398779391
      ],
      [
       116.34028356204746,
       39.96827389451468
      ],
      [
       116.34136035074549,
       39.96828001776578
      ],
      [
       116.34136457266362,
       39.96784011095013
      ],
      [
       116.34028779086668,
       39.96783398779391
      ]
     ]
    ]
   }
  },
  {
   "type": "Feature",
   "id": "bldg_188",
   "properties": {
    "id": "bldg_188",
    "layer": "BUILDING_FOOTPRINT",
    "building_type": "retail",
    "height_m": 42.9,
    "floors": 22,
    "name_zh": "建筑足迹 188",
    "source_type": "agent_generated_design",
    "confidence": "high",
    "geometry_role": "design_proposal",
    "official_boundary": false,
    "area_sqm_declared": 5859.2
   },
   "geometry": {
    "type": "Polygon",
    "coordinates": [
     [
      [
       116.34545975729786,
       39.967673490713636
      ],
      [
       116.345453139127,
       39.96836739191224
      ],
      [
       116.34634316536933,
       39.96837241414671
      ],
      [
       116.34634977454263,
       39.96767851282536
      ],
      [
       116.34545975729786,
       39.967673490713636
      ]
     ]
    ]
   }
  },
  {
   "type": "Feature",
   "id": "bldg_189",
   "properties": {
    "id": "bldg_189",
    "layer": "BUILDING_FOOTPRINT",
    "building_type": "retail",
    "height_m": 63.8,
    "floors": 16,
    "name_zh": "建筑足迹 189",
    "source_type": "agent_generated_design",
    "confidence": "high",
    "geometry_role": "design_proposal",
    "official_boundary": false,
    "area_sqm_declared": 5251.3
   },
   "geometry": {
    "type": "Polygon",
    "coordinates": [
     [
      [
       116.34136147220505,
       39.97026887268731
      ],
      [
       116.3413543312635,
       39.97101285650162
      ],
      [
       116.34209833998001,
       39.97101708163598
      ],
      [
       116.34210547285655,
       39.97027309771098
      ],
      [
       116.34136147220505,
       39.97026887268731
      ]
     ]
    ]
   }
  },
  {
   "type": "Feature",
   "id": "bldg_190",
   "properties": {
    "id": "bldg_190",
    "layer": "BUILDING_FOOTPRINT",
    "building_type": "mixed_use",
    "height_m": 76.6,
    "floors": 8,
    "name_zh": "建筑足迹 190",
    "source_type": "agent_generated_design",
    "confidence": "high",
    "geometry_role": "design_proposal",
    "official_boundary": false,
    "area_sqm_declared": 4479.2
   },
   "geometry": {
    "type": "Polygon",
    "coordinates": [
     [
      [
       116.3423590350917,
       39.97040898168149
      ],
      [
       116.34235364685966,
       39.97097120965051
      ],
      [
       116.34319342406913,
       39.97097597105391
      ],
      [
       116.3431988054219,
       39.97041374299061
      ],
      [
       116.3423590350917,
       39.97040898168149
      ]
     ]
    ]
   }
  },
  {
   "type": "Feature",
   "id": "bldg_191",
   "properties": {
    "id": "bldg_191",
    "layer": "BUILDING_FOOTPRINT",
    "building_type": "mixed_use",
    "height_m": 35.7,
    "floors": 17,
    "name_zh": "建筑足迹 191",
    "source_type": "agent_generated_design",
    "confidence": "high",
    "geometry_role": "design_proposal",
    "official_boundary": false,
    "area_sqm_declared": 4193.0
   },
   "geometry": {
    "type": "Polygon",
    "coordinates": [
     [
      [
       116.34050622890025,
       39.96850117140205
      ],
      [
       116.34049977864595,
       39.969172367354105
      ],
      [
       116.34115825036837,
       39.96917611179023
      ],
      [
       116.34116469418363,
       39.96850491574967
      ],
      [
       116.34050622890025,
       39.96850117140205
      ]
     ]
    ]
   }
  },
  {
   "type": "Feature",
   "id": "bldg_192",
   "properties": {
    "id": "bldg_192",
    "layer": "BUILDING_FOOTPRINT",
    "building_type": "retail",
    "height_m": 44.7,
    "floors": 13,
    "name_zh": "建筑足迹 192",
    "source_type": "agent_generated_design",
    "confidence": "high",
    "geometry_role": "design_proposal",
    "official_boundary": false,
    "area_sqm_declared": 3270.1
   },
   "geometry": {
    "type": "Polygon",
    "coordinates": [
     [
      [
       116.34187559789478,
       39.97130094032611
      ],
      [
       116.34187106422426,
       39.97177363873985
      ],
      [
       116.34260028220308,
       39.971777776694076
      ],
      [
       116.3426048108511,
       39.971305078211444
      ],
      [
       116.34187559789478,
       39.97130094032611
      ]
     ]
    ]
   }
  },
  {
   "type": "Feature",
   "id": "bldg_193",
   "properties": {
    "id": "bldg_193",
    "layer": "BUILDING_FOOTPRINT",
    "building_type": "retail",
    "height_m": 35.8,
    "floors": 20,
    "name_zh": "建筑足迹 193",
    "source_type": "agent_generated_design",
    "confidence": "high",
    "geometry_role": "design_proposal",
    "official_boundary": false,
    "area_sqm_declared": 6668.2
   },
   "geometry": {
    "type": "Polygon",
    "coordinates": [
     [
      [
       116.34125665884325,
       39.96641611573878
      ],
      [
       116.34124947707657,
       39.967164336328345
      ],
      [
       116.3421888412779,
       39.967169670795975
      ],
      [
       116.34219601280535,
       39.96642145006582
      ],
      [
       116.34125665884325,
       39.96641611573878
      ]
     ]
    ]
   }
  },
  {
   "type": "Feature",
   "id": "bldg_194",
   "properties": {
    "id": "bldg_194",
    "layer": "BUILDING_FOOTPRINT",
    "building_type": "retail",
    "height_m": 24.0,
    "floors": 22,
    "name_zh": "建筑足迹 194",
    "source_type": "agent_generated_design",
    "confidence": "high",
    "geometry_role": "design_proposal",
    "official_boundary": false,
    "area_sqm_declared": 10129.0
   },
   "geometry": {
    "type": "Polygon",
    "coordinates": [
     [
      [
       116.35290493218821,
       39.9697822775885
      ],
      [
       116.35289705625449,
       39.970617488764255
      ],
      [
       116.35417539942422,
       39.97062461804874
      ],
      [
       116.35418325980177,
       39.96978940666326
      ],
      [
       116.35290493218821,
       39.9697822775885
      ]
     ]
    ]
   }
  },
  {
   "type": "Feature",
   "id": "bldg_195",
   "properties": {
    "id": "bldg_195",
    "layer": "BUILDING_FOOTPRINT",
    "building_type": "mixed_use",
    "height_m": 73.1,
    "floors": 20,
    "name_zh": "建筑足迹 195",
    "source_type": "agent_generated_design",
    "confidence": "high",
    "geometry_role": "design_proposal",
    "official_boundary": false,
    "area_sqm_declared": 2891.2
   },
   "geometry": {
    "type": "Polygon",
    "coordinates": [
     [
      [
       116.35019069887237,
       39.97166363342932
      ],
      [
       116.35018663315763,
       39.97209296074074
      ],
      [
       116.35089648911219,
       39.97209693796384
      ],
      [
       116.3509005503863,
       39.971667610592284
      ],
      [
       116.35019069887237,
       39.97166363342932
      ]
     ]
    ]
   }
  },
  {
   "type": "Feature",
   "id": "bldg_196",
   "properties": {
    "id": "bldg_196",
    "layer": "BUILDING_FOOTPRINT",
    "building_type": "retail",
    "height_m": 38.3,
    "floors": 21,
    "name_zh": "建筑足迹 196",
    "source_type": "agent_generated_design",
    "confidence": "high",
    "geometry_role": "design_proposal",
    "official_boundary": false,
    "area_sqm_declared": 3118.4
   },
   "geometry": {
    "type": "Polygon",
    "coordinates": [
     [
      [
       116.34094561878054,
       39.97102041340073
      ],
      [
       116.34094001732414,
       39.971603623406125
      ],
      [
       116.3415036323996,
       39.97160682657187
      ],
      [
       116.34150922906656,
       39.97102361650069
      ],
      [
       116.34094561878054,
       39.97102041340073
      ]
     ]
    ]
   }
  },
  {
   "type": "Feature",
   "id": "bldg_197",
   "properties": {
    "id": "bldg_197",
    "layer": "BUILDING_FOOTPRINT",
    "building_type": "retail",
    "height_m": 77.0,
    "floors": 11,
    "name_zh": "建筑足迹 197",
    "source_type": "agent_generated_design",
    "confidence": "high",
    "geometry_role": "design_proposal",
    "official_boundary": false,
    "area_sqm_declared": 3970.1
   },
   "geometry": {
    "type": "Polygon",
    "coordinates": [
     [
      [
       116.34173843436163,
       39.96954627967442
      ],
      [
       116.34173197516083,
       39.97021963977914
      ],
      [
       116.34235345762407,
       39.97022316738849
      ],
      [
       116.3423599107277,
       39.969549807200124
      ],
      [
       116.34173843436163,
       39.96954627967442
      ]
     ]
    ]
   }
  },
  {
   "type": "Feature",
   "id": "bldg_198",
   "properties": {
    "id": "bldg_198",
    "layer": "BUILDING_FOOTPRINT",
    "building_type": "mixed_use",
    "height_m": 48.4,
    "floors": 17,
    "name_zh": "建筑足迹 198",
    "source_type": "agent_generated_design",
    "confidence": "high",
    "geometry_role": "design_proposal",
    "official_boundary": false,
    "area_sqm_declared": 3209.2
   },
   "geometry": {
    "type": "Polygon",
    "coordinates": [
     [
      [
       116.34325546570342,
       39.96654999771996
      ],
      [
       116.34325020823053,
       39.96709940624028
      ],
      [
       116.34386589443949,
       39.96710289283392
      ],
      [
       116.34387114698448,
       39.966553484246134
      ],
      [
       116.34325546570342,
       39.96654999771996
      ]
     ]
    ]
   }
  },
  {
   "type": "Feature",
   "id": "bldg_199",
   "properties": {
    "id": "bldg_199",
    "layer": "BUILDING_FOOTPRINT",
    "building_type": "retail",
    "height_m": 73.2,
    "floors": 18,
    "name_zh": "建筑足迹 199",
    "source_type": "agent_generated_design",
    "confidence": "high",
    "geometry_role": "design_proposal",
    "official_boundary": false,
    "area_sqm_declared": 7231.2
   },
   "geometry": {
    "type": "Polygon",
    "coordinates": [
     [
      [
       116.34023275993667,
       39.96624974086898
      ],
      [
       116.34022513225592,
       39.967043188703876
      ],
      [
       116.34118573121742,
       39.967048652156905
      ],
      [
       116.34119334779461,
       39.96625520416932
      ],
      [
       116.34023275993667,
       39.96624974086898
      ]
     ]
    ]
   }
  },
  {
   "type": "Feature",
   "id": "bldg_200",
   "properties": {
    "id": "bldg_200",
    "layer": "BUILDING_FOOTPRINT",
    "building_type": "mixed_use",
    "height_m": 48.1,
    "floors": 12,
    "name_zh": "建筑足迹 200",
    "source_type": "agent_generated_design",
    "confidence": "high",
    "geometry_role": "design_proposal",
    "official_boundary": false,
    "area_sqm_declared": 4780.9
   },
   "geometry": {
    "type": "Polygon",
    "coordinates": [
     [
      [
       116.34561235249245,
       39.97206339767295
      ],
      [
       116.34560626004318,
       39.972702228173155
      ],
      [
       116.34639513730127,
       39.97270667906407
      ],
      [
       116.34640122240732,
       39.972067848463716
      ],
      [
       116.34561235249245,
       39.97206339767295
      ]
     ]
    ]
   }
  },
  {
   "type": "Feature",
   "id": "bldg_201",
   "properties": {
    "id": "bldg_201",
    "layer": "BUILDING_FOOTPRINT",
    "building_type": "mixed_use",
    "height_m": 26.0,
    "floors": 22,
    "name_zh": "建筑足迹 201",
    "source_type": "agent_generated_design",
    "confidence": "high",
    "geometry_role": "design_proposal",
    "official_boundary": false,
    "area_sqm_declared": 4136.5
   },
   "geometry": {
    "type": "Polygon",
    "coordinates": [
     [
      [
       116.34277817703187,
       39.96959814992075
      ],
      [
       116.34277372158186,
       39.97006335903762
      ],
      [
       116.34371096919944,
       39.97006866926254
      ],
      [
       116.34371541829678,
       39.96960346005867
      ],
      [
       116.34277817703187,
       39.96959814992075
      ]
     ]
    ]
   }
  },
  {
   "type": "Feature",
   "id": "bldg_202",
   "properties": {
    "id": "bldg_202",
    "layer": "BUILDING_FOOTPRINT",
    "building_type": "retail",
    "height_m": 21.7,
    "floors": 20,
    "name_zh": "建筑足迹 202",
    "source_type": "agent_generated_design",
    "confidence": "high",
    "geometry_role": "design_proposal",
    "official_boundary": false,
    "area_sqm_declared": 6082.4
   },
   "geometry": {
    "type": "Polygon",
    "coordinates": [
     [
      [
       116.35027220408897,
       39.968998029703656
      ],
      [
       116.3502659672889,
       39.96965675841393
      ],
      [
       116.35123924654118,
       39.96966220970788
      ],
      [
       116.35124547400034,
       39.96900348087111
      ],
      [
       116.35027220408897,
       39.968998029703656
      ]
     ]
    ]
   }
  },
  {
   "type": "Feature",
   "id": "bldg_203",
   "properties": {
    "id": "bldg_203",
    "layer": "BUILDING_FOOTPRINT",
    "building_type": "retail",
    "height_m": 64.8,
    "floors": 20,
    "name_zh": "建筑足迹 203",
    "source_type": "agent_generated_design",
    "confidence": "high",
    "geometry_role": "design_proposal",
    "official_boundary": false,
    "area_sqm_declared": 4973.3
   },
   "geometry": {
    "type": "Polygon",
    "coordinates": [
     [
      [
       116.34582803141868,
       39.9639849970324
      ],
      [
       116.34582120151548,
       39.9647015946908
      ],
      [
       116.3465526918386,
       39.96470572042522
      ],
      [
       116.34655951410608,
       39.96398912266269
      ],
      [
       116.34582803141868,
       39.9639849970324
      ]
     ]
    ]
   }
  },
  {
   "type": "Feature",
   "id": "bldg_204",
   "properties": {
    "id": "bldg_204",
    "layer": "BUILDING_FOOTPRINT",
    "building_type": "retail",
    "height_m": 28.0,
    "floors": 8,
    "name_zh": "建筑足迹 204",
    "source_type": "agent_generated_design",
    "confidence": "high",
    "geometry_role": "design_proposal",
    "official_boundary": false,
    "area_sqm_declared": 2164.1
   },
   "geometry": {
    "type": "Polygon",
    "coordinates": [
     [
      [
       116.35024916241905,
       39.96738765663062
      ],
      [
       116.35024512496715,
       39.967814102720574
      ],
      [
       116.35078001147141,
       39.967817099670306
      ],
      [
       116.35078404560024,
       39.967390653535325
      ],
      [
       116.35024916241905,
       39.96738765663062
      ]
     ]
    ]
   }
  },
  {
   "type": "Feature",
   "id": "bldg_205",
   "properties": {
    "id": "bldg_205",
    "layer": "BUILDING_FOOTPRINT",
    "building_type": "mixed_use",
    "height_m": 22.8,
    "floors": 6,
    "name_zh": "建筑足迹 205",
    "source_type": "agent_generated_design",
    "confidence": "high",
    "geometry_role": "design_proposal",
    "official_boundary": false,
    "area_sqm_declared": 4836.2
   },
   "geometry": {
    "type": "Polygon",
    "coordinates": [
     [
      [
       116.34212354607479,
       39.971870183051045
      ],
      [
       116.34211920697248,
       39.97232275660344
      ],
      [
       116.34324562992786,
       39.97232914418069
      ],
      [
       116.34324996160204,
       39.971876570526476
      ],
      [
       116.34212354607479,
       39.971870183051045
      ]
     ]
    ]
   }
  },
  {
   "type": "Feature",
   "id": "bldg_206",
   "properties": {
    "id": "bldg_206",
    "layer": "BUILDING_FOOTPRINT",
    "building_type": "retail",
    "height_m": 52.6,
    "floors": 18,
    "name_zh": "建筑足迹 206",
    "source_type": "agent_generated_design",
    "confidence": "high",
    "geometry_role": "design_proposal",
    "official_boundary": false,
    "area_sqm_declared": 5007.1
   },
   "geometry": {
    "type": "Polygon",
    "coordinates": [
     [
      [
       116.34999575916784,
       39.966191481234034
      ],
      [
       116.34998971060402,
       39.96683012084121
      ],
      [
       116.35081609730209,
       39.96683475181016
      ],
      [
       116.3508221381774,
       39.9661961120988
      ],
      [
       116.34999575916784,
       39.966191481234034
      ]
     ]
    ]
   }
  },
  {
   "type": "Feature",
   "id": "bldg_207",
   "properties": {
    "id": "bldg_207",
    "layer": "BUILDING_FOOTPRINT",
    "building_type": "retail",
    "height_m": 30.1,
    "floors": 16,
    "name_zh": "建筑足迹 207",
    "source_type": "agent_generated_design",
    "confidence": "high",
    "geometry_role": "design_proposal",
    "official_boundary": false,
    "area_sqm_declared": 10584.3
   },
   "geometry": {
    "type": "Polygon",
    "coordinates": [
     [
      [
       116.34253296329535,
       39.96713824666604
      ],
      [
       116.34252395246416,
       39.96807881921045
      ],
      [
       116.34371006612103,
       39.96808554065347
      ],
      [
       116.34371906069917,
       39.96714496788639
      ],
      [
       116.34253296329535,
       39.96713824666604
      ]
     ]
    ]
   }
  },
  {
   "type": "Feature",
   "id": "bldg_208",
   "properties": {
    "id": "bldg_208",
    "layer": "BUILDING_FOOTPRINT",
    "building_type": "mixed_use",
    "height_m": 43.8,
    "floors": 6,
    "name_zh": "建筑足迹 208",
    "source_type": "agent_generated_design",
    "confidence": "high",
    "geometry_role": "design_proposal",
    "official_boundary": false,
    "area_sqm_declared": 8383.7
   },
   "geometry": {
    "type": "Polygon",
    "coordinates": [
     [
      [
       116.3532619240804,
       39.96853071679224
      ],
      [
       116.35325504275865,
       39.96926089062656
      ],
      [
       116.35446529165013,
       39.96926763671306
      ],
      [
       116.3544721600971,
       39.96853746270526
      ],
      [
       116.3532619240804,
       39.96853071679224
      ]
     ]
    ]
   }
  },
  {
   "type": "Feature",
   "id": "bldg_209",
   "properties": {
    "id": "bldg_209",
    "layer": "BUILDING_FOOTPRINT",
    "building_type": "retail",
    "height_m": 65.5,
    "floors": 5,
    "name_zh": "建筑足迹 209",
    "source_type": "agent_generated_design",
    "confidence": "high",
    "geometry_role": "design_proposal",
    "official_boundary": false,
    "area_sqm_declared": 2230.7
   },
   "geometry": {
    "type": "Polygon",
    "coordinates": [
     [
      [
       116.35069734673051,
       39.96565843794066
      ],
      [
       116.35069339868151,
       39.96607575468683
      ],
      [
       116.35125680482521,
       39.96607890914944
      ],
      [
       116.35126074944904,
       39.96566159235692
      ],
      [
       116.35069734673051,
       39.96565843794066
      ]
     ]
    ]
   }
  },
  {
   "type": "Feature",
   "id": "bldg_210",
   "properties": {
    "id": "bldg_210",
    "layer": "BUILDING_FOOTPRINT",
    "building_type": "retail",
    "height_m": 47.0,
    "floors": 15,
    "name_zh": "建筑足迹 210",
    "source_type": "agent_generated_design",
    "confidence": "high",
    "geometry_role": "design_proposal",
    "official_boundary": false,
    "area_sqm_declared": 2028.7
   },
   "geometry": {
    "type": "Polygon",
    "coordinates": [
     [
      [
       116.3496810790374,
       39.965656833941644
      ],
      [
       116.34967697705103,
       39.96608974439631
      ],
      [
       116.35017089765631,
       39.96609251429486
      ],
      [
       116.35017499652774,
       39.965659603797974
      ],
      [
       116.3496810790374,
       39.965656833941644
      ]
     ]
    ]
   }
  },
  {
   "type": "Feature",
   "id": "bldg_211",
   "properties": {
    "id": "bldg_211",
    "layer": "BUILDING_FOOTPRINT",
    "building_type": "mixed_use",
    "height_m": 55.0,
    "floors": 22,
    "name_zh": "建筑足迹 211",
    "source_type": "agent_generated_design",
    "confidence": "high",
    "geometry_role": "design_proposal",
    "official_boundary": false,
    "area_sqm_declared": 4644.9
   },
   "geometry": {
    "type": "Polygon",
    "coordinates": [
     [
      [
       116.35314555980345,
       39.97110962520353
      ],
      [
       116.35313756881162,
       39.971957312808705
      ],
      [
       116.35371516913989,
       39.9719605346434
      ],
      [
       116.35372315299759,
       39.97111284694205
      ],
      [
       116.35314555980345,
       39.97110962520353
      ]
     ]
    ]
   }
  },
  {
   "type": "Feature",
   "id": "bldg_212",
   "properties": {
    "id": "bldg_212",
    "layer": "BUILDING_FOOTPRINT",
    "building_type": "retail",
    "height_m": 34.2,
    "floors": 18,
    "name_zh": "建筑足迹 212",
    "source_type": "agent_generated_design",
    "confidence": "high",
    "geometry_role": "design_proposal",
    "official_boundary": false,
    "area_sqm_declared": 4184.3
   },
   "geometry": {
    "type": "Polygon",
    "coordinates": [
     [
      [
       116.34543418505889,
       39.97133206622691
      ],
      [
       116.34542903516356,
       39.971871932580186
      ],
      [
       116.34624603324225,
       39.97187654325727
      ],
      [
       116.34625117671091,
       39.971336676816314
      ],
      [
       116.34543418505889,
       39.97133206622691
      ]
     ]
    ]
   }
  },
  {
   "type": "Feature",
   "id": "bldg_213",
   "properties": {
    "id": "bldg_213",
    "layer": "BUILDING_FOOTPRINT",
    "building_type": "mixed_use",
    "height_m": 20.5,
    "floors": 15,
    "name_zh": "建筑足迹 213",
    "source_type": "agent_generated_design",
    "confidence": "high",
    "geometry_role": "design_proposal",
    "official_boundary": false,
    "area_sqm_declared": 8679.7
   },
   "geometry": {
    "type": "Polygon",
    "coordinates": [
     [
      [
       116.35286185126249,
       39.97200113350773
      ],
      [
       116.3528529913466,
       39.97294055289987
      ],
      [
       116.35382693436911,
       39.97294598627898
      ],
      [
       116.3538357809533,
       39.97200656670707
      ],
      [
       116.35286185126249,
       39.97200113350773
      ]
     ]
    ]
   }
  },
  {
   "type": "Feature",
   "id": "bldg_214",
   "properties": {
    "id": "bldg_214",
    "layer": "BUILDING_FOOTPRINT",
    "building_type": "mixed_use",
    "height_m": 49.1,
    "floors": 22,
    "name_zh": "建筑足迹 214",
    "source_type": "agent_generated_design",
    "confidence": "high",
    "geometry_role": "design_proposal",
    "official_boundary": false,
    "area_sqm_declared": 4079.6
   },
   "geometry": {
    "type": "Polygon",
    "coordinates": [
     [
      [
       116.34131648667429,
       39.97183700507612
      ],
      [
       116.34131083100004,
       39.972426174495375
      ],
      [
       116.34204073195399,
       39.97243031986744
      ],
      [
       116.34204638136221,
       39.97184115036216
      ],
      [
       116.34131648667429,
       39.97183700507612
      ]
     ]
    ]
   }
  },
  {
   "type": "Feature",
   "id": "bldg_215",
   "properties": {
    "id": "bldg_215",
    "layer": "BUILDING_FOOTPRINT",
    "building_type": "mixed_use",
    "height_m": 43.4,
    "floors": 5,
    "name_zh": "建筑足迹 215",
    "source_type": "agent_generated_design",
    "confidence": "high",
    "geometry_role": "design_proposal",
    "official_boundary": false,
    "area_sqm_declared": 5388.6
   },
   "geometry": {
    "type": "Polygon",
    "coordinates": [
     [
      [
       116.3454799311579,
       39.96956111909497
      ],
      [
       116.34547104006842,
       39.97049329157918
      ],
      [
       116.34608037145287,
       39.9704967305986
      ],
      [
       116.34608925426667,
       39.96956455800148
      ],
      [
       116.3454799311579,
       39.96956111909497
      ]
     ]
    ]
   }
  },
  {
   "type": "Feature",
   "id": "bldg_216",
   "properties": {
    "id": "bldg_216",
    "layer": "BUILDING_FOOTPRINT",
    "building_type": "retail",
    "height_m": 60.3,
    "floors": 18,
    "name_zh": "建筑足迹 216",
    "source_type": "agent_generated_design",
    "confidence": "high",
    "geometry_role": "design_proposal",
    "official_boundary": false,
    "area_sqm_declared": 3700.9
   },
   "geometry": {
    "type": "Polygon",
    "coordinates": [
     [
      [
       116.3541520648705,
       39.964043703459474
      ],
      [
       116.35414593344476,
       39.964695308217976
      ],
      [
       116.35474456071438,
       39.964698641930774
      ],
      [
       116.35475068645805,
       39.96404703709576
      ],
      [
       116.3541520648705,
       39.964043703459474
      ]
     ]
    ]
   }
  },
  {
   "type": "Feature",
   "id": "bldg_217",
   "properties": {
    "id": "bldg_217",
    "layer": "BUILDING_FOOTPRINT",
    "building_type": "retail",
    "height_m": 78.7,
    "floors": 13,
    "name_zh": "建筑足迹 217",
    "source_type": "agent_generated_design",
    "confidence": "high",
    "geometry_role": "design_proposal",
    "official_boundary": false,
    "area_sqm_declared": 4890.1
   },
   "geometry": {
    "type": "Polygon",
    "coordinates": [
     [
      [
       116.34977719576162,
       39.96807797032751
      ],
      [
       116.34977231880767,
       39.96859269907823
      ],
      [
       116.35077370033123,
       39.96859831187892
      ],
      [
       116.35077856977574,
       39.968083583026456
      ],
      [
       116.34977719576162,
       39.96807797032751
      ]
     ]
    ]
   }
  },
  {
   "type": "Feature",
   "id": "bldg_218",
   "properties": {
    "id": "bldg_218",
    "layer": "BUILDING_FOOTPRINT",
    "building_type": "retail",
    "height_m": 30.0,
    "floors": 8,
    "name_zh": "建筑足迹 218",
    "source_type": "agent_generated_design",
    "confidence": "high",
    "geometry_role": "design_proposal",
    "official_boundary": false,
    "area_sqm_declared": 4307.5
   },
   "geometry": {
    "type": "Polygon",
    "coordinates": [
     [
      [
       116.3533552538964,
       39.96796510279979
      ],
      [
       116.35335005004278,
       39.968517374549926
      ],
      [
       116.35417217402517,
       39.968521957859
      ],
      [
       116.35417737126396,
       39.9679696860197
      ],
      [
       116.3533552538964,
       39.96796510279979
      ]
     ]
    ]
   }
  },
  {
   "type": "Feature",
   "id": "bldg_219",
   "properties": {
    "id": "bldg_219",
    "layer": "BUILDING_FOOTPRINT",
    "building_type": "retail",
    "height_m": 67.5,
    "floors": 7,
    "name_zh": "建筑足迹 219",
    "source_type": "agent_generated_design",
    "confidence": "high",
    "geometry_role": "design_proposal",
    "official_boundary": false,
    "area_sqm_declared": 6804.5
   },
   "geometry": {
    "type": "Polygon",
    "coordinates": [
     [
      [
       116.3538035190572,
       39.97087453726132
      ],
      [
       116.35379677080637,
       39.97159113169858
      ],
      [
       116.35477242925538,
       39.971596566651364
      ],
      [
       116.35482972288446,
       39.9708802534712
      ],
      [
       116.3538035190572,
       39.97087453726132
      ]
     ]
    ]
   }
  },
  {
   "type": "Feature",
   "id": "bldg_220",
   "properties": {
    "id": "bldg_220",
    "layer": "BUILDING_FOOTPRINT",
    "building_type": "mixed_use",
    "height_m": 73.9,
    "floors": 18,
    "name_zh": "建筑足迹 220",
    "source_type": "agent_generated_design",
    "confidence": "high",
    "geometry_role": "design_proposal",
    "official_boundary": false,
    "area_sqm_declared": 2351.6
   },
   "geometry": {
    "type": "Polygon",
    "coordinates": [
     [
      [
       116.35418327406765,
       39.96765358073176
      ],
      [
       116.3541795940168,
       39.96804464186687
      ],
      [
       116.3548134225566,
       39.96804817140463
      ],
      [
       116.35481709899635,
       39.967657110220905
      ],
      [
       116.35418327406765,
       39.96765358073176
      ]
     ]
    ]
   }
  },
  {
   "type": "Feature",
   "id": "bldg_221",
   "properties": {
    "id": "bldg_221",
    "layer": "BUILDING_FOOTPRINT",
    "building_type": "mixed_use",
    "height_m": 33.0,
    "floors": 20,
    "name_zh": "建筑足迹 221",
    "source_type": "agent_generated_design",
    "confidence": "high",
    "geometry_role": "design_proposal",
    "official_boundary": false,
    "area_sqm_declared": 5187.5
   },
   "geometry": {
    "type": "Polygon",
    "coordinates": [
     [
      [
       116.341230700611,
       39.972934676263876
      ],
      [
       116.34122588250372,
       39.97343650983102
      ],
      [
       116.3423155389666,
       39.973442697530565
      ],
      [
       116.3423203491058,
       39.97294086385404
      ],
      [
       116.341230700611,
       39.972934676263876
      ]
     ]
    ]
   }
  },
  {
   "type": "Feature",
   "id": "bldg_222",
   "properties": {
    "id": "bldg_222",
    "layer": "BUILDING_FOOTPRINT",
    "building_type": "retail",
    "height_m": 36.1,
    "floors": 18,
    "name_zh": "建筑足迹 222",
    "source_type": "agent_generated_design",
    "confidence": "high",
    "geometry_role": "design_proposal",
    "official_boundary": false,
    "area_sqm_declared": 3330.4
   },
   "geometry": {
    "type": "Polygon",
    "coordinates": [
     [
      [
       116.34011644500544,
       39.97225690212443
      ],
      [
       116.34010954364823,
       39.97297451768636
      ],
      [
       116.34059875448189,
       39.9729773016796
      ],
      [
       116.34060565072365,
       39.9722596860473
      ],
      [
       116.34011644500544,
       39.97225690212443
      ]
     ]
    ]
   }
  },
  {
   "type": "Feature",
   "id": "bldg_223",
   "properties": {
    "id": "bldg_223",
    "layer": "BUILDING_FOOTPRINT",
    "building_type": "mixed_use",
    "height_m": 56.6,
    "floors": 10,
    "name_zh": "建筑足迹 223",
    "source_type": "agent_generated_design",
    "confidence": "high",
    "geometry_role": "design_proposal",
    "official_boundary": false,
    "area_sqm_declared": 4615.3
   },
   "geometry": {
    "type": "Polygon",
    "coordinates": [
     [
      [
       116.35012330939682,
       39.96979452708539
      ],
      [
       116.3501192931812,
       39.97021861170532
      ],
      [
       116.35126643625013,
       39.97022503741601
      ],
      [
       116.35127044537771,
       39.9698009527001
      ],
      [
       116.35012330939682,
       39.96979452708539
      ]
     ]
    ]
   }
  },
  {
   "type": "Feature",
   "id": "bldg_224",
   "properties": {
    "id": "bldg_224",
    "layer": "BUILDING_FOOTPRINT",
    "building_type": "mixed_use",
    "height_m": 64.9,
    "floors": 22,
    "name_zh": "建筑足迹 224",
    "source_type": "agent_generated_design",
    "confidence": "high",
    "geometry_role": "design_proposal",
    "official_boundary": false,
    "area_sqm_declared": 2129.7
   },
   "geometry": {
    "type": "Polygon",
    "coordinates": [
     [
      [
       116.34262950157539,
       39.966767767907434
      ],
      [
       116.3426259549804,
       39.96713803468745
      ],
      [
       116.3432322023648,
       39.96714147112019
      ],
      [
       116.3432357456896,
       39.96677120429535
      ],
      [
       116.34262950157539,
       39.966767767907434
      ]
     ]
    ]
   }
  },
  {
   "type": "Feature",
   "id": "bldg_225",
   "properties": {
    "id": "bldg_225",
    "layer": "BUILDING_FOOTPRINT",
    "building_type": "mixed_use",
    "height_m": 70.0,
    "floors": 18,
    "name_zh": "建筑足迹 225",
    "source_type": "agent_generated_design",
    "confidence": "high",
    "geometry_role": "design_proposal",
    "official_boundary": false,
    "area_sqm_declared": 3049.5
   },
   "geometry": {
    "type": "Polygon",
    "coordinates": [
     [
      [
       116.35412246653661,
       39.97170102454246
      ],
      [
       116.35411731473722,
       39.972248348763095
      ],
      [
       116.35470462724514,
       39.972251619788665
      ],
      [
       116.3547097743607,
       39.971704295504956
      ],
      [
       116.35412246653661,
       39.97170102454246
      ]
     ]
    ]
   }
  },
  {
   "type": "Feature",
   "id": "bldg_226",
   "properties": {
    "id": "bldg_226",
    "layer": "BUILDING_FOOTPRINT",
    "building_type": "retail",
    "height_m": 46.8,
    "floors": 23,
    "name_zh": "建筑足迹 226",
    "source_type": "agent_generated_design",
    "confidence": "high",
    "geometry_role": "design_proposal",
    "official_boundary": false,
    "area_sqm_declared": 3602.1
   },
   "geometry": {
    "type": "Polygon",
    "coordinates": [
     [
      [
       116.35015763527679,
       39.97271791535341
      ],
      [
       116.35015214389168,
       39.97329773575479
      ],
      [
       116.35080701923592,
       39.9733014053063
      ],
      [
       116.3508125050881,
       39.972721584829976
      ],
      [
       116.35015763527679,
       39.97271791535341
      ]
     ]
    ]
   }
  },
  {
   "type": "Feature",
   "id": "bldg_227",
   "properties": {
    "id": "bldg_227",
    "layer": "BUILDING_FOOTPRINT",
    "building_type": "mixed_use",
    "height_m": 26.0,
    "floors": 12,
    "name_zh": "建筑足迹 227",
    "source_type": "agent_generated_design",
    "confidence": "high",
    "geometry_role": "design_proposal",
    "official_boundary": false,
    "area_sqm_declared": 2351.7
   },
   "geometry": {
    "type": "Polygon",
    "coordinates": [
     [
      [
       116.35007981016305,
       39.96434349046726
      ],
      [
       116.35007633687978,
       39.964710292267334
      ],
      [
       116.35075210411583,
       39.96471407906861
      ],
      [
       116.35075557378832,
       39.964347277219595
      ],
      [
       116.35007981016305,
       39.96434349046726
      ]
     ]
    ]
   }
  },
  {
   "type": "Feature",
   "id": "bldg_228",
   "properties": {
    "id": "bldg_228",
    "layer": "BUILDING_FOOTPRINT",
    "building_type": "retail",
    "height_m": 65.3,
    "floors": 6,
    "name_zh": "建筑足迹 228",
    "source_type": "agent_generated_design",
    "confidence": "high",
    "geometry_role": "design_proposal",
    "official_boundary": false,
    "area_sqm_declared": 1774.1
   },
   "geometry": {
    "type": "Polygon",
    "coordinates": [
     [
      [
       116.34559977739585,
       39.969122917768004
      ],
      [
       116.34559599110023,
       39.969519970278846
      ],
      [
       116.34606697301336,
       39.96952262822213
      ],
      [
       116.34607075658441,
       39.96912557567411
      ],
      [
       116.34559977739585,
       39.969122917768004
      ]
     ]
    ]
   }
  },
  {
   "type": "Feature",
   "id": "bldg_229",
   "properties": {
    "id": "bldg_229",
    "layer": "BUILDING_FOOTPRINT",
    "building_type": "retail",
    "height_m": 76.5,
    "floors": 5,
    "name_zh": "建筑足迹 229",
    "source_type": "agent_generated_design",
    "confidence": "high",
    "geometry_role": "design_proposal",
    "official_boundary": false,
    "area_sqm_declared": 4007.2
   },
   "geometry": {
    "type": "Polygon",
    "coordinates": [
     [
      [
       116.34538320844686,
       39.96863705280997
      ],
      [
       116.34537882983372,
       39.969096074407574
      ],
      [
       116.34629901277141,
       39.969101267303294
      ],
      [
       116.34630338523074,
       39.96864224562172
      ],
      [
       116.34538320844686,
       39.96863705280997
      ]
     ]
    ]
   }
  },
  {
   "type": "Feature",
   "id": "bldg_230",
   "properties": {
    "id": "bldg_230",
    "layer": "BUILDING_FOOTPRINT",
    "building_type": "mixed_use",
    "height_m": 75.7,
    "floors": 23,
    "name_zh": "建筑足迹 230",
    "source_type": "agent_generated_design",
    "confidence": "high",
    "geometry_role": "design_proposal",
    "official_boundary": false,
    "area_sqm_declared": 3456.4
   },
   "geometry": {
    "type": "Polygon",
    "coordinates": [
     [
      [
       116.34006810274721,
       39.97015179452485
      ],
      [
       116.3400636050558,
       39.970619476267046
      ],
      [
       116.3408426185067,
       39.970623908735874
      ],
      [
       116.3408471108898,
       39.97015622692068
      ],
      [
       116.34006810274721,
       39.97015179452485
      ]
     ]
    ]
   }
  },
  {
   "type": "Feature",
   "id": "bldg_231",
   "properties": {
    "id": "bldg_231",
    "layer": "BUILDING_FOOTPRINT",
    "building_type": "education",
    "height_m": 66.7,
    "floors": 8,
    "name_zh": "建筑足迹 231",
    "source_type": "agent_generated_design",
    "confidence": "high",
    "geometry_role": "design_proposal",
    "official_boundary": false,
    "area_sqm_declared": 3629.8
   },
   "geometry": {
    "type": "Polygon",
    "coordinates": [
     [
      [
       116.35427468990902,
       39.96315605403011
      ],
      [
       116.35426784494133,
       39.96388364873947
      ],
      [
       116.35479364729886,
       39.963886576493174
      ],
      [
       116.35480048669383,
       39.963158981708794
      ],
      [
       116.35427468990902,
       39.96315605403011
      ]
     ]
    ]
   }
  },
  {
   "type": "Feature",
   "id": "bldg_232",
   "properties": {
    "id": "bldg_232",
    "layer": "BUILDING_FOOTPRINT",
    "building_type": "education",
    "height_m": 29.5,
    "floors": 7,
    "name_zh": "建筑足迹 232",
    "source_type": "agent_generated_design",
    "confidence": "high",
    "geometry_role": "design_proposal",
    "official_boundary": false,
    "area_sqm_declared": 3641.0
   },
   "geometry": {
    "type": "Polygon",
    "coordinates": [
     [
      [
       116.34200159967146,
       39.963227239310406
      ],
      [
       116.3419978069567,
       39.96362287283825
      ],
      [
       116.34296778491883,
       39.96362837464651
      ],
      [
       116.34297157204364,
       39.96323274104199
      ],
      [
       116.34200159967146,
       39.963227239310406
      ]
     ]
    ]
   }
  },
  {
   "type": "Feature",
   "id": "bldg_233",
   "properties": {
    "id": "bldg_233",
    "layer": "BUILDING_FOOTPRINT",
    "building_type": "education",
    "height_m": 72.4,
    "floors": 23,
    "name_zh": "建筑足迹 233",
    "source_type": "agent_generated_design",
    "confidence": "high",
    "geometry_role": "design_proposal",
    "official_boundary": false,
    "area_sqm_declared": 2141.2
   },
   "geometry": {
    "type": "Polygon",
    "coordinates": [
     [
      [
       116.34261948790935,
       39.96067868592845
      ],
      [
       116.34261600006484,
       39.96104289250356
      ],
      [
       116.34323561611937,
       39.961046404602065
      ],
      [
       116.34323910067702,
       39.96068219798189
      ],
      [
       116.34261948790935,
       39.96067868592845
      ]
     ]
    ]
   }
  },
  {
   "type": "Feature",
   "id": "bldg_234",
   "properties": {
    "id": "bldg_234",
    "layer": "BUILDING_FOOTPRINT",
    "building_type": "education",
    "height_m": 55.3,
    "floors": 21,
    "name_zh": "建筑足迹 234",
    "source_type": "agent_generated_design",
    "confidence": "high",
    "geometry_role": "design_proposal",
    "official_boundary": false,
    "area_sqm_declared": 3318.2
   },
   "geometry": {
    "type": "Polygon",
    "coordinates": [
     [
      [
       116.35459291815067,
       39.96058722630801
      ],
      [
       116.35458762624708,
       39.96115006718578
      ],
      [
       116.35520898164869,
       39.96115352496664
      ],
      [
       116.35521426845851,
       39.960590684020325
      ],
      [
       116.35459291815067,
       39.96058722630801
      ]
     ]
    ]
   }
  },
  {
   "type": "Feature",
   "id": "bldg_235",
   "properties": {
    "id": "bldg_235",
    "layer": "BUILDING_FOOTPRINT",
    "building_type": "education",
    "height_m": 64.8,
    "floors": 7,
    "name_zh": "建筑足迹 235",
    "source_type": "agent_generated_design",
    "confidence": "high",
    "geometry_role": "design_proposal",
    "official_boundary": false,
    "area_sqm_declared": 2301.9
   },
   "geometry": {
    "type": "Polygon",
    "coordinates": [
     [
      [
       116.35304797927236,
       39.962477821629356
      ],
      [
       116.353044542558,
       39.962842451010516
      ],
      [
       116.35370992455604,
       39.962846162564695
      ],
      [
       116.35371335773638,
       39.96248153313588
      ],
      [
       116.35304797927236,
       39.962477821629356
      ]
     ]
    ]
   }
  },
  {
   "type": "Feature",
   "id": "bldg_236",
   "properties": {
    "id": "bldg_236",
    "layer": "BUILDING_FOOTPRINT",
    "building_type": "education",
    "height_m": 23.0,
    "floors": 19,
    "name_zh": "建筑足迹 236",
    "source_type": "agent_generated_design",
    "confidence": "high",
    "geometry_role": "design_proposal",
    "official_boundary": false,
    "area_sqm_declared": 3304.7
   },
   "geometry": {
    "type": "Polygon",
    "coordinates": [
     [
      [
       116.35337918865098,
       39.96022860198697
      ],
      [
       116.3533728624097,
       39.960900197509595
      ],
      [
       116.35389146290325,
       39.96090308913001
      ],
      [
       116.35389778407169,
       39.96023149353896
      ],
      [
       116.35337918865098,
       39.96022860198697
      ]
     ]
    ]
   }
  },
  {
   "type": "Feature",
   "id": "bldg_237",
   "properties": {
    "id": "bldg_237",
    "layer": "BUILDING_FOOTPRINT",
    "building_type": "education",
    "height_m": 61.3,
    "floors": 24,
    "name_zh": "建筑足迹 237",
    "source_type": "agent_generated_design",
    "confidence": "high",
    "geometry_role": "design_proposal",
    "official_boundary": false,
    "area_sqm_declared": 3761.3
   },
   "geometry": {
    "type": "Polygon",
    "coordinates": [
     [
      [
       116.3413357065546,
       39.961796724132476
      ],
      [
       116.34132774773481,
       39.96262613482313
      ],
      [
       116.34180570929257,
       39.96262884962797
      ],
      [
       116.3418136623381,
       39.96179943885801
      ],
      [
       116.3413357065546,
       39.961796724132476
      ]
     ]
    ]
   }
  },
  {
   "type": "Feature",
   "id": "bldg_238",
   "properties": {
    "id": "bldg_238",
    "layer": "BUILDING_FOOTPRINT",
    "building_type": "education",
    "height_m": 41.7,
    "floors": 9,
    "name_zh": "建筑足迹 238",
    "source_type": "agent_generated_design",
    "confidence": "high",
    "geometry_role": "design_proposal",
    "official_boundary": false,
    "area_sqm_declared": 6419.6
   },
   "geometry": {
    "type": "Polygon",
    "coordinates": [
     [
      [
       116.34038969815511,
       39.9604208320939
      ],
      [
       116.340383695028,
       39.96104557109136
      ],
      [
       116.34146667672256,
       39.96105172832416
      ],
      [
       116.34147266999526,
       39.960426989191205
      ],
      [
       116.34038969815511,
       39.9604208320939
      ]
     ]
    ]
   }
  },
  {
   "type": "Feature",
   "id": "bldg_239",
   "properties": {
    "id": "bldg_239",
    "layer": "BUILDING_FOOTPRINT",
    "building_type": "education",
    "height_m": 29.8,
    "floors": 24,
    "name_zh": "建筑足迹 239",
    "source_type": "agent_generated_design",
    "confidence": "high",
    "geometry_role": "design_proposal",
    "official_boundary": false,
    "area_sqm_declared": 4131.5
   },
   "geometry": {
    "type": "Polygon",
    "coordinates": [
     [
      [
       116.35388036414098,
       39.961898951488024
      ],
      [
       116.35387517226853,
       39.962450518555556
      ],
      [
       116.35466463220855,
       39.96245491613615
      ],
      [
       116.35466981773847,
       39.96190334898318
      ],
      [
       116.35388036414098,
       39.961898951488024
      ]
     ]
    ]
   }
  },
  {
   "type": "Feature",
   "id": "bldg_240",
   "properties": {
    "id": "bldg_240",
    "layer": "BUILDING_FOOTPRINT",
    "building_type": "education",
    "height_m": 41.8,
    "floors": 9,
    "name_zh": "建筑足迹 240",
    "source_type": "agent_generated_design",
    "confidence": "high",
    "geometry_role": "design_proposal",
    "official_boundary": false,
    "area_sqm_declared": 5408.0
   },
   "geometry": {
    "type": "Polygon",
    "coordinates": [
     [
      [
       116.3403099417201,
       39.96163868090856
      ],
      [
       116.34030363373788,
       39.96229503752242
      ],
      [
       116.34117202715481,
       39.96229997616655
      ],
      [
       116.34117832683496,
       39.96164361943852
      ],
      [
       116.3403099417201,
       39.96163868090856
      ]
     ]
    ]
   }
  },
  {
   "type": "Feature",
   "id": "bldg_241",
   "properties": {
    "id": "bldg_241",
    "layer": "BUILDING_FOOTPRINT",
    "building_type": "education",
    "height_m": 40.9,
    "floors": 9,
    "name_zh": "建筑足迹 241",
    "source_type": "agent_generated_design",
    "confidence": "high",
    "geometry_role": "design_proposal",
    "official_boundary": false,
    "area_sqm_declared": 2092.0
   },
   "geometry": {
    "type": "Polygon",
    "coordinates": [
     [
      [
       116.34960257557016,
       39.96273222152353
      ],
      [
       116.34959901120612,
       39.96310838730368
      ],
      [
       116.35018516596418,
       39.963111674551264
      ],
      [
       116.3501887271165,
       39.96273550872757
      ],
      [
       116.34960257557016,
       39.96273222152353
      ]
     ]
    ]
   }
  },
  {
   "type": "Feature",
   "id": "bldg_242",
   "properties": {
    "id": "bldg_242",
    "layer": "BUILDING_FOOTPRINT",
    "building_type": "education",
    "height_m": 24.7,
    "floors": 13,
    "name_zh": "建筑足迹 242",
    "source_type": "agent_generated_design",
    "confidence": "high",
    "geometry_role": "design_proposal",
    "official_boundary": false,
    "area_sqm_declared": 4756.5
   },
   "geometry": {
    "type": "Polygon",
    "coordinates": [
     [
      [
       116.34230149184762,
       39.96145465187554
      ],
      [
       116.3422957328785,
       39.96205570214911
      ],
      [
       116.34312979581999,
       39.9620604313344
      ],
      [
       116.3431355474872,
       39.96145938096071
      ],
      [
       116.34230149184762,
       39.96145465187554
      ]
     ]
    ]
   }
  },
  {
   "type": "Feature",
   "id": "bldg_243",
   "properties": {
    "id": "bldg_243",
    "layer": "BUILDING_FOOTPRINT",
    "building_type": "education",
    "height_m": 64.8,
    "floors": 16,
    "name_zh": "建筑足迹 243",
    "source_type": "agent_generated_design",
    "confidence": "high",
    "geometry_role": "design_proposal",
    "official_boundary": false,
    "area_sqm_declared": 2348.2
   },
   "geometry": {
    "type": "Polygon",
    "coordinates": [
     [
      [
       116.34242527278792,
       39.96248381522537
      ],
      [
       116.34242120428438,
       39.962908501790004
      ],
      [
       116.34300395817884,
       39.96291180605647
      ],
      [
       116.34300802307747,
       39.96248711944241
      ],
      [
       116.34242527278792,
       39.96248381522537
      ]
     ]
    ]
   }
  },
  {
   "type": "Feature",
   "id": "bldg_244",
   "properties": {
    "id": "bldg_244",
    "layer": "BUILDING_FOOTPRINT",
    "building_type": "education",
    "height_m": 47.7,
    "floors": 6,
    "name_zh": "建筑足迹 244",
    "source_type": "agent_generated_design",
    "confidence": "high",
    "geometry_role": "design_proposal",
    "official_boundary": false,
    "area_sqm_declared": 6728.7
   },
   "geometry": {
    "type": "Polygon",
    "coordinates": [
     [
      [
       116.34077037146284,
       39.96268697486447
      ],
      [
       116.34076353525667,
       39.96339876343305
      ],
      [
       116.34175988392013,
       39.96340442530697
      ],
      [
       116.34176670979609,
       39.96269263659644
      ],
      [
       116.34077037146284,
       39.96268697486447
      ]
     ]
    ]
   }
  },
  {
   "type": "Feature",
   "id": "bldg_245",
   "properties": {
    "id": "bldg_245",
    "layer": "BUILDING_FOOTPRINT",
    "building_type": "education",
    "height_m": 34.7,
    "floors": 23,
    "name_zh": "建筑足迹 245",
    "source_type": "agent_generated_design",
    "confidence": "high",
    "geometry_role": "design_proposal",
    "official_boundary": false,
    "area_sqm_declared": 2500.4
   },
   "geometry": {
    "type": "Polygon",
    "coordinates": [
     [
      [
       116.35067110310534,
       39.96161632479336
      ],
      [
       116.35066702411832,
       39.96204752636428
      ],
      [
       116.3512781740755,
       39.96205094806974
      ],
      [
       116.35128224922404,
       39.96161974644684
      ],
      [
       116.35067110310534,
       39.96161632479336
      ]
     ]
    ]
   }
  },
  {
   "type": "Feature",
   "id": "bldg_246",
   "properties": {
    "id": "bldg_246",
    "layer": "BUILDING_FOOTPRINT",
    "building_type": "education",
    "height_m": 69.1,
    "floors": 8,
    "name_zh": "建筑足迹 246",
    "source_type": "agent_generated_design",
    "confidence": "high",
    "geometry_role": "design_proposal",
    "official_boundary": false,
    "area_sqm_declared": 4834.2
   },
   "geometry": {
    "type": "Polygon",
    "coordinates": [
     [
      [
       116.34305311849927,
       39.96210263254021
      ],
      [
       116.34304474599205,
       39.96297742541134
      ],
      [
       116.34362718093146,
       39.9629807247383
      ],
      [
       116.34363554601718,
       39.96210593176552
      ],
      [
       116.34305311849927,
       39.96210263254021
      ]
     ]
    ]
   }
  },
  {
   "type": "Feature",
   "id": "bldg_247",
   "properties": {
    "id": "bldg_247",
    "layer": "BUILDING_FOOTPRINT",
    "building_type": "education",
    "height_m": 22.2,
    "floors": 19,
    "name_zh": "建筑足迹 247",
    "source_type": "agent_generated_design",
    "confidence": "high",
    "geometry_role": "design_proposal",
    "official_boundary": false,
    "area_sqm_declared": 1756.5
   },
   "geometry": {
    "type": "Polygon",
    "coordinates": [
     [
      [
       116.34183231579067,
       39.96062829639545
      ],
      [
       116.34182867397372,
       39.96100812669598
      ],
      [
       116.34231605070686,
       39.961010892825385
      ],
      [
       116.34231968982748,
       39.96063106248785
      ],
      [
       116.34183231579067,
       39.96062829639545
      ]
     ]
    ]
   }
  },
  {
   "type": "Feature",
   "id": "bldg_248",
   "properties": {
    "id": "bldg_248",
    "layer": "BUILDING_FOOTPRINT",
    "building_type": "education",
    "height_m": 56.4,
    "floors": 20,
    "name_zh": "建筑足迹 248",
    "source_type": "agent_generated_design",
    "confidence": "high",
    "geometry_role": "design_proposal",
    "official_boundary": false,
    "area_sqm_declared": 5421.0
   },
   "geometry": {
    "type": "Polygon",
    "coordinates": [
     [
      [
       116.34556535873294,
       39.960695171833365
      ],
      [
       116.34556012014575,
       39.961244653601064
      ],
      [
       116.34659990598443,
       39.961250519012445
      ],
      [
       116.3466051362499,
       39.96070103713122
      ],
      [
       116.34556535873294,
       39.960695171833365
      ]
     ]
    ]
   }
  },
  {
   "type": "Feature",
   "id": "bldg_249",
   "properties": {
    "id": "bldg_249",
    "layer": "BUILDING_FOOTPRINT",
    "building_type": "education",
    "height_m": 37.8,
    "floors": 5,
    "name_zh": "建筑足迹 249",
    "source_type": "agent_generated_design",
    "confidence": "high",
    "geometry_role": "design_proposal",
    "official_boundary": false,
    "area_sqm_declared": 6886.8
   },
   "geometry": {
    "type": "Polygon",
    "coordinates": [
     [
      [
       116.34972950391264,
       39.96314957750512
      ],
      [
       116.34972254757182,
       39.963883841965526
      ],
      [
       116.35071109027962,
       39.963889383124446
      ],
      [
       116.35071803604734,
       39.963155118520746
      ],
      [
       116.34972950391264,
       39.96314957750512
      ]
     ]
    ]
   }
  },
  {
   "type": "Feature",
   "id": "bldg_250",
   "properties": {
    "id": "bldg_250",
    "layer": "BUILDING_FOOTPRINT",
    "building_type": "education",
    "height_m": 69.3,
    "floors": 18,
    "name_zh": "建筑足迹 250",
    "source_type": "agent_generated_design",
    "confidence": "high",
    "geometry_role": "design_proposal",
    "official_boundary": false,
    "area_sqm_declared": 4322.7
   },
   "geometry": {
    "type": "Polygon",
    "coordinates": [
     [
      [
       116.34610079336657,
       39.96198685319796
      ],
      [
       116.34609359668319,
       39.96274230160639
      ],
      [
       116.34669668399971,
       39.96274570200142
      ],
      [
       116.34670387404687,
       39.96199025350253
      ],
      [
       116.34610079336657,
       39.96198685319796
      ]
     ]
    ]
   }
  },
  {
   "type": "Feature",
   "id": "bldg_251",
   "properties": {
    "id": "bldg_251",
    "layer": "BUILDING_FOOTPRINT",
    "building_type": "education",
    "height_m": 46.0,
    "floors": 5,
    "name_zh": "建筑足迹 251",
    "source_type": "agent_generated_design",
    "confidence": "high",
    "geometry_role": "design_proposal",
    "official_boundary": false,
    "area_sqm_declared": 3039.0
   },
   "geometry": {
    "type": "Polygon",
    "coordinates": [
     [
      [
       116.35354133337337,
       39.960903433075316
      ],
      [
       116.3535377968059,
       39.961278964005785
      ],
      [
       116.35439071703362,
       39.961283717298535
      ],
      [
       116.35439424893586,
       39.96090818630519
      ],
      [
       116.35354133337337,
       39.960903433075316
      ]
     ]
    ]
   }
  },
  {
   "type": "Feature",
   "id": "bldg_252",
   "properties": {
    "id": "bldg_252",
    "layer": "BUILDING_FOOTPRINT",
    "building_type": "education",
    "height_m": 66.1,
    "floors": 9,
    "name_zh": "建筑足迹 252",
    "source_type": "agent_generated_design",
    "confidence": "high",
    "geometry_role": "design_proposal",
    "official_boundary": false,
    "area_sqm_declared": 4102.7
   },
   "geometry": {
    "type": "Polygon",
    "coordinates": [
     [
      [
       116.34293029945528,
       39.96002633929226
      ],
      [
       116.342924953433,
       39.96058485423066
      ],
      [
       116.34369914601116,
       39.96058923990554
      ],
      [
       116.34370448573567,
       39.960030724880866
      ],
      [
       116.34293029945528,
       39.96002633929226
      ]
     ]
    ]
   }
  },
  {
   "type": "Feature",
   "id": "bldg_253",
   "properties": {
    "id": "bldg_253",
    "layer": "BUILDING_FOOTPRINT",
    "building_type": "education",
    "height_m": 22.8,
    "floors": 14,
    "name_zh": "建筑足迹 253",
    "source_type": "agent_generated_design",
    "confidence": "high",
    "geometry_role": "design_proposal",
    "official_boundary": false,
    "area_sqm_declared": 4271.3
   },
   "geometry": {
    "type": "Polygon",
    "coordinates": [
     [
      [
       116.35321912994216,
       39.96301579409673
      ],
      [
       116.35321365316133,
       39.963597010465065
      ],
      [
       116.35398821901,
       39.963601329580506
      ],
      [
       116.35399368923318,
       39.96302011312376
      ],
      [
       116.35321912994216,
       39.96301579409673
      ]
     ]
    ]
   }
  },
  {
   "type": "Feature",
   "id": "bldg_254",
   "properties": {
    "id": "bldg_254",
    "layer": "BUILDING_FOOTPRINT",
    "building_type": "education",
    "height_m": 39.5,
    "floors": 15,
    "name_zh": "建筑足迹 254",
    "source_type": "agent_generated_design",
    "confidence": "high",
    "geometry_role": "design_proposal",
    "official_boundary": false,
    "area_sqm_declared": 3188.3
   },
   "geometry": {
    "type": "Polygon",
    "coordinates": [
     [
      [
       116.34582657236952,
       39.96284060577793
      ],
      [
       116.34582299417136,
       39.9632160501905
      ],
      [
       116.34671802799537,
       39.96322109764824
      ],
      [
       116.34672160129875,
       39.96284565316891
      ],
      [
       116.34582657236952,
       39.96284060577793
      ]
     ]
    ]
   }
  },
  {
   "type": "Feature",
   "id": "bldg_255",
   "properties": {
    "id": "bldg_255",
    "layer": "BUILDING_FOOTPRINT",
    "building_type": "education",
    "height_m": 20.7,
    "floors": 5,
    "name_zh": "建筑足迹 255",
    "source_type": "agent_generated_design",
    "confidence": "high",
    "geometry_role": "design_proposal",
    "official_boundary": false,
    "area_sqm_declared": 4840.7
   },
   "geometry": {
    "type": "Polygon",
    "coordinates": [
     [
      [
       116.34543556693734,
       39.96137775950484
      ],
      [
       116.34543157170154,
       39.96179673273194
      ],
      [
       116.3466492813449,
       39.96180360224698
      ],
      [
       116.34665326914954,
       39.9613846289185
      ],
      [
       116.34543556693734,
       39.96137775950484
      ]
     ]
    ]
   }
  },
  {
   "type": "Feature",
   "id": "bldg_256",
   "properties": {
    "id": "bldg_256",
    "layer": "BUILDING_FOOTPRINT",
    "building_type": "education",
    "height_m": 27.6,
    "floors": 20,
    "name_zh": "建筑足迹 256",
    "source_type": "agent_generated_design",
    "confidence": "high",
    "geometry_role": "design_proposal",
    "official_boundary": false,
    "area_sqm_declared": 2766.8
   },
   "geometry": {
    "type": "Polygon",
    "coordinates": [
     [
      [
       116.35316596192867,
       39.961505978300636
      ],
      [
       116.3531607024002,
       39.962064123449615
      ],
      [
       116.3536831628645,
       39.96206703756072
      ],
      [
       116.35368841814551,
       39.96150889235446
      ],
      [
       116.35316596192867,
       39.961505978300636
      ]
     ]
    ]
   }
  },
  {
   "type": "Feature",
   "id": "bldg_257",
   "properties": {
    "id": "bldg_257",
    "layer": "BUILDING_FOOTPRINT",
    "building_type": "education",
    "height_m": 67.0,
    "floors": 17,
    "name_zh": "建筑足迹 257",
    "source_type": "agent_generated_design",
    "confidence": "high",
    "geometry_role": "design_proposal",
    "official_boundary": false,
    "area_sqm_declared": 5022.3
   },
   "geometry": {
    "type": "Polygon",
    "coordinates": [
     [
      [
       116.34059978460505,
       39.95995949682896
      ],
      [
       116.34059582572124,
       39.96037163385316
      ],
      [
       116.34188012713406,
       39.960378932182515
      ],
      [
       116.34188407830865,
       39.95996679505237
      ],
      [
       116.34059978460505,
       39.95995949682896
      ]
     ]
    ]
   }
  },
  {
   "type": "Feature",
   "id": "bldg_258",
   "properties": {
    "id": "bldg_258",
    "layer": "BUILDING_FOOTPRINT",
    "building_type": "education",
    "height_m": 20.3,
    "floors": 6,
    "name_zh": "建筑足迹 258",
    "source_type": "agent_generated_design",
    "confidence": "high",
    "geometry_role": "design_proposal",
    "official_boundary": false,
    "area_sqm_declared": 4085.5
   },
   "geometry": {
    "type": "Polygon",
    "coordinates": [
     [
      [
       116.35028342913755,
       39.96217091189648
      ],
      [
       116.35027637895944,
       39.96291574142348
      ],
      [
       116.35085449893158,
       39.96291898024855
      ],
      [
       116.35086154283756,
       39.962174150636585
      ],
      [
       116.35028342913755,
       39.96217091189648
      ]
     ]
    ]
   }
  },
  {
   "type": "Feature",
   "id": "bldg_259",
   "properties": {
    "id": "bldg_259",
    "layer": "BUILDING_FOOTPRINT",
    "building_type": "education",
    "height_m": 43.0,
    "floors": 24,
    "name_zh": "建筑足迹 259",
    "source_type": "agent_generated_design",
    "confidence": "high",
    "geometry_role": "design_proposal",
    "official_boundary": false,
    "area_sqm_declared": 4508.1
   },
   "geometry": {
    "type": "Polygon",
    "coordinates": [
     [
      [
       116.35471977527077,
       39.96176339038492
      ],
      [
       116.3547104901001,
       39.96275109294723
      ],
      [
       116.35519154587121,
       39.96275376978195
      ],
      [
       116.35520082412107,
       39.96176606712652
      ],
      [
       116.35471977527077,
       39.96176339038492
      ]
     ]
    ]
   }
  },
  {
   "type": "Feature",
   "id": "bldg_260",
   "properties": {
    "id": "bldg_260",
    "layer": "BUILDING_FOOTPRINT",
    "building_type": "mixed_use",
    "height_m": 60.3,
    "floors": 8,
    "name_zh": "建筑足迹 260",
    "source_type": "agent_generated_design",
    "confidence": "high",
    "geometry_role": "design_proposal",
    "official_boundary": false,
    "area_sqm_declared": 2763.3
   },
   "geometry": {
    "type": "Polygon",
    "coordinates": [
     [
      [
       116.35470423991987,
       39.957485151736805
      ],
      [
       116.35469922216349,
       39.95801898598713
      ],
      [
       116.35524474924593,
       39.958022021386306
      ],
      [
       116.35524976276109,
       39.957488187078894
      ],
      [
       116.35470423991987,
       39.957485151736805
      ]
     ]
    ]
   }
  },
  {
   "type": "Feature",
   "id": "bldg_261",
   "properties": {
    "id": "bldg_261",
    "layer": "BUILDING_FOOTPRINT",
    "building_type": "mixed_use",
    "height_m": 59.4,
    "floors": 10,
    "name_zh": "建筑足迹 261",
    "source_type": "agent_generated_design",
    "confidence": "high",
    "geometry_role": "design_proposal",
    "official_boundary": false,
    "area_sqm_declared": 5253.8
   },
   "geometry": {
    "type": "Polygon",
    "coordinates": [
     [
      [
       116.35347389148369,
       39.959098620204514
      ],
      [
       116.3534673273988,
       39.95979559492326
      ],
      [
       116.35426177653153,
       39.959800023002124
      ],
      [
       116.35426833255195,
       39.95910304817467
      ],
      [
       116.35347389148369,
       39.959098620204514
      ]
     ]
    ]
   }
  },
  {
   "type": "Feature",
   "id": "bldg_262",
   "properties": {
    "id": "bldg_262",
    "layer": "BUILDING_FOOTPRINT",
    "building_type": "mixed_use",
    "height_m": 39.0,
    "floors": 23,
    "name_zh": "建筑足迹 262",
    "source_type": "agent_generated_design",
    "confidence": "high",
    "geometry_role": "design_proposal",
    "official_boundary": false,
    "area_sqm_declared": 5207.3
   },
   "geometry": {
    "type": "Polygon",
    "coordinates": [
     [
      [
       116.34969444861844,
       39.95769354554056
      ],
      [
       116.34968997812607,
       39.958165489830115
      ],
      [
       116.35085280597902,
       39.958172007149386
      ],
      [
       116.350857268479,
       39.95770006275148
      ],
      [
       116.34969444861844,
       39.95769354554056
      ]
     ]
    ]
   }
  },
  {
   "type": "Feature",
   "id": "bldg_263",
   "properties": {
    "id": "bldg_263",
    "layer": "BUILDING_FOOTPRINT",
    "building_type": "mixed_use",
    "height_m": 43.0,
    "floors": 8,
    "name_zh": "建筑足迹 263",
    "source_type": "agent_generated_design",
    "confidence": "high",
    "geometry_role": "design_proposal",
    "official_boundary": false,
    "area_sqm_declared": 9916.5
   },
   "geometry": {
    "type": "Polygon",
    "coordinates": [
     [
      [
       116.34045501588223,
       39.95851813368065
      ],
      [
       116.34044574214427,
       39.95948339431082
      ],
      [
       116.34152846913265,
       39.95948954945856
      ],
      [
       116.3415377276495,
       39.95852428861912
      ],
      [
       116.34045501588223,
       39.95851813368065
      ]
     ]
    ]
   }
  },
  {
   "type": "Feature",
   "id": "bldg_264",
   "properties": {
    "id": "bldg_264",
    "layer": "BUILDING_FOOTPRINT",
    "building_type": "mixed_use",
    "height_m": 73.8,
    "floors": 21,
    "name_zh": "建筑足迹 264",
    "source_type": "agent_generated_design",
    "confidence": "high",
    "geometry_role": "design_proposal",
    "official_boundary": false,
    "area_sqm_declared": 6386.3
   },
   "geometry": {
    "type": "Polygon",
    "coordinates": [
     [
      [
       116.3459021312225,
       39.95904026498636
      ],
      [
       116.34589449358866,
       39.959841840289634
      ],
      [
       116.3467341733828,
       39.959846575168875
      ],
      [
       116.34674180121384,
       39.95904499973193
      ],
      [
       116.3459021312225,
       39.95904026498636
      ]
     ]
    ]
   }
  },
  {
   "type": "Feature",
   "id": "bldg_265",
   "properties": {
    "id": "bldg_265",
    "layer": "BUILDING_FOOTPRINT",
    "building_type": "mixed_use",
    "height_m": 78.5,
    "floors": 24,
    "name_zh": "建筑足迹 265",
    "source_type": "agent_generated_design",
    "confidence": "high",
    "geometry_role": "design_proposal",
    "official_boundary": false,
    "area_sqm_declared": 3490.0
   },
   "geometry": {
    "type": "Polygon",
    "coordinates": [
     [
      [
       116.35084833127098,
       39.95845199778497
      ],
      [
       116.35084131753045,
       39.95919372082717
      ],
      [
       116.35133720628629,
       39.959196496661036
      ],
      [
       116.35134421466996,
       39.95845477354633
      ],
      [
       116.35084833127098,
       39.95845199778497
      ]
     ]
    ]
   }
  },
  {
   "type": "Feature",
   "id": "bldg_266",
   "properties": {
    "id": "bldg_266",
    "layer": "BUILDING_FOOTPRINT",
    "building_type": "mixed_use",
    "height_m": 72.7,
    "floors": 15,
    "name_zh": "建筑足迹 266",
    "source_type": "agent_generated_design",
    "confidence": "high",
    "geometry_role": "design_proposal",
    "official_boundary": false,
    "area_sqm_declared": 5189.8
   },
   "geometry": {
    "type": "Polygon",
    "coordinates": [
     [
      [
       116.35382141310949,
       39.95857949420008
      ],
      [
       116.3538165343875,
       39.9590978075505
      ],
      [
       116.3548717987735,
       39.95910368496302
      ],
      [
       116.35487666952952,
       39.9585853715053
      ],
      [
       116.35382141310949,
       39.95857949420008
      ]
     ]
    ]
   }
  },
  {
   "type": "Feature",
   "id": "bldg_267",
   "properties": {
    "id": "bldg_267",
    "layer": "BUILDING_FOOTPRINT",
    "building_type": "mixed_use",
    "height_m": 40.9,
    "floors": 13,
    "name_zh": "建筑足迹 267",
    "source_type": "agent_generated_design",
    "confidence": "high",
    "geometry_role": "design_proposal",
    "official_boundary": false,
    "area_sqm_declared": 4777.1
   },
   "geometry": {
    "type": "Polygon",
    "coordinates": [
     [
      [
       116.34590483716342,
       39.95727365906693
      ],
      [
       116.34589825549523,
       39.95796445818123
      ],
      [
       116.34662706159031,
       39.957968568131506
      ],
      [
       116.34663363592642,
       39.957277768917194
      ],
      [
       116.34590483716342,
       39.95727365906693
      ]
     ]
    ]
   }
  },
  {
   "type": "Feature",
   "id": "bldg_268",
   "properties": {
    "id": "bldg_268",
    "layer": "BUILDING_FOOTPRINT",
    "building_type": "mixed_use",
    "height_m": 67.0,
    "floors": 12,
    "name_zh": "建筑足迹 268",
    "source_type": "agent_generated_design",
    "confidence": "high",
    "geometry_role": "design_proposal",
    "official_boundary": false,
    "area_sqm_declared": 6105.2
   },
   "geometry": {
    "type": "Polygon",
    "coordinates": [
     [
      [
       116.35005180034904,
       39.95847377497122
      ],
      [
       116.35004271006774,
       39.95943391388459
      ],
      [
       116.35071285427651,
       39.95943766926611
      ],
      [
       116.3507219351868,
       39.95847753022574
      ],
      [
       116.35005180034904,
       39.95847377497122
      ]
     ]
    ]
   }
  },
  {
   "type": "Feature",
   "id": "bldg_269",
   "properties": {
    "id": "bldg_269",
    "layer": "BUILDING_FOOTPRINT",
    "building_type": "mixed_use",
    "height_m": 29.6,
    "floors": 15,
    "name_zh": "建筑足迹 269",
    "source_type": "agent_generated_design",
    "confidence": "high",
    "geometry_role": "design_proposal",
    "official_boundary": false,
    "area_sqm_declared": 6727.0
   },
   "geometry": {
    "type": "Polygon",
    "coordinates": [
     [
      [
       116.34243989901036,
       39.956998049627465
      ],
      [
       116.34243439475185,
       39.957572728741916
      ],
      [
       116.34366803656472,
       39.957579719769676
      ],
      [
       116.34367353049865,
       39.957005040513714
      ],
      [
       116.34243989901036,
       39.956998049627465
      ]
     ]
    ]
   }
  },
  {
   "type": "Feature",
   "id": "bldg_270",
   "properties": {
    "id": "bldg_270",
    "layer": "BUILDING_FOOTPRINT",
    "building_type": "mixed_use",
    "height_m": 28.2,
    "floors": 11,
    "name_zh": "建筑足迹 270",
    "source_type": "agent_generated_design",
    "confidence": "high",
    "geometry_role": "design_proposal",
    "official_boundary": false,
    "area_sqm_declared": 8428.0
   },
   "geometry": {
    "type": "Polygon",
    "coordinates": [
     [
      [
       116.34175027165567,
       39.95786199509548
      ],
      [
       116.34174121852996,
       39.95880617009655
      ],
      [
       116.34268196490312,
       39.958811508145004
      ],
      [
       116.34269100509285,
       39.957867332966416
      ],
      [
       116.34175027165567,
       39.95786199509548
      ]
     ]
    ]
   }
  },
  {
   "type": "Feature",
   "id": "bldg_271",
   "properties": {
    "id": "bldg_271",
    "layer": "BUILDING_FOOTPRINT",
    "building_type": "mixed_use",
    "height_m": 26.9,
    "floors": 12,
    "name_zh": "建筑足迹 271",
    "source_type": "agent_generated_design",
    "confidence": "high",
    "geometry_role": "design_proposal",
    "official_boundary": false,
    "area_sqm_declared": 7641.2
   },
   "geometry": {
    "type": "Polygon",
    "coordinates": [
     [
      [
       116.34550374454082,
       39.95826676745233
      ],
      [
       116.34549715617047,
       39.958957821785326
      ],
      [
       116.34666249176044,
       39.958964395330746
      ],
      [
       116.3466690684023,
       39.95827334083775
      ],
      [
       116.34550374454082,
       39.95826676745233
      ]
     ]
    ]
   }
  },
  {
   "type": "Feature",
   "id": "bldg_272",
   "properties": {
    "id": "bldg_272",
    "layer": "BUILDING_FOOTPRINT",
    "building_type": "mixed_use",
    "height_m": 34.3,
    "floors": 10,
    "name_zh": "建筑足迹 272",
    "source_type": "agent_generated_design",
    "confidence": "high",
    "geometry_role": "design_proposal",
    "official_boundary": false,
    "area_sqm_declared": 4045.8
   },
   "geometry": {
    "type": "Polygon",
    "coordinates": [
     [
      [
       116.35312253709179,
       39.95807333444191
      ],
      [
       116.35311475719598,
       39.95889898272094
      ],
      [
       116.35363118391857,
       39.95890186334045
      ],
      [
       116.3536389576045,
       39.958076214977666
      ],
      [
       116.35312253709179,
       39.95807333444191
      ]
     ]
    ]
   }
  },
  {
   "type": "Feature",
   "id": "bldg_273",
   "properties": {
    "id": "bldg_273",
    "layer": "BUILDING_FOOTPRINT",
    "building_type": "mixed_use",
    "height_m": 53.8,
    "floors": 20,
    "name_zh": "建筑足迹 273",
    "source_type": "agent_generated_design",
    "confidence": "high",
    "geometry_role": "design_proposal",
    "official_boundary": false,
    "area_sqm_declared": 3868.6
   },
   "geometry": {
    "type": "Polygon",
    "coordinates": [
     [
      [
       116.34042158545228,
       39.957664879504875
      ],
      [
       116.34041662774771,
       39.95818089943108
      ],
      [
       116.34120673269481,
       39.958185392224536
      ],
      [
       116.34121168446164,
       39.95766937221667
      ],
      [
       116.34042158545228,
       39.957664879504875
      ]
     ]
    ]
   }
  },
  {
   "type": "Feature",
   "id": "bldg_274",
   "properties": {
    "id": "bldg_274",
    "layer": "BUILDING_FOOTPRINT",
    "building_type": "mixed_use",
    "height_m": 18.2,
    "floors": 23,
    "name_zh": "建筑足迹 274",
    "source_type": "agent_generated_design",
    "confidence": "high",
    "geometry_role": "design_proposal",
    "official_boundary": false,
    "area_sqm_declared": 7512.9
   },
   "geometry": {
    "type": "Polygon",
    "coordinates": [
     [
      [
       116.34270328456394,
       39.957847269054
      ],
      [
       116.34269545950167,
       39.95866455238257
      ],
      [
       116.34366425972442,
       39.95867004151873
      ],
      [
       116.34367207325535,
       39.95785275803213
      ],
      [
       116.34270328456394,
       39.957847269054
      ]
     ]
    ]
   }
  },
  {
   "type": "Feature",
   "id": "bldg_275",
   "properties": {
    "id": "bldg_275",
    "layer": "BUILDING_FOOTPRINT",
    "building_type": "mixed_use",
    "height_m": 19.4,
    "floors": 9,
    "name_zh": "建筑足迹 275",
    "source_type": "agent_generated_design",
    "confidence": "high",
    "geometry_role": "design_proposal",
    "official_boundary": false,
    "area_sqm_declared": 2812.3
   },
   "geometry": {
    "type": "Polygon",
    "coordinates": [
     [
      [
       116.35073913119572,
       39.95925080845444
      ],
      [
       116.35073447186922,
       39.95974345170388
      ],
      [
       116.35133611784742,
       39.959746819825796
      ],
      [
       116.35134077285707,
       39.959254176517916
      ],
      [
       116.35073913119572,
       39.95925080845444
      ]
     ]
    ]
   }
  },
  {
   "type": "Feature",
   "id": "bldg_276",
   "properties": {
    "id": "bldg_276",
    "layer": "BUILDING_FOOTPRINT",
    "building_type": "mobility_hub",
    "height_m": 59.2,
    "floors": 7,
    "name_zh": "建筑足迹 276",
    "source_type": "agent_generated_design",
    "confidence": "high",
    "geometry_role": "design_proposal",
    "official_boundary": false,
    "area_sqm_declared": 4396.7
   },
   "geometry": {
    "type": "Polygon",
    "coordinates": [
     [
      [
       116.35328218611338,
       39.95599304451905
      ],
      [
       116.35327779836891,
       39.95645885138565
      ],
      [
       116.35427253588564,
       39.956464396480804
      ],
      [
       116.35427691688237,
       39.95599858952322
      ],
      [
       116.35328218611338,
       39.95599304451905
      ]
     ]
    ]
   }
  },
  {
   "type": "Feature",
   "id": "bldg_277",
   "properties": {
    "id": "bldg_277",
    "layer": "BUILDING_FOOTPRINT",
    "building_type": "mobility_hub",
    "height_m": 79.5,
    "floors": 7,
    "name_zh": "建筑足迹 277",
    "source_type": "agent_generated_design",
    "confidence": "high",
    "geometry_role": "design_proposal",
    "official_boundary": false,
    "area_sqm_declared": 4432.2
   },
   "geometry": {
    "type": "Polygon",
    "coordinates": [
     [
      [
       116.34311555373232,
       39.94960663637183
      ],
      [
       116.34310841697747,
       39.95035271775414
      ],
      [
       116.3437344265851,
       39.95035626318479
      ],
      [
       116.34374155653992,
       39.94961018170931
      ],
      [
       116.34311555373232,
       39.94960663637183
      ]
     ]
    ]
   }
  },
  {
   "type": "Feature",
   "id": "bldg_278",
   "properties": {
    "id": "bldg_278",
    "layer": "BUILDING_FOOTPRINT",
    "building_type": "mobility_hub",
    "height_m": 42.7,
    "floors": 9,
    "name_zh": "建筑足迹 278",
    "source_type": "agent_generated_design",
    "confidence": "high",
    "geometry_role": "design_proposal",
    "official_boundary": false,
    "area_sqm_declared": 4462.8
   },
   "geometry": {
    "type": "Polygon",
    "coordinates": [
     [
      [
       116.34155852273024,
       39.95584004718851
      ],
      [
       116.34155147990592,
       39.95657440516711
      ],
      [
       116.34219193523671,
       39.95657804111175
      ],
      [
       116.34219897121184,
       39.9558436830391
      ],
      [
       116.34155852273024,
       39.95584004718851
      ]
     ]
    ]
   }
  },
  {
   "type": "Feature",
   "id": "bldg_279",
   "properties": {
    "id": "bldg_279",
    "layer": "BUILDING_FOOTPRINT",
    "building_type": "mobility_hub",
    "height_m": 43.4,
    "floors": 9,
    "name_zh": "建筑足迹 279",
    "source_type": "agent_generated_design",
    "confidence": "high",
    "geometry_role": "design_proposal",
    "official_boundary": false,
    "area_sqm_declared": 4386.8
   },
   "geometry": {
    "type": "Polygon",
    "coordinates": [
     [
      [
       116.34242691718748,
       39.9554531503153
      ],
      [
       116.34242276936583,
       39.95588622569851
      ],
      [
       116.3434902728347,
       39.95589227603291
      ],
      [
       116.34349441392399,
       39.95545920055739
      ],
      [
       116.34242691718748,
       39.9554531503153
      ]
     ]
    ]
   }
  },
  {
   "type": "Feature",
   "id": "bldg_280",
   "properties": {
    "id": "bldg_280",
    "layer": "BUILDING_FOOTPRINT",
    "building_type": "mobility_hub",
    "height_m": 56.3,
    "floors": 6,
    "name_zh": "建筑足迹 280",
    "source_type": "agent_generated_design",
    "confidence": "high",
    "geometry_role": "design_proposal",
    "official_boundary": false,
    "area_sqm_declared": 3265.5
   },
   "geometry": {
    "type": "Polygon",
    "coordinates": [
     [
      [
       116.34214615443997,
       39.95076302601283
      ],
      [
       116.34214027141503,
       39.95137711200511
      ],
      [
       116.34270064646861,
       39.951380290570455
      ],
      [
       116.34270652448319,
       39.950766204509435
      ],
      [
       116.34214615443997,
       39.95076302601283
      ]
     ]
    ]
   }
  },
  {
   "type": "Feature",
   "id": "bldg_281",
   "properties": {
    "id": "bldg_281",
    "layer": "BUILDING_FOOTPRINT",
    "building_type": "mobility_hub",
    "height_m": 75.8,
    "floors": 11,
    "name_zh": "建筑足迹 281",
    "source_type": "agent_generated_design",
    "confidence": "high",
    "geometry_role": "design_proposal",
    "official_boundary": false,
    "area_sqm_declared": 6456.4
   },
   "geometry": {
    "type": "Polygon",
    "coordinates": [
     [
      [
       116.34965455889521,
       39.95553854578789
      ],
      [
       116.34964682934113,
       39.956354550607195
      ],
      [
       116.35048066525334,
       39.95635922546232
      ],
      [
       116.35048838489885,
       39.955543220508645
      ],
      [
       116.34965455889521,
       39.95553854578789
      ]
     ]
    ]
   }
  },
  {
   "type": "Feature",
   "id": "bldg_282",
   "properties": {
    "id": "bldg_282",
    "layer": "BUILDING_FOOTPRINT",
    "building_type": "mobility_hub",
    "height_m": 67.9,
    "floors": 11,
    "name_zh": "建筑足迹 282",
    "source_type": "agent_generated_design",
    "confidence": "high",
    "geometry_role": "design_proposal",
    "official_boundary": false,
    "area_sqm_declared": 7070.3
   },
   "geometry": {
    "type": "Polygon",
    "coordinates": [
     [
      [
       116.34548006713175,
       39.95483940949313
      ],
      [
       116.34547452990927,
       39.95542026029824
      ],
      [
       116.34675730772499,
       39.9554274957685
      ],
      [
       116.34676283409715,
       39.95484664481536
      ],
      [
       116.34548006713175,
       39.95483940949313
      ]
     ]
    ]
   }
  },
  {
   "type": "Feature",
   "id": "bldg_283",
   "properties": {
    "id": "bldg_283",
    "layer": "BUILDING_FOOTPRINT",
    "building_type": "mobility_hub",
    "height_m": 51.5,
    "floors": 17,
    "name_zh": "建筑足迹 283",
    "source_type": "agent_generated_design",
    "confidence": "high",
    "geometry_role": "design_proposal",
    "official_boundary": false,
    "area_sqm_declared": 3583.2
   },
   "geometry": {
    "type": "Polygon",
    "coordinates": [
     [
      [
       116.34293385302551,
       39.95590497368127
      ],
      [
       116.34292954954473,
       39.956354640763315
      ],
      [
       116.34376931775613,
       39.95635939752005
      ],
      [
       116.34377361573783,
       39.955909730362684
      ],
      [
       116.34293385302551,
       39.95590497368127
      ]
     ]
    ]
   }
  },
  {
   "type": "Feature",
   "id": "bldg_284",
   "properties": {
    "id": "bldg_284",
    "layer": "BUILDING_FOOTPRINT",
    "building_type": "mobility_hub",
    "height_m": 71.3,
    "floors": 21,
    "name_zh": "建筑足迹 284",
    "source_type": "agent_generated_design",
    "confidence": "high",
    "geometry_role": "design_proposal",
    "official_boundary": false,
    "area_sqm_declared": 7042.2
   },
   "geometry": {
    "type": "Polygon",
    "coordinates": [
     [
      [
       116.34058124319301,
       39.95100179328598
      ],
      [
       116.34057256578647,
       39.95190540038682
      ],
      [
       116.34139383919099,
       39.9519100690204
      ],
      [
       116.3414025057923,
       39.951006461770945
      ],
      [
       116.34058124319301,
       39.95100179328598
      ]
     ]
    ]
   }
  },
  {
   "type": "Feature",
   "id": "bldg_285",
   "properties": {
    "id": "bldg_285",
    "layer": "BUILDING_FOOTPRINT",
    "building_type": "mobility_hub",
    "height_m": 61.5,
    "floors": 14,
    "name_zh": "建筑足迹 285",
    "source_type": "agent_generated_design",
    "confidence": "high",
    "geometry_role": "design_proposal",
    "official_boundary": false,
    "area_sqm_declared": 9841.8
   },
   "geometry": {
    "type": "Polygon",
    "coordinates": [
     [
      [
       116.3497621738073,
       39.95368135363611
      ],
      [
       116.34975382055718,
       39.954563404470186
      ],
      [
       116.35092967647402,
       39.954569993949676
      ],
      [
       116.35093801462135,
       39.953687942910875
      ],
      [
       116.3497621738073,
       39.95368135363611
      ]
     ]
    ]
   }
  },
  {
   "type": "Feature",
   "id": "bldg_286",
   "properties": {
    "id": "bldg_286",
    "layer": "BUILDING_FOOTPRINT",
    "building_type": "mobility_hub",
    "height_m": 77.3,
    "floors": 23,
    "name_zh": "建筑足迹 286",
    "source_type": "agent_generated_design",
    "confidence": "high",
    "geometry_role": "design_proposal",
    "official_boundary": false,
    "area_sqm_declared": 1864.2
   },
   "geometry": {
    "type": "Polygon",
    "coordinates": [
     [
      [
       116.34049801662428,
       39.95203783519294
      ],
      [
       116.34049420172448,
       39.95243503361863
      ],
      [
       116.34098878900363,
       39.95243784620355
      ],
      [
       116.340992601043,
       39.9520406477385
      ],
      [
       116.34049801662428,
       39.95203783519294
      ]
     ]
    ]
   }
  },
  {
   "type": "Feature",
   "id": "bldg_287",
   "properties": {
    "id": "bldg_287",
    "layer": "BUILDING_FOOTPRINT",
    "building_type": "mobility_hub",
    "height_m": 46.6,
    "floors": 5,
    "name_zh": "建筑足迹 287",
    "source_type": "agent_generated_design",
    "confidence": "high",
    "geometry_role": "design_proposal",
    "official_boundary": false,
    "area_sqm_declared": 4210.2
   },
   "geometry": {
    "type": "Polygon",
    "coordinates": [
     [
      [
       116.34175801357478,
       39.95505399505813
      ],
      [
       116.3417516615607,
       39.95571654245197
      ],
      [
       116.34242133647423,
       39.95572034301903
      ],
      [
       116.34242768202715,
       39.95505779553651
      ],
      [
       116.34175801357478,
       39.95505399505813
      ]
     ]
    ]
   }
  },
  {
   "type": "Feature",
   "id": "bldg_288",
   "properties": {
    "id": "bldg_288",
    "layer": "BUILDING_FOOTPRINT",
    "building_type": "mobility_hub",
    "height_m": 52.3,
    "floors": 8,
    "name_zh": "建筑足迹 288",
    "source_type": "agent_generated_design",
    "confidence": "high",
    "geometry_role": "design_proposal",
    "official_boundary": false,
    "area_sqm_declared": 3245.7
   },
   "geometry": {
    "type": "Polygon",
    "coordinates": [
     [
      [
       116.34059431572155,
       39.95579050342062
      ],
      [
       116.34059062146477,
       39.956175145730846
      ],
      [
       116.3414799038403,
       39.95618020070233
      ],
      [
       116.34148359311587,
       39.95579555832361
      ],
      [
       116.34059431572155,
       39.95579050342062
      ]
     ]
    ]
   }
  },
  {
   "type": "Feature",
   "id": "bldg_289",
   "properties": {
    "id": "bldg_289",
    "layer": "BUILDING_FOOTPRINT",
    "building_type": "mobility_hub",
    "height_m": 50.0,
    "floors": 22,
    "name_zh": "建筑足迹 289",
    "source_type": "agent_generated_design",
    "confidence": "high",
    "geometry_role": "design_proposal",
    "official_boundary": false,
    "area_sqm_declared": 4239.4
   },
   "geometry": {
    "type": "Polygon",
    "coordinates": [
     [
      [
       116.35369134581039,
       39.95290334292862
      ],
      [
       116.35368631637543,
       39.95343766807773
      ],
      [
       116.3545224395563,
       39.95344232652783
      ],
      [
       116.35452746248588,
       39.95290800129105
      ],
      [
       116.35369134581039,
       39.95290334292862
      ]
     ]
    ]
   }
  },
  {
   "type": "Feature",
   "id": "bldg_290",
   "properties": {
    "id": "bldg_290",
    "layer": "BUILDING_FOOTPRINT",
    "building_type": "mobility_hub",
    "height_m": 27.2,
    "floors": 5,
    "name_zh": "建筑足迹 290",
    "source_type": "agent_generated_design",
    "confidence": "high",
    "geometry_role": "design_proposal",
    "official_boundary": false,
    "area_sqm_declared": 1915.8
   },
   "geometry": {
    "type": "Polygon",
    "coordinates": [
     [
      [
       116.35087256391253,
       39.952108293062416
      ],
      [
       116.35086857789993,
       39.95252993950172
      ],
      [
       116.3513473957402,
       39.952532619591615
      ],
      [
       116.3513513788131,
       39.9521109731125
      ],
      [
       116.35087256391253,
       39.952108293062416
      ]
     ]
    ]
   }
  },
  {
   "type": "Feature",
   "id": "bldg_291",
   "properties": {
    "id": "bldg_291",
    "layer": "BUILDING_FOOTPRINT",
    "building_type": "mobility_hub",
    "height_m": 46.6,
    "floors": 12,
    "name_zh": "建筑足迹 291",
    "source_type": "agent_generated_design",
    "confidence": "high",
    "geometry_role": "design_proposal",
    "official_boundary": false,
    "area_sqm_declared": 3470.2
   },
   "geometry": {
    "type": "Polygon",
    "coordinates": [
     [
      [
       116.34621629913367,
       39.95025716361902
      ],
      [
       116.34620981840617,
       39.950937862311875
      ],
      [
       116.34674703084055,
       39.95094089067986
      ],
      [
       116.34675350624383,
       39.95026019191439
      ],
      [
       116.34621629913367,
       39.95025716361902
      ]
     ]
    ]
   }
  },
  {
   "type": "Feature",
   "id": "bldg_292",
   "properties": {
    "id": "bldg_292",
    "layer": "BUILDING_FOOTPRINT",
    "building_type": "mobility_hub",
    "height_m": 45.1,
    "floors": 9,
    "name_zh": "建筑足迹 292",
    "source_type": "agent_generated_design",
    "confidence": "high",
    "geometry_role": "design_proposal",
    "official_boundary": false,
    "area_sqm_declared": 10221.3
   },
   "geometry": {
    "type": "Polygon",
    "coordinates": [
     [
      [
       116.35309754378144,
       39.95488538391773
      ],
      [
       116.35308857386596,
       39.95583739223225
      ],
      [
       116.35422006327178,
       39.955843700797054
      ],
      [
       116.35422901750096,
       39.954891692270984
      ],
      [
       116.35309754378144,
       39.95488538391773
      ]
     ]
    ]
   }
  },
  {
   "type": "Feature",
   "id": "bldg_293",
   "properties": {
    "id": "bldg_293",
    "layer": "BUILDING_FOOTPRINT",
    "building_type": "mobility_hub",
    "height_m": 53.6,
    "floors": 15,
    "name_zh": "建筑足迹 293",
    "source_type": "agent_generated_design",
    "confidence": "high",
    "geometry_role": "design_proposal",
    "official_boundary": false,
    "area_sqm_declared": 4739.8
   },
   "geometry": {
    "type": "Polygon",
    "coordinates": [
     [
      [
       116.3501303245655,
       39.95477656431399
      ],
      [
       116.35012650954357,
       39.955179624074006
      ],
      [
       116.35136579533855,
       39.95518656471621
      ],
      [
       116.35136960308658,
       39.95478350485764
      ],
      [
       116.3501303245655,
       39.95477656431399
      ]
     ]
    ]
   }
  },
  {
   "type": "Feature",
   "id": "bldg_294",
   "properties": {
    "id": "bldg_294",
    "layer": "BUILDING_FOOTPRINT",
    "building_type": "mobility_hub",
    "height_m": 30.3,
    "floors": 23,
    "name_zh": "建筑足迹 294",
    "source_type": "agent_generated_design",
    "confidence": "high",
    "geometry_role": "design_proposal",
    "official_boundary": false,
    "area_sqm_declared": 5576.2
   },
   "geometry": {
    "type": "Polygon",
    "coordinates": [
     [
      [
       116.35438998430742,
       39.95377647296657
      ],
      [
       116.35438300439803,
       39.954518791328816
      ],
      [
       116.35517464083846,
       39.95452319734469
      ],
      [
       116.35518161219072,
       39.95378087886724
      ],
      [
       116.35438998430742,
       39.95377647296657
      ]
     ]
    ]
   }
  },
  {
   "type": "Feature",
   "id": "bldg_295",
   "properties": {
    "id": "bldg_295",
    "layer": "BUILDING_FOOTPRINT",
    "building_type": "mobility_hub",
    "height_m": 24.6,
    "floors": 18,
    "name_zh": "建筑足迹 295",
    "source_type": "agent_generated_design",
    "confidence": "high",
    "geometry_role": "design_proposal",
    "official_boundary": false,
    "area_sqm_declared": 2737.5
   },
   "geometry": {
    "type": "Polygon",
    "coordinates": [
     [
      [
       116.34098568169898,
       39.95266095864369
      ],
      [
       116.34098092752308,
       39.95315630642317
      ],
      [
       116.34156331600306,
       39.95315961565854
      ],
      [
       116.34156806597835,
       39.95266426782134
      ],
      [
       116.34098568169898,
       39.95266095864369
      ]
     ]
    ]
   }
  },
  {
   "type": "Feature",
   "id": "bldg_296",
   "properties": {
    "id": "bldg_296",
    "layer": "BUILDING_FOOTPRINT",
    "building_type": "mobility_hub",
    "height_m": 23.9,
    "floors": 22,
    "name_zh": "建筑足迹 296",
    "source_type": "agent_generated_design",
    "confidence": "high",
    "geometry_role": "design_proposal",
    "official_boundary": false,
    "area_sqm_declared": 2239.8
   },
   "geometry": {
    "type": "Polygon",
    "coordinates": [
     [
      [
       116.34997423458017,
       39.949798908590644
      ],
      [
       116.34996987979136,
       39.95025896540814
      ],
      [
       116.35048291407422,
       39.95026184087982
      ],
      [
       116.35048726542664,
       39.949801784015726
      ],
      [
       116.34997423458017,
       39.949798908590644
      ]
     ]
    ]
   }
  },
  {
   "type": "Feature",
   "id": "bldg_297",
   "properties": {
    "id": "bldg_297",
    "layer": "BUILDING_FOOTPRINT",
    "building_type": "mobility_hub",
    "height_m": 75.9,
    "floors": 21,
    "name_zh": "建筑足迹 297",
    "source_type": "agent_generated_design",
    "confidence": "high",
    "geometry_role": "design_proposal",
    "official_boundary": false,
    "area_sqm_declared": 3754.7
   },
   "geometry": {
    "type": "Polygon",
    "coordinates": [
     [
      [
       116.3415671870543,
       39.9537673659034
      ],
      [
       116.34156013156718,
       39.954503108136095
      ],
      [
       116.34209793909179,
       39.954506161495786
      ],
      [
       116.34210498881708,
       39.95377041918396
      ],
      [
       116.3415671870543,
       39.9537673659034
      ]
     ]
    ]
   }
  }
 ]
}