{
 "type": "FeatureCollection",
 "features": [
  {
   "type": "Feature",
   "properties": {
    "id": "PS-LM-01",
    "layer": "PUBLIC_SPACE",
    "public_space_type": "ai_pilgrimage_landmark",
    "name_zh": "零号先行点",
    "key_area_id": "beijing_ai_origin_community",
    "design_note_zh": "运行结果可见：真在用的取送点，同时把全线当日各场景真实成绩含失败次数公开显示",
    "claim_status_zh": "概念建议，可供专业团队深化，不构成审定结论",
    "source_type": "agent_generated_design",
    "confidence": "low",
    "geometry_role": "design_proposal",
    "official_boundary": false,
    "area_sqm_declared": 9488.1
   },
   "geometry": {
    "type": "Polygon",
    "coordinates": [
     [
      [
       116.34814128542436,
       39.98845505699967
      ],
      [
       116.3481324703104,
       39.98840692355283
      ],
      [
       116.34811756418571,
       39.98835968649818
      ],
      [
       116.3480967106161,
       39.98831380075221
      ],
      [
       116.34807011044323,
       39.98826970821672
      ],
      [
       116.34803801984988,
       39.98822783352314
      ],
      [
       116.34800074789247,
       39.98818857994339
      ],
      [
       116.34795865352446,
       39.988152325506164
      ],
      [
       116.34791214213925,
       39.988119419356565
      ],
      [
       116.34786166166593,
       39.98809017839384
      ],
      [
       116.34780769825558,
       39.98806488421958
      ],
      [
       116.34775077159941,
       39.98804378042606
      ],
      [
       116.3476914299242,
       39.98802707025036
      ],
      [
       116.34763024471275,
       39.98801491461732
      ],
      [
       116.34756780520071,
       39.98800743058982
      ],
      [
       116.34750471270222,
       39.9880046902415
      ],
      [
       116.34744157481951,
       39.98800671996277
      ],
      [
       116.34737899959183,
       39.9880135002066
      ],
      [
       116.34731758964014,
       39.988024965676814
      ],
      [
       116.34725793636413,
       39.98804100595687
      ],
      [
       116.3472006142471,
       39.98806146657312
      ],
      [
       116.3471461753238,
       39.988086150482395
      ],
      [
       116.34709514386432,
       39.98811481996945
      ],
      [
       116.34704801132541,
       39.98814719893619
      ],
      [
       116.34700523161756,
       39.98818297556043
      ],
      [
       116.34696721673372,
       39.98822180529866
      ],
      [
       116.34693433278146,
       39.98826331420412
      ],
      [
       116.34690689645714,
       39.988307102527834
      ],
      [
       116.34688517199564,
       39.9883527485683
      ],
      [
       116.34686936862529,
       39.988399812732496
      ],
      [
       116.34685963855267,
       39.988447841769286
      ],
      [
       116.34685607549612,
       39.98849637313439
      ],
      [
       116.34685871378286,
       39.98854493944494
      ],
      [
       116.34686752801787,
       39.98859307298048
      ],
      [
       116.34688243332788,
       39.988640310187485
      ],
      [
       116.34690328617833,
       39.988686196143625
      ],
      [
       116.34692988575523,
       39.98873028893903
      ],
      [
       116.34696197589871,
       39.98877216393226
      ],
      [
       116.34699924756963,
       39.988811417839905
      ],
      [
       116.34704134182553,
       39.98884767262064
      ],
      [
       116.34708785327733,
       39.988880579116184
      ],
      [
       116.34713833399337,
       39.98890982041401
      ],
      [
       116.34719229781328,
       39.98893511489961
      ],
      [
       116.34724922503004,
       39.98895621896876
      ],
      [
       116.34730856739542,
       39.9889729293738
      ],
      [
       116.34736975339999,
       39.988985085181056
      ],
      [
       116.34743219377772,
       39.988992569320985
      ],
      [
       116.34749528718115,
       39.988995309715584
      ],
      [
       116.34755842597325,
       39.98899327997271
      ],
      [
       116.3476210020799,
       39.98898649964017
      ],
      [
       116.34768241284628,
       39.98897503401759
      ],
      [
       116.34774206684146,
       39.988958993527376
      ],
      [
       116.34779938955445,
       39.98893853265122
      ],
      [
       116.34785382892764,
       39.98891384844229
      ],
      [
       116.3479048606736,
       39.98888517862734
      ],
      [
       116.34795199332461,
       39.98885279931708
      ],
      [
       116.34799477296585,
       39.988817022346915
      ],
      [
       116.34803278760698,
       39.98877819227359
      ],
      [
       116.3480656711497,
       39.98873668305678
      ],
      [
       116.34809310691341,
       39.988692894457415
      ],
      [
       116.34811483068476,
       39.988647248187604
      ],
      [
       116.34813063326195,
       39.98860018384921
      ],
      [
       116.34814036246892,
       39.9885521547
      ],
      [
       116.34814392462053,
       39.988503623288594
      ],
      [
       116.34814128542436,
       39.98845505699967
      ]
     ]
    ]
   },
   "id": "PS-LM-01"
  },
  {
   "type": "Feature",
   "properties": {
    "id": "PS-LM-02",
    "layer": "PUBLIC_SPACE",
    "public_space_type": "ai_pilgrimage_landmark",
    "name_zh": "路权钟",
    "key_area_id": "dazhongsi_ai_industry_cluster",
    "design_note_zh": "规则可见：以人/机/货三色显示当前时段路权归属，是治理界面也是地标，呼应大钟寺古钟文化",
    "claim_status_zh": "概念建议，可供专业团队深化，不构成审定结论",
    "source_type": "agent_generated_design",
    "confidence": "low",
    "geometry_role": "design_proposal",
    "official_boundary": false,
    "area_sqm_declared": 9488.1
   },
   "geometry": {
    "type": "Polygon",
    "coordinates": [
     [
      [
       116.3481408973697,
       39.946955053563194
      ],
      [
       116.34813208719018,
       39.94690691981574
      ],
      [
       116.34811718968953,
       39.94685968249645
      ],
      [
       116.34809634835047,
       39.946813796524346
      ],
      [
       116.34806976389689,
       39.94676970380342
      ],
      [
       116.34803769236012,
       39.946727828966914
      ],
      [
       116.34800044261311,
       39.94668857528811
      ],
      [
       116.34795837339537,
       39.946652320796666
      ],
      [
       116.34791188985805,
       39.94661941463823
      ],
      [
       116.34786143966213,
       39.946590173712096
      ],
      [
       116.34780750866702,
       39.94656487961955
      ],
      [
       116.34775061625186,
       39.94654377595209
      ],
      [
       116.3476913103136,
       39.94652706594557
      ],
      [
       116.347630161991,
       39.94651491052321
      ],
      [
       116.34756776016437,
       39.94650742674586
      ],
      [
       116.34750470578497,
       39.946504686684776
      ],
      [
       116.347441606088,
       39.946506716727576
      ],
      [
       116.3473790687449,
       39.94651349732413
      ],
      [
       116.34731769601188,
       39.946524963174895
      ],
      [
       116.34725807893024,
       39.946541003859636
      ],
      [
       116.34720079163462,
       39.946561464900796
      ],
      [
       116.34714638582454,
       39.94658614925114
      ],
      [
       116.3470953854512,
       39.94661481919113
      ],
      [
       116.3470482816719,
       39.94664719861833
      ],
      [
       116.34700552812025,
       39.946682975706096
      ],
      [
       116.34696753653724,
       39.94672180590646
      ],
      [
       116.34693467280607,
       39.94676331526821
      ],
      [
       116.34690725342833,
       39.94680710403795
      ],
      [
       116.34688554247565,
       39.94685275050989
      ],
      [
       116.34686974904632,
       39.946899815086844
      ],
      [
       116.3468600252511,
       39.946947844513666
      ],
      [
       116.34685646474787,
       39.94699637624239
      ],
      [
       116.34685910183921,
       39.94704494288657
      ],
      [
       116.34686791114162,
       39.94709307672259
      ],
      [
       116.34688280782923,
       39.94714031419401
      ],
      [
       116.3469036484506,
       39.94718620037597
      ],
      [
       116.34693023230946,
       39.94723029335642
      ],
      [
       116.34696230339728,
       39.947272168492134
      ],
      [
       116.34699955285838,
       39.94731142249832
      ],
      [
       116.34704162196425,
       39.947347677332786
      ],
      [
       116.347088105568,
       39.94738058383666
      ],
      [
       116.34713855600617,
       39.94740982509739
      ],
      [
       116.34719248740993,
       39.94743511950081
      ],
      [
       116.34724938038454,
       39.94745622344352
      ],
      [
       116.34730868701149,
       39.94747293367902
      ],
      [
       116.34736983612564,
       39.94748508927537
      ],
      [
       116.34743223881614,
       39.94749257316498
      ],
      [
       116.34749529409856,
       39.9474953132723
      ],
      [
       116.3475583947031,
       39.94749328320793
      ],
      [
       116.34762093292332,
       39.947486502522814
      ],
      [
       116.34768230646935,
       39.947475036519926
      ],
      [
       116.34774192426869,
       39.94745899562535
      ],
      [
       116.34779921215902,
       39.94743853432464
      ],
      [
       116.34785361841804,
       39.94741384967512
      ],
      [
       116.34790461907733,
       39.94738517940771
      ],
      [
       116.34795172296847,
       39.94735279963751
      ],
      [
       116.3479944764537,
       39.94731702220431
      ],
      [
       116.3480324677945,
       39.94727819166934
      ],
      [
       116.34806533111698,
       39.947236681996706
      ],
      [
       116.34809274993528,
       39.947192892951726
      ],
      [
       116.34811446019923,
       39.94714724625078
      ],
      [
       116.34813025283705,
       39.947100181499856
      ],
      [
       116.3481399757684,
       39.94705215196076
      ],
      [
       116.34814353536859,
       39.94700362018582
      ],
      [
       116.3481408973697,
       39.946955053563194
      ]
     ]
    ]
   },
   "id": "PS-LM-02"
  },
  {
   "type": "Feature",
   "properties": {
    "id": "PS-LM-03",
    "layer": "PUBLIC_SPACE",
    "public_space_type": "ai_pilgrimage_landmark",
    "name_zh": "后场环",
    "key_area_id": "zhongzhiyuan_ai_acceleration_area",
    "design_note_zh": "设施与劳动可见：补能换电与维保后场透明化开放观看，承认一线运维劳动",
    "claim_status_zh": "概念建议，可供专业团队深化，不构成审定结论",
    "source_type": "agent_generated_design",
    "confidence": "low",
    "geometry_role": "design_proposal",
    "official_boundary": false,
    "area_sqm_declared": 9488.1
   },
   "geometry": {
    "type": "Polygon",
    "coordinates": [
     [
      [
       116.34814155238749,
       40.01695505935859
      ],
      [
       116.34813273387853,
       40.01690692611825
      ],
      [
       116.34811782182057,
       40.01685968924543
      ],
      [
       116.34809695983658,
       40.01681380365484
      ],
      [
       116.34807034884926,
       40.016769711246766
      ],
      [
       116.34803824514557,
       40.01672783665146
      ],
      [
       116.34800095790818,
       40.016688583139846
      ],
      [
       116.34795884623772,
       40.01665232873997
      ],
      [
       116.34791231569423,
       40.01661942259658
      ],
      [
       116.34786181439128,
       40.016590181608805
      ],
      [
       116.34780782868054,
       40.016564887378564
      ],
      [
       116.34775087846803,
       40.016543783498584
      ],
      [
       116.34769151220733,
       40.01652707320683
      ],
      [
       116.34763030161804,
       40.01651491742923
      ],
      [
       116.34756783618015,
       40.01650743323004
      ],
      [
       116.34750471745748,
       40.0165046926846
      ],
      [
       116.3474415533048,
       40.016506722185156
      ],
      [
       116.34737895201431,
       40.016513502186854
      ],
      [
       116.347317516458,
       40.016524967395824
      ],
      [
       116.34725783828209,
       40.01654100739805
      ],
      [
       116.34720049220971,
       40.016561467722575
      ],
      [
       116.34714603050622,
       40.016586151329015
      ],
      [
       116.34709497766116,
       40.01661482050508
      ],
      [
       116.34704782533721,
       40.01664719915564
      ],
      [
       116.34700502763539,
       40.016682975461585
      ],
      [
       116.34696699672192,
       40.01672180488247
      ],
      [
       116.3469340988588,
       40.016763313474605
      ],
      [
       116.34690665087633,
       40.01680710149202
      ],
      [
       116.34688491712168,
       40.01685274723617
      ],
      [
       116.34686910691275,
       40.016899811116886
      ],
      [
       116.34685937252189,
       40.01694783988575
      ],
      [
       116.34685580770913,
       40.01699637100113
      ],
      [
       116.3468584468186,
       40.01704493708248
      ],
      [
       116.34686726444734,
       40.017093070411605
      ],
      [
       116.34688217568944,
       40.01714030743694
      ],
      [
       116.34690303695326,
       40.01718619323793
      ],
      [
       116.34692964734377,
       40.017230285906166
      ],
      [
       116.34696175059698,
       40.01727216080144
      ],
      [
       116.34699903754745,
       40.017311414641284
      ],
      [
       116.34704114910565,
       40.01734766938503
      ],
      [
       116.34708767971583,
       40.01738057587472
      ],
      [
       116.34713818126187,
       40.0174098171979
      ],
      [
       116.3471921673827,
       40.0174351117398
      ],
      [
       116.34724911815664,
       40.01745621589569
      ],
      [
       116.34730848510846,
       40.017472926417014
      ],
      [
       116.34736969649205,
       40.01748508236901
      ],
      [
       116.34743216279686,
       40.017492566680716
      ],
      [
       116.34749528242573,
       40.0174953072725
      ],
      [
       116.34755844748913,
       40.01749327775028
      ],
      [
       116.34762104965981,
       40.0174864976598
      ],
      [
       116.347682486032,
       40.017475032298314
      ],
      [
       116.34774216492806,
       40.017458992085686
      ],
      [
       116.3477995115973,
       40.017438531500986
      ],
      [
       116.34785397375127,
       40.01741384759458
      ],
      [
       116.34790502688323,
       40.0173851780903
      ],
      [
       116.34795217931945,
       40.01735279909586
      ],
      [
       116.34799497695457,
       40.01731702244362
      ],
      [
       116.34803300762496,
       40.01727819268732
      ],
      [
       116.34806590507795,
       40.01723668378353
      ],
      [
       116.34809335249899,
       40.017192895490204
      ],
      [
       116.34811508556251,
       40.0171472495165
      ],
      [
       116.34813089497717,
       40.017100185461395
      ],
      [
       116.3481406285011,
       40.017052156579986
      ],
      [
       116.34814419240766,
       40.01700362541829
      ],
      [
       116.34814155238749,
       40.01695505935859
      ]
     ]
    ]
   },
   "id": "PS-LM-03"
  },
  {
   "type": "Feature",
   "properties": {
    "id": "PS-STA-N-PLAZA",
    "layer": "PUBLIC_SPACE",
    "public_space_type": "station_plaza",
    "name_zh": "先行北站站前广场",
    "key_area_id": "zhongzhiyuan_ai_acceleration_area",
    "functions_zh": "人机交接、低速接驳上下客、集散与等候、无障碍连续通行界面、路权显示模块",
    "source_type": "agent_generated_design",
    "confidence": "low",
    "geometry_role": "design_proposal",
    "official_boundary": false,
    "area_sqm_declared": 30929.5
   },
   "geometry": {
    "type": "Polygon",
    "coordinates": [
     [
      [
       116.3488229871093,
       40.01680538701684
      ],
      [
       116.34879180642126,
       40.016706619184
      ],
      [
       116.34874818508796,
       40.016610676825465
      ],
      [
       116.34869254325203,
       40.01651848390533
      ],
      [
       116.34862541681235,
       40.01643092827543
      ],
      [
       116.34854745226156,
       40.01634885312548
      ],
      [
       116.34845940045899,
       40.01627304886336
      ],
      [
       116.34836210939866,
       40.01620424550393
      ],
      [
       116.3482565160425,
       40.01614310563933
      ],
      [
       116.3481436372969,
       40.016090218058764
      ],
      [
       116.34802456022011,
       40.016046092078945
      ],
      [
       116.34790043155412,
       40.01601115263981
      ],
      [
       116.34777244668236,
       40.01598573621279
      ],
      [
       116.34764183811906,
       40.015970087561016
      ],
      [
       116.34750986364155,
       40.015964357382444
      ],
      [
       116.34737779417911,
       40.015968600858955
      ],
      [
       116.34724690157557,
       40.01598277712486
      ],
      [
       116.34711844634283,
       40.01600674966061
      ],
      [
       116.34699366552361,
       40.01604028760714
      ],
      [
       116.34687376078014,
       40.01608306798896
      ],
      [
       116.34675988682307,
       40.01613467882398
      ],
      [
       116.34665314029245,
       40.016194623090506
      ],
      [
       116.34655454919768,
       40.01626232351319
      ],
      [
       116.34646506301783,
       40.01633712812154
      ],
      [
       116.34638554355793,
       40.01641831652813
      ],
      [
       116.34631675664914,
       40.01650510686533
      ],
      [
       116.34625936477283,
       40.01659666331434
      ],
      [
       116.34621392067946,
       40.016692104153904
      ],
      [
       116.346180862064,
       40.016790510251006
      ],
      [
       116.346160507349,
       40.01689093391212
      ],
      [
       116.34615305261606,
       40.016992408009585
      ],
      [
       116.34615856971537,
       40.01709395529528
      ],
      [
       116.34617700557158,
       40.017194597811965
      ],
      [
       116.34620818269275,
       40.017293366311605
      ],
      [
       116.34625180087751,
       40.017389309589944
      ],
      [
       116.34630744010424,
       40.01748150364755
      ],
      [
       116.34637456457433,
       40.017569060588855
      ],
      [
       116.34645252787084,
       40.017651137173765
      ],
      [
       116.34654057918262,
       40.01772694293923
      ],
      [
       116.34663787053454,
       40.01779574781266
      ],
      [
       116.34674346495342,
       40.01785688914368
      ],
      [
       116.34685634549206,
       40.01790977808676
      ],
      [
       116.34697542502329,
       40.01795390527283
      ],
      [
       116.34709955671083,
       40.0179888457156
      ],
      [
       116.3472275450551,
       40.01801426290506
      ],
      [
       116.34735815740845,
       40.01802991204878
      ],
      [
       116.34749013584789,
       40.01803564242989
      ],
      [
       116.34762220929184,
       40.01803139885876
      ],
      [
       116.34775310574355,
       40.018017222204655
      ],
      [
       116.34788156454317,
       40.0179932490021
      ],
      [
       116.3480063485109,
       40.01795971013576
      ],
      [
       116.34812625586358,
       40.01791692861648
      ],
      [
       116.34824013179025,
       40.01786531647005
      ],
      [
       116.34834687957516,
       40.017805370768556
      ],
      [
       116.34844547116073,
       40.017737668842535
      ],
      [
       116.348534957049,
       40.017662862720194
      ],
      [
       116.34861447544617,
       40.01758167284718
      ],
      [
       116.3486832605619,
       40.01749488114746
      ],
      [
       116.34874064998375,
       40.017403323492196
      ],
      [
       116.34878609105556,
       40.017307881648996
      ],
      [
       116.34881914619852,
       40.017209474789446
      ],
      [
       116.34883949712348,
       40.0171090506364
      ],
      [
       116.34884694789451,
       40.0170075763364
      ],
      [
       116.34884142681366,
       40.01690602914534
      ],
      [
       116.3488229871093,
       40.01680538701684
      ]
     ],
     [
      [
       116.34816530748485,
       40.01710565002452
      ],
      [
       116.3481486357613,
       40.017155281214905
      ],
      [
       116.34812571727784,
       40.017203416975605
      ],
      [
       116.34809677274086,
       40.01724959372923
      ],
      [
       116.34806208089314,
       40.017293366764
      ],
      [
       116.34802197582957,
       40.01733431451667
      ],
      [
       116.34797684377989,
       40.017372042632616
      ],
      [
       116.34792711938938,
       40.017406187763925
      ],
      [
       116.34787328153288,
       40.01743642106878
      ],
      [
       116.34781584870301,
       40.01746245137872
      ],
      [
       116.34775537401649,
       40.01748402800279
      ],
      [
       116.34769243988717,
       40.01750094314214
      ],
      [
       116.34762765241666,
       40.017513033891376
      ],
      [
       116.34756163555681,
       40.017520183807534
      ],
      [
       116.34749502510016,
       40.01752232403158
      ],
      [
       116.34742846255637,
       40.01751943395165
      ],
      [
       116.34736258897362,
       40.01751154140151
      ],
      [
       116.34729803876446,
       40.017498722392574
      ],
      [
       116.34723543359537,
       40.01748110038167
      ],
      [
       116.34717537639945,
       40.017458845082075
      ],
      [
       116.3471184455693,
       40.01743217082892
      ],
      [
       116.3470651893865,
       40.01740133451484
      ],
      [
       116.3470161207411,
       40.01736663311573
      ],
      [
       116.34697171219207,
       40.017328400830614
      ],
      [
       116.34693239141615,
       40.01728700586281
      ],
      [
       116.34689853708939,
       40.01724284687372
      ],
      [
       116.34687047524021,
       40.01719634914336
      ],
      [
       116.34684847611,
       40.01714796047445
      ],
      [
       116.34683275155088,
       40.01709814687971
      ],
      [
       116.34682345298587,
       40.0170473880937
      ],
      [
       116.34682066995119,
       40.016996172952744
      ],
      [
       116.34682442923433,
       40.01694499468698
      ],
      [
       116.3468346946169,
       40.0168943461703
      ],
      [
       116.34685136722369,
       40.016844715173846
      ],
      [
       116.34687428647577,
       40.01679657966843
      ],
      [
       116.34690323163706,
       40.01675040322162
      ],
      [
       116.34693792394087,
       40.01670663053344
      ],
      [
       116.34697802927477,
       40.01666568315379
      ],
      [
       116.34702316139862,
       40.01662795542295
      ],
      [
       116.34707288566429,
       40.01659381067404
      ],
      [
       116.34712672320173,
       40.01656357773419
      ],
      [
       116.34718415553063,
       40.01653754775784
      ],
      [
       116.34724462955346,
       40.016515971423104
      ],
      [
       116.34730756288187,
       40.016499056517716
      ],
      [
       116.34737234944505,
       40.01648696593809
      ],
      [
       116.34743836532608,
       40.01647981612068
      ],
      [
       116.34750497476998,
       40.0164776759207
      ],
      [
       116.34757153630599,
       40.01648056594911
      ],
      [
       116.34763740892467,
       40.01648845837411
      ],
      [
       116.34770195825055,
       40.016501277189114
      ],
      [
       116.34776456265104,
       40.016518898944724
      ],
      [
       116.34782461922264,
       40.01654115393749
      ],
      [
       116.3478815495967,
       40.016567827844064
      ],
      [
       116.34793480550917,
       40.016598663785125
      ],
      [
       116.3479838740804,
       40.016633364799134
      ],
      [
       116.34802828275429,
       40.01667159670184
      ],
      [
       116.34806760384923,
       40.016712991304644
      ],
      [
       116.348101458677,
       40.01675714996016
      ],
      [
       116.34812952118989,
       40.0168036474012
      ],
      [
       116.348151521121,
       40.01685203583614
      ],
      [
       116.34816724658741,
       40.01690184926126
      ],
      [
       116.34817654613124,
       40.01695260794852
      ],
      [
       116.34817933017871,
       40.0170038230654
      ],
      [
       116.34817557190333,
       40.017055001382694
      ],
      [
       116.34816530748485,
       40.01710565002452
      ]
     ]
    ]
   },
   "id": "PS-STA-N-PLAZA"
  },
  {
   "type": "Feature",
   "properties": {
    "id": "PS-STA-O-PLAZA",
    "layer": "PUBLIC_SPACE",
    "public_space_type": "station_plaza",
    "name_zh": "先行原点站站前广场",
    "key_area_id": "beijing_ai_origin_community",
    "functions_zh": "人机交接、低速接驳上下客、集散与等候、无障碍连续通行界面、路权显示模块",
    "source_type": "agent_generated_design",
    "confidence": "low",
    "geometry_role": "design_proposal",
    "official_boundary": false,
    "area_sqm_declared": 30929.5
   },
   "geometry": {
    "type": "Polygon",
    "coordinates": [
     [
      [
       116.34882243601508,
       39.98830538165672
      ],
      [
       116.34879126773427,
       39.98820661344353
      ],
      [
       116.34874766399585,
       39.988110670759866
      ],
      [
       116.3486920447729,
       39.988018477572965
      ],
      [
       116.34862494574648,
       39.98793092173726
      ],
      [
       116.34854701314521,
       39.98784884644447
      ],
      [
       116.34845899752065,
       39.987773042103875
      ],
      [
       116.34836174651845,
       39.98770423873107
      ],
      [
       116.34825619671473,
       39.9876430989184
      ],
      [
       116.3481433645965,
       39.98759021145459
      ],
      [
       116.348024336773,
       39.98754608565521
      ],
      [
       116.34790025951189,
       39.98751114645848
      ],
      [
       116.34777232770162,
       39.98748573033354
      ],
      [
       116.34764177334552,
       39.98747008204059
      ],
      [
       116.34750985369891,
       39.987464352274195
      ],
      [
       116.34737783916312,
       39.98746859621218
      ],
      [
       116.34724700105306,
       39.9874827729845
      ],
      [
       116.34711859935592,
       39.98750674606665
      ],
      [
       116.346993870599,
       39.98754028459436
      ],
      [
       116.34687401594307,
       39.98758306558646
      ],
      [
       116.34676018961653,
       39.987634677055006
      ],
      [
       116.34665348780076,
       39.98769462197219
      ],
      [
       116.34655493807456,
       39.987762323056344
      ],
      [
       116.3464654895186,
       39.98783712833063
      ],
      [
       116.34638600357556,
       39.98791831740114
      ],
      [
       116.34631724575381,
       39.98800510839384
      ],
      [
       116.34625987825453,
       39.98809666548364
      ],
      [
       116.34621445359339,
       39.98819210694303
      ],
      [
       116.34618140927813,
       39.98829051363307
      ],
      [
       116.34616106359354,
       39.98839093785446
      ],
      [
       116.34615361253414,
       39.988492412474166
      ],
      [
       116.3461591279147,
       39.98859396023904
      ],
      [
       116.34617755667634,
       39.98869460318721
      ],
      [
       116.34620872139533,
       39.98879337206651
      ],
      [
       116.3462523219897,
       39.98888931566903
      ],
      [
       116.34630793860713,
       39.98898150999223
      ],
      [
       116.34637503566675,
       39.98906906713799
      ],
      [
       116.3464529670155,
       39.98915114386427
      ],
      [
       116.34654098214995,
       39.9892269497067
      ],
      [
       116.34663823344327,
       39.98929575459194
      ],
      [
       116.34674378430817,
       39.98935689586957
      ],
      [
       116.34685661821688,
       39.98940978469455
      ],
      [
       116.34697564849135,
       39.98945391169897
      ],
      [
       116.34709972876968,
       39.98948885189835
      ],
      [
       116.3472276640475,
       39.989514268784966
      ],
      [
       116.34735822218826,
       39.9895299175694
      ],
      [
       116.34749014579114,
       39.989535647538176
      ],
      [
       116.3476221643028,
       39.98953140350567
      ],
      [
       116.34775300625553,
       39.9895172263456
      ],
      [
       116.34788141151448,
       39.98949325259735
      ],
      [
       116.34800614341547,
       39.98945971315079
      ],
      [
       116.34812600067691,
       39.9894169310224
      ],
      [
       116.34823982897025,
       39.98936531824378
      ],
      [
       116.34834653203858,
       39.989305371893096
      ],
      [
       116.34844508225487,
       39.98923766930711
      ],
      [
       116.3485345305197,
       39.98916286252038
      ],
      [
       116.34861401540155,
       39.98908167198493
      ],
      [
       116.34868277143282,
       39.988994879631065
      ],
      [
       116.34874013648115,
       39.98890332133622
      ],
      [
       116.34878555812507,
       39.98880787887417
      ],
      [
       116.34881859897274,
       39.98870947142246
      ],
      [
       116.34883894087271,
       39.988609046709584
      ],
      [
       116.34884638797583,
       39.988507571887496
      ],
      [
       116.34884086861939,
       39.98840602421714
      ],
      [
       116.34882243601508,
       39.98830538165672
      ]
     ],
     [
      [
       116.34816503149416,
       39.98860564832449
      ],
      [
       116.34814836698105,
       39.98865527981364
      ],
      [
       116.34812545829654,
       39.988703415886576
      ],
      [
       116.34809652605274,
       39.98874959296292
      ],
      [
       116.34806184887402,
       39.988793366327776
      ],
      [
       116.348021760714,
       39.988834314414724
      ],
      [
       116.34797664763968,
       39.98887204286596
      ],
      [
       116.34792694411357,
       39.9889061883303
      ],
      [
       116.3478731288096,
       39.98893642196277
      ],
      [
       116.34781572000313,
       39.9889624525917
      ],
      [
       116.34775527057955,
       39.98898402952312
      ],
      [
       116.34769236270941,
       39.98900094495523
      ],
      [
       116.34762760224143,
       39.989013035979795
      ],
      [
       116.34756161286732,
       39.98902018615118
      ],
      [
       116.34749503011493,
       39.98902232660793
      ],
      [
       116.34742849522712,
       39.98901943673593
      ],
      [
       116.34736264898571,
       39.98901154436695
      ],
      [
       116.3472981255399,
       39.98899872551065
      ],
      [
       116.34723554629838,
       39.98898110362238
      ],
      [
       116.34717551394458,
       39.98895884841425
      ],
      [
       116.3471186066318,
       39.988932174220494
      ],
      [
       116.34706537241517,
       39.98890133793315
      ],
      [
       116.34701632397318,
       39.98886663652789
      ],
      [
       116.34697193367018,
       39.98882840420377
      ],
      [
       116.34693262900727,
       39.98878700916447
      ],
      [
       116.34689878850527,
       39.98874285007209
      ],
      [
       116.3468707380595,
       39.98869635220764
      ],
      [
       116.34684874780153,
       39.988647963375115
      ],
      [
       116.34683302949803,
       39.9885981495888
      ],
      [
       116.34682373451187,
       39.98854739058513
      ],
      [
       116.34682095234471,
       39.988496175202485
      ],
      [
       116.34682470977585,
       39.98844499667333
      ],
      [
       116.34683497060459,
       39.98839434787414
      ],
      [
       116.34685163599976,
       39.98834471657875
      ],
      [
       116.34687454545174,
       39.988296580760846
      ],
      [
       116.34690347831896,
       39.98825040399102
      ],
      [
       116.34693815595313,
       39.9882066309724
      ],
      [
       116.34697824438308,
       39.988165683258075
      ],
      [
       116.34702335753144,
       39.98812795519157
      ],
      [
       116.34707306093289,
       39.98809381010925
      ],
      [
       116.34712687591826,
       39.988063576841405
      ],
      [
       116.34718428422447,
       39.988037546545705
      ],
      [
       116.34724473298527,
       39.988015969903316
      ],
      [
       116.34730764005565,
       39.98799905470494
      ],
      [
       116.34737239961764,
       39.98798696384982
      ],
      [
       116.3474383880143,
       39.98797981377706
      ],
      [
       116.34750496975536,
       39.98797767334436
      ],
      [
       116.34757150363681,
       39.987980563164875
      ],
      [
       116.34763734891554,
       39.98798845540883
      ],
      [
       116.34770187147934,
       39.98800127407138
      ],
      [
       116.34776444995336,
       39.98801889570461
      ],
      [
       116.34782448168372,
       39.98804115060623
      ],
      [
       116.34788138854107,
       39.98806782445375
      ],
      [
       116.34793462248777,
       39.988098660368465
      ],
      [
       116.3479836708557,
       39.98813336138899
      ],
      [
       116.34802806128336,
       39.988171593331096
      ],
      [
       116.34806736626487,
       39.98821298800576
      ],
      [
       116.34810120726716,
       39.9882571467649
      ],
      [
       116.34812925837569,
       39.98830364434033
      ],
      [
       116.34815124943343,
       39.98835203293913
      ],
      [
       116.3481669686429,
       39.988401846555995
      ],
      [
       116.34817626460654,
       39.988452605461035
      ],
      [
       116.348179047785,
       39.988503820819645
      ],
      [
       116.34817529136023,
       39.98855499940028
      ],
      [
       116.34816503149416,
       39.98860564832449
      ]
     ]
    ]
   },
   "id": "PS-STA-O-PLAZA"
  },
  {
   "type": "Feature",
   "properties": {
    "id": "PS-STA-S-PLAZA",
    "layer": "PUBLIC_SPACE",
    "public_space_type": "station_plaza",
    "name_zh": "先行南站站前广场",
    "key_area_id": "dazhongsi_ai_industry_cluster",
    "functions_zh": "人机交接、低速接驳上下客、集散与等候、无障碍连续通行界面、路权显示模块",
    "source_type": "agent_generated_design",
    "confidence": "low",
    "geometry_role": "design_proposal",
    "official_boundary": false,
    "area_sqm_declared": 30929.5
   },
   "geometry": {
    "type": "Polygon",
    "coordinates": [
     [
      [
       116.3488216349495,
       39.946805373848576
      ],
      [
       116.3487904847027,
       39.946706605081765
      ],
      [
       116.34874690653896,
       39.946610661924915
      ],
      [
       116.34869132018503,
       39.946518468349865
      ],
      [
       116.3486242610053,
       39.94643091221478
      ],
      [
       116.34854637484457,
       39.94634883671431
      ],
      [
       116.34845841180714,
       39.94627303225977
      ],
      [
       116.34836121903223,
       39.946204228867884
      ],
      [
       116.34825573253516,
       39.946143089131205
      ],
      [
       116.34814296819336,
       39.946090201837734
      ],
      [
       116.34802401196333,
       39.94604607630146
      ],
      [
       116.34790000942336,
       39.94601113745811
      ],
      [
       116.34777215474234,
       39.945985721773404
      ],
      [
       116.34764167918097,
       39.945970074003334
      ],
      [
       116.34750983923577,
       39.94596434483742
      ],
      [
       116.34737790454072,
       39.94596858944776
      ],
      [
       116.34724714564187,
       39.94598276695777
      ],
      [
       116.3471188217637,
       39.94600674083588
      ],
      [
       116.34699416868413,
       39.946040280210084
      ],
      [
       116.34687438683528,
       39.946083062091105
      ],
      [
       116.34676062974441,
       39.94613467448238
      ],
      [
       116.34665399292618,
       39.94619462034718
      ],
      [
       116.34655550333349,
       39.946262322394674
      ],
      [
       116.34646610946791,
       39.94633712863875
      ],
      [
       116.3463866722454,
       39.9464183186761
      ],
      [
       116.34631795670505,
       39.94650511062337
      ],
      [
       116.34626062464088,
       39.946596668646215
      ],
      [
       116.34621522822715,
       39.946692111008154
      ],
      [
       116.34618220469952,
       39.946790518561485
      ],
      [
       116.34616187214242,
       39.94689094359864
      ],
      [
       116.34615442642391,
       39.94699241897867
      ],
      [
       116.34615993930717,
       39.947093967441106
      ],
      [
       116.34617835775722,
       39.94719461101739
      ],
      [
       116.34620950444958,
       39.94729338044928
      ],
      [
       116.34625307947573,
       39.94738932452359
      ],
      [
       116.34630866322954,
       39.94748151923323
      ],
      [
       116.3463757204465,
       39.947569076676416
      ],
      [
       116.34645360535727,
       39.947651153608234
      ],
      [
       116.34654156790555,
       39.94772695956239
      ],
      [
       116.34663876097096,
       39.947795764464495
      ],
      [
       116.34674424852697,
       39.94785690566399
      ],
      [
       116.34685701465551,
       39.94790979431663
      ],
      [
       116.3469759733314,
       39.9479539210562
      ],
      [
       116.34709997888234,
       39.94798886090076
      ],
      [
       116.3472278370237,
       39.948014277346076
      ],
      [
       116.34735831636189,
       39.94802992560694
      ],
      [
       116.34749016025513,
       39.948035654974966
      ],
      [
       116.34762209891785,
       39.94803141027033
      ],
      [
       116.3477528616514,
       39.94801723237316
      ],
      [
       116.34788118908403,
       39.94799325782998
      ],
      [
       116.34800584530117,
       39.9479597175383
      ],
      [
       116.34812562975016,
       39.94791693452271
      ],
      [
       116.3482393888038,
       39.947865320823325
      ],
      [
       116.34834602687198,
       39.94780537352716
      ],
      [
       116.34844451695382,
       39.94773766998004
      ],
      [
       116.3485339105289,
       39.947662862225755
      ],
      [
       116.34861334669247,
       39.9475816707256
      ],
      [
       116.34868206044605,
       39.94749487741916
      ],
      [
       116.34873939006441,
       39.94740331819302
      ],
      [
       116.3487847834672,
       39.94730787482988
      ],
      [
       116.34881780353446,
       39.94720946651594
      ],
      [
       116.34883813231474,
       39.947109040987996
      ],
      [
       116.34884557408519,
       39.94700756540583
      ],
      [
       116.3488400572343,
       39.94690601703772
      ],
      [
       116.3488216349495,
       39.946805373848576
      ]
     ],
     [
      [
       116.34816463031869,
       39.947105645847145
      ],
      [
       116.34814797628702,
       39.947155277771294
      ],
      [
       116.34812508184667,
       39.947203414298876
      ],
      [
       116.34809616747256,
       39.947249591845136
      ],
      [
       116.34806151161696,
       39.94729336569068
      ],
      [
       116.34802144802818,
       39.947334314264445
      ],
      [
       116.3479763625366,
       39.947372043203934
      ],
      [
       116.34792668933905,
       39.94740618915329
      ],
      [
       116.34787290681741,
       39.94743642326288
      ],
      [
       116.34781553293132,
       39.94746245435644
      ],
      [
       116.34775512022989,
       39.94748403173555
      ],
      [
       116.34769225052995,
       39.947500947594065
      ],
      [
       116.34762752931256,
       39.947513039019654
      ],
      [
       116.34756157989146,
       39.94752018956287
      ],
      [
       116.34749503740969,
       39.947522330358645
      ],
      [
       116.34742854272224,
       39.9475194407896
      ],
      [
       116.34736273622377,
       39.94751154868459
      ],
      [
       116.34729825168064,
       39.94749873005075
      ],
      [
       116.34723571012697,
       39.947481108341236
      ],
      [
       116.34717571388309,
       39.94745885326646
      ],
      [
       116.34711884075463,
       39.947432179159364
      ],
      [
       116.34706563846743,
       39.94740134291118
      ],
      [
       116.34701661939249,
       39.94736664149713
      ],
      [
       116.34697225561133,
       39.94732840911639
      ],
      [
       116.34693297436964,
       39.94728701397315
      ],
      [
       116.34689915396271,
       39.94724285473053
      ],
      [
       116.34687112009229,
       39.94719635667096
      ],
      [
       116.34684914273039,
       39.94714796760031
      ],
      [
       116.34683343351954,
       39.94709815353517
      ],
      [
       116.34682414373496,
       39.94704739421464
      ],
      [
       116.34682136282835,
       39.946996178480155
      ],
      [
       116.34682511756684,
       39.94694499956758
      ],
      [
       116.34683537177574,
       39.946894350357034
      ],
      [
       116.34685202668761,
       39.94684471862636
      ],
      [
       116.34687492189387,
       39.94679658235346
      ],
      [
       116.34690383689012,
       39.94675040511328
      ],
      [
       116.34693849320021,
       39.94670663161346
      ],
      [
       116.34697855705835,
       39.946665683411794
      ],
      [
       116.34702364262385,
       39.94662795485645
      ],
      [
       116.34707331569695,
       39.94659380928854
      ],
      [
       116.34712709790062,
       39.94656357554303
      ],
      [
       116.34718447128745,
       39.94653754478221
      ],
      [
       116.34724488332752,
       39.94651596769172
      ],
      [
       116.34730775222936,
       39.94649905206657
      ],
      [
       116.3473724725426,
       39.94648696081015
      ],
      [
       116.34743842098825,
       39.94647981036541
      ],
      [
       116.3475049624608,
       39.94647766959363
      ],
      [
       116.34757145614401,
       39.94648055911126
      ],
      [
       116.3476372616818,
       39.94648845109141
      ],
      [
       116.34770174534471,
       39.94650126953181
      ],
      [
       116.3477642861325,
       39.94651889098664
      ],
      [
       116.34782428175423,
       39.94654114575533
      ],
      [
       116.34788115442821,
       39.94656781951668
      ],
      [
       116.34793435644605,
       39.946598655392805
      ],
      [
       116.3479833754471,
       39.94663335642268
      ],
      [
       116.34802773935269,
       39.946671588421985
      ],
      [
       116.34806702091231,
       39.94671298320113
      ],
      [
       116.34810084181854,
       39.94675714211101
      ],
      [
       116.34812887635033,
       39.94680363988199
      ],
      [
       116.34815085451032,
       39.946852028719256
      ],
      [
       116.34816656462532,
       39.94690184261523
      ],
      [
       116.34817585538529,
       39.946952601837275
      ],
      [
       116.34817863730113,
       39.947003817547774
      ],
      [
       116.34817488356691,
       39.947054996511774
      ],
      [
       116.34816463031869,
       39.947105645847145
      ]
     ]
    ]
   },
   "id": "PS-STA-S-PLAZA"
  },
  {
   "type": "Feature",
   "properties": {
    "id": "PS-STITCH-01",
    "layer": "PUBLIC_SPACE",
    "public_space_type": "stitch_node",
    "name_zh": "东西缝合节点01",
    "functions_zh": "横向街道与主线交汇处的公共活动与停留节点，串联主线两侧街区",
    "claim_status_zh": "交叉处的具体处理方式为概念建议，不给工程可行性结论",
    "source_type": "agent_generated_design",
    "confidence": "low",
    "geometry_role": "design_proposal",
    "official_boundary": false,
    "area_sqm_declared": 20073.9
   },
   "geometry": {
    "type": "Polygon",
    "coordinates": [
     [
      [
       116.34843239350066,
       39.96013462378068
      ],
      [
       116.34841957612275,
       39.96006461122544
      ],
      [
       116.34839790277493,
       39.95999590257013
      ],
      [
       116.34836758220818,
       39.959929159511994
      ],
      [
       116.34832890644805,
       39.95986502481678
      ],
      [
       116.34828224798133,
       39.95980411612874
      ],
      [
       116.34822805616824,
       39.959747020022746
      ],
      [
       116.34816685291435,
       39.9596942863555
      ],
      [
       116.34809922764377,
       39.95964642297062
      ],
      [
       116.34802583162288,
       39.95960389080811
      ],
      [
       116.34794737168805,
       39.95956709946578
      ],
      [
       116.3478646034389,
       39.95953640325485
      ],
      [
       116.34777832396182,
       39.95951209778827
      ],
      [
       116.34768936415442,
       39.95949441713396
      ],
      [
       116.34759858072408,
       39.959483531561
      ],
      [
       116.34750684793858,
       39.95947954589997
      ],
      [
       116.34741504920723,
       39.95948249853357
      ],
      [
       116.34732406857432,
       39.95949236102697
      ],
      [
       116.34723478220637,
       39.959509038401684
      ],
      [
       116.34714804995512,
       39.95953237005009
      ],
      [
       116.34706470707769,
       39.95956213128209
      ],
      [
       116.34698555619342,
       39.959598035488625
      ],
      [
       116.34691135955488,
       39.95963973690169
      ],
      [
       116.34684283170756,
       39.959686833923854
      ],
      [
       116.3467806326087,
       39.959738872995516
      ],
      [
       116.34672536127161,
       39.959795352962495
      ],
      [
       116.34667754999688,
       39.95985572990202
      ],
      [
       116.3466376592457,
       39.95991942236064
      ],
      [
       116.34660607320487,
       39.95998581695355
      ],
      [
       116.34658309608618,
       39.96005427427149
      ],
      [
       116.34656894919597,
       39.96012413503841
      ],
      [
       116.3465637688029,
       39.960194726460315
      ],
      [
       116.34656760482451,
       39.96026536870465
      ],
      [
       116.34658042034545,
       39.96033538144734
      ],
      [
       116.34660209197202,
       39.96040409042466
      ],
      [
       116.34663241101937,
       39.960470833927
      ],
      [
       116.34667108552041,
       39.96053496917154
      ],
      [
       116.34671774303666,
       39.960595878492896
      ],
      [
       116.34677193424444,
       39.96065297529192
      ],
      [
       116.3468331372615,
       39.9607057096852
      ],
      [
       116.34690076267273,
       39.960753573801284
      ],
      [
       116.34697415920647,
       39.960796106672014
      ],
      [
       116.34705262000652,
       39.9608328986724
      ],
      [
       116.3471353894401,
       39.960863595465916
      ],
      [
       116.34722167037519,
       39.96088790141723
      ],
      [
       116.34731063185832,
       39.960905582439786
      ],
      [
       116.34740141711755,
       39.960916468250375
      ],
      [
       116.34749315181492,
       39.960920454009255
      ],
      [
       116.34758495246761,
       39.96091750132997
      ],
      [
       116.3476759349575,
       39.960907638649125
      ],
      [
       116.34776522304668,
       39.9608909609524
      ],
      [
       116.3478519568173,
       39.960867628859795
      ],
      [
       116.34793530095385,
       39.96083786707847
      ],
      [
       116.3480144527886,
       39.9608019622386
      ],
      [
       116.34808865003241,
       39.96076026013253
      ],
      [
       116.3481571781166,
       39.9607131623843
      ],
      [
       116.34821937707478,
       39.96066112258146
      ],
      [
       116.34827464789905,
       39.96060464190626
      ],
      [
       116.34832245830853,
       39.96054426430867
      ],
      [
       116.34836234787531,
       39.960480571267475
      ],
      [
       116.34839393245812,
       39.96041417618983
      ],
      [
       116.34841690790113,
       39.96034571850364
      ],
      [
       116.34843105296238,
       39.96027585749909
      ],
      [
       116.34843623144361,
       39.96020526597934
      ],
      [
       116.34843239350066,
       39.96013462378068
      ]
     ]
    ]
   },
   "id": "PS-STITCH-01"
  },
  {
   "type": "Feature",
   "properties": {
    "id": "PS-STITCH-02",
    "layer": "PUBLIC_SPACE",
    "public_space_type": "stitch_node",
    "name_zh": "东西缝合节点02",
    "functions_zh": "横向街道与主线交汇处的公共活动与停留节点，串联主线两侧街区",
    "claim_status_zh": "交叉处的具体处理方式为概念建议，不给工程可行性结论",
    "source_type": "agent_generated_design",
    "confidence": "low",
    "geometry_role": "design_proposal",
    "official_boundary": false,
    "area_sqm_declared": 20073.9
   },
   "geometry": {
    "type": "Polygon",
    "coordinates": [
     [
      [
       116.34843263833689,
       39.97813462594791
      ],
      [
       116.34841981784541,
       39.978064613582355
      ],
      [
       116.34839813905613,
       39.97799590509403
      ],
      [
       116.34836781077252,
       39.977929162178604
      ],
      [
       116.34832912509434,
       39.97786502760044
      ],
      [
       116.34828245460405,
       39.97780411900265
      ],
      [
       116.34822824877763,
       39.97774702295921
      ],
      [
       116.34816702965556,
       39.97769428932625
      ],
      [
       116.34809938681484,
       39.97764642594703
      ],
      [
       116.348025971691,
       39.97760389376151
      ],
      [
       116.34794749130442,
       39.97756710236768
      ],
      [
       116.34786470145166,
       39.9775364060773
      ],
      [
       116.34777839942717,
       39.97751210050403
      ],
      [
       116.34768941634562,
       39.977494419716834
      ],
      [
       116.34759860913857,
       39.97748353398609
      ],
      [
       116.34750685230273,
       39.97747954814386
      ],
      [
       116.34741502947904,
       39.97748250057461
      ],
      [
       116.34732402494373,
       39.97749236284547
      ],
      [
       116.34723471509355,
       39.97750903998006
      ],
      [
       116.34714796000631,
       39.97753237137312
      ],
      [
       116.34706459515907,
       39.977562132336985
      ],
      [
       116.34698542338272,
       39.97759803626521
      ],
      [
       116.34691120713101,
       39.977639737392444
      ],
      [
       116.34684266113834,
       39.97768683412405
      ],
      [
       116.34678044553667,
       39.977738872903195
      ],
      [
       116.34672515949826,
       39.97779535257856
      ],
      [
       116.34667733546527,
       39.97785572923016
      ],
      [
       116.3466374340218,
       39.97791942140732
      ],
      [
       116.34660583945757,
       39.97798581572798
      ],
      [
       116.34658285606653,
       39.97805427278549
      ],
      [
       116.34656870521546,
       39.9781241333063
      ],
      [
       116.34656352321117,
       39.9781947244988
      ],
      [
       116.34656735998674,
       39.978265366532646
      ],
      [
       116.3465801786196,
       39.97833537908578
      ],
      [
       116.34660185568606,
       39.97840408789632
      ],
      [
       116.34663218244896,
       39.97847083125625
      ],
      [
       116.34667086686687,
       39.9785349663841
      ],
      [
       116.34671753640585,
       39.97859587561563
      ],
      [
       116.34677174162644,
       39.97865297235253
      ],
      [
       116.34683296051146,
       39.978705706712006
      ],
      [
       116.346900603493,
       39.97875357082287
      ],
      [
       116.3469740191301,
       39.97879610371707
      ],
      [
       116.34705250038269,
       39.978832895769386
      ],
      [
       116.34713529142095,
       39.97886359264272
      ],
      [
       116.34722159490481,
       39.97888789870101
      ],
      [
       116.34731057966356,
       39.97890557985668
      ],
      [
       116.34740138870116,
       39.9789164658252
      ],
      [
       116.34749314745059,
       39.97892045176533
      ],
      [
       116.34758497219735,
       39.97891749928887
      ],
      [
       116.34767597859127,
       39.97890763683044
      ],
      [
       116.34776529016425,
       39.9788909593736
      ],
      [
       116.34785204677225,
       39.978867627536054
      ],
      [
       116.34793541287974,
       39.978837866022495
      ],
      [
       116.34801458560739,
       39.97880196146053
      ],
      [
       116.34808880246493,
       39.97876025963984
      ],
      [
       116.34815734869464,
       39.978713162181734
      ],
      [
       116.34821956415551,
       39.97866112267092
      ],
      [
       116.34827484968066,
       39.97860464228688
      ],
      [
       116.34832267284762,
       39.978544264976826
      ],
      [
       116.34836257310562,
       39.9784805722167
      ],
      [
       116.34839416621047,
       39.97841417741101
      ],
      [
       116.34841714792431,
       39.978345719985015
      ],
      [
       116.3484312969448,
       39.97827585922645
      ],
      [
       116.3484364770355,
       39.97820526793604
      ],
      [
       116.34843263833689,
       39.97813462594791
      ]
     ]
    ]
   },
   "id": "PS-STITCH-02"
  },
  {
   "type": "Feature",
   "properties": {
    "id": "PS-STITCH-03",
    "layer": "PUBLIC_SPACE",
    "public_space_type": "stitch_node",
    "name_zh": "东西缝合节点03",
    "functions_zh": "横向街道与主线交汇处的公共活动与停留节点，串联主线两侧街区",
    "claim_status_zh": "交叉处的具体处理方式为概念建议，不给工程可行性结论",
    "source_type": "agent_generated_design",
    "confidence": "low",
    "geometry_role": "design_proposal",
    "official_boundary": false,
    "area_sqm_declared": 20073.9
   },
   "geometry": {
    "type": "Polygon",
    "coordinates": [
     [
      [
       116.34843296512886,
       40.00213462883677
      ],
      [
       116.34842014048131,
       40.00206461672417
      ],
      [
       116.34839845442892,
       40.00199590845857
      ],
      [
       116.348368115845,
       40.00192916573349
      ],
      [
       116.3483294169287,
       40.00186503131144
      ],
      [
       116.34828273038984,
       40.00180412283406
      ],
      [
       116.34822850585905,
       40.00174702687413
      ],
      [
       116.34816726555695,
       40.00169429328696
      ],
      [
       116.34809959926451,
       40.00164642991538
      ],
      [
       116.34802615864314,
       40.001603897699255
      ],
      [
       116.3479476509587,
       40.00156710623686
      ],
      [
       116.34786483227067,
       40.00153640984061
      ],
      [
       116.34777850015116,
       40.00151210412519
      ],
      [
       116.3476894860047,
       40.00149442316091
      ],
      [
       116.34759864706193,
       40.00148353721985
      ],
      [
       116.34750685812519,
       40.00147955113612
      ],
      [
       116.34741500314449,
       40.001482503296494
      ],
      [
       116.34732396670582,
       40.00149236527068
      ],
      [
       116.34723462551304,
       40.0015090420852
      ],
      [
       116.34714783994585,
       40.001532373137856
      ],
      [
       116.34706444577475,
       40.00156213374429
      ],
      [
       116.34698524611308,
       40.001598037301456
      ],
      [
       116.34691100368309,
       40.00163973804765
      ],
      [
       116.34684243347131,
       40.00168683439187
      ],
      [
       116.34678019584288,
       40.00173887278103
      ],
      [
       116.34672489018226,
       40.00179535206756
      ],
      [
       116.34667704912054,
       40.001855728335265
      ],
      [
       116.34663713340585,
       40.00191942013716
      ],
      [
       116.3466055274654,
       40.001985814094816
      ],
      [
       116.3465825357027,
       40.00205427080507
      ],
      [
       116.34656837956516,
       40.00212413099771
      ],
      [
       116.34656319541057,
       40.0021947218843
      ],
      [
       116.3465670331927,
       40.002265363637456
      ],
      [
       116.34657985597937,
       40.00233537593781
      ],
      [
       116.34660154030693,
       40.00240408452592
      ],
      [
       116.34663187736827,
       40.002470827695895
      ],
      [
       116.34667057502284,
       40.00253496266809
      ],
      [
       116.34671726060924,
       40.00259587177978
      ],
      [
       116.34677148453348,
       40.002652968433765
      ],
      [
       116.34683272459824,
       40.00270570274805
      ],
      [
       116.34690039103168,
       40.00275356685192
      ],
      [
       116.34697383216697,
       40.002796099777335
      ],
      [
       116.34705234071848,
       40.00283289189875
      ],
      [
       116.34713516059341,
       40.00286358887844
      ],
      [
       116.34722149417405,
       40.002887895079304
      ],
      [
       116.34731050999974,
       40.002905576412346
      ],
      [
       116.34740135077526,
       40.00291646259137
      ],
      [
       116.34749314162788,
       40.002920448773075
      ],
      [
       116.34758499853395,
       40.00291749656695
      ],
      [
       116.34767603683348,
       40.002907634405005
      ],
      [
       116.34776537975111,
       40.002890957267965
      ],
      [
       116.34785216684088,
       40.00286762577043
      ],
      [
       116.34793556227372,
       40.00283786461385
      ],
      [
       116.34801476288784,
       40.00280196042237
      ],
      [
       116.34808900592436,
       40.002760258982136
      ],
      [
       116.34815757637351,
       40.00271316191079
      ],
      [
       116.34821981386094,
       40.002661122789334
      ],
      [
       116.34827511900767,
       40.00260464279352
      ],
      [
       116.34832295920229,
       40.00254426586679
      ],
      [
       116.34836287373008,
       40.00248057348144
      ],
      [
       116.3483944782094,
       40.00241417903837
      ],
      [
       116.34841746829291,
       40.00234572195933
      ],
      [
       116.34843162259764,
       40.00227586152874
      ],
      [
       116.34843680483637,
       40.00220527054416
      ],
      [
       116.34843296512886,
       40.00213462883677
      ]
     ]
    ]
   },
   "id": "PS-STITCH-03"
  },
  {
   "type": "Feature",
   "properties": {
    "id": "PS-PT-001",
    "layer": "PUBLIC_SPACE",
    "public_space_type": "todoor_point",
    "name_zh": "先行点001",
    "side": "W",
    "functions_zh": "人机共用取送、低速接驳上下客、无障碍缘石坡道接口、路权显示模块",
    "source_type": "agent_generated_design",
    "confidence": "low",
    "geometry_role": "design_proposal",
    "official_boundary": false,
    "area_sqm_declared": 2120.3
   },
   "geometry": {
    "type": "Polygon",
    "coordinates": [
     [
      [
       116.34560294696607,
       39.94167875858271
      ],
      [
       116.34559878329058,
       39.94165600434523
      ],
      [
       116.34559174217408,
       39.94163367381332
      ],
      [
       116.34558189142892,
       39.94161198204175
      ],
      [
       116.34556932592548,
       39.941591137933436
      ],
      [
       116.34555416667838,
       39.94157134222772
      ],
      [
       116.34553655968085,
       39.94155278556709
      ],
      [
       116.34551667449888,
       39.94153564666129
      ],
      [
       116.34549470263792,
       39.94152009056624
      ],
      [
       116.34547085569886,
       39.94150626709455
      ],
      [
       116.34544536333998,
       39.941494309372715
      ],
      [
       116.34541847106524,
       39.94148433255913
      ],
      [
       116.34539043786025,
       39.94147643273509
      ],
      [
       116.34536153369781,
       39.94147068597945
      ],
      [
       116.34533203693827,
       39.9414671476361
      ],
      [
       116.34530223164882,
       39.94146585178081
      ],
      [
       116.34527240486771,
       39.94146681089327
      ],
      [
       116.3452428438403,
       39.941470015736726
      ],
      [
       116.34521383325254,
       39.94147543544711
      ],
      [
       116.34518565248973,
       39.94148301783011
      ],
      [
       116.34515857294564,
       39.94149268986393
      ],
      [
       116.34513285540919,
       39.94150435840241
      ],
      [
       116.34510874755287,
       39.94151791107211
      ],
      [
       116.34508648154761,
       39.94153321735448
      ],
      [
       116.34506627182684,
       39.94155012984277
      ],
      [
       116.34504831302141,
       39.94156848566155
      ],
      [
       116.34503277808527,
       39.941588108035326
      ],
      [
       116.34501981662959,
       39.941608807990946
      ],
      [
       116.34500955348213,
       39.94163038617739
      ],
      [
       116.34500208748479,
       39.94165263478566
      ],
      [
       116.34499749054179,
       39.94167533955005
      ],
      [
       116.34499580692695,
       39.94169828181165
      ],
      [
       116.34499705285731,
       39.94172124062406
      ],
      [
       116.3450012163368,
       39.94174399488132
      ],
      [
       116.34500825727169,
       39.941766325447205
      ],
      [
       116.34501810785649,
       39.94178801726566
      ],
      [
       116.34503067322703,
       39.94180886143196
      ],
      [
       116.34504583237381,
       39.94182865720451
      ],
      [
       116.34506343930745,
       39.94184721393828
      ],
      [
       116.34508332446443,
       39.94186435292073
      ],
      [
       116.3451052963402,
       39.94187990909294
      ],
      [
       116.34512914333334,
       39.94189373263941
      ],
      [
       116.34515463578356,
       39.94190569043071
      ],
      [
       116.34518152818323,
       39.9419156673058
      ],
      [
       116.34520956154209,
       39.94192356718103
      ],
      [
       116.34523846588135,
       39.94192931397553
      ],
      [
       116.34526796283387,
       39.94193285234398
      ],
      [
       116.34529776832508,
       39.941934148209604
      ],
      [
       116.34532759530893,
       39.94193318909234
      ],
      [
       116.34535715653234,
       39.941929984229105
      ],
      [
       116.34538616730173,
       39.94192456448474
      ],
      [
       116.34541434822488,
       39.941916982054856
      ],
      [
       116.34544142790186,
       39.941907309963064
      ],
      [
       116.34546714553862,
       39.94189564135774
      ],
      [
       116.34549125345883,
       39.94188208861488
      ],
      [
       116.34551351948912,
       39.941866782255865
      ],
      [
       116.34553372919507,
       39.94184986969041
      ],
      [
       116.34555168794637,
       39.94183151379687
      ],
      [
       116.34556722279126,
       39.94181189135362
      ],
      [
       116.34558018412194,
       39.9417911913365
      ],
      [
       116.34559044711557,
       39.941769613098884
      ],
      [
       116.34559791293607,
       39.941747364451736
      ],
      [
       116.34560250968607,
       39.94172465966224
      ],
      [
       116.34560419309916,
       39.94170171739032
      ],
      [
       116.34560294696607,
       39.94167875858271
      ]
     ]
    ]
   },
   "id": "PS-PT-001"
  },
  {
   "type": "Feature",
   "properties": {
    "id": "PS-PT-002",
    "layer": "PUBLIC_SPACE",
    "public_space_type": "todoor_point",
    "name_zh": "先行点002",
    "side": "E",
    "functions_zh": "人机共用取送、低速接驳上下客、无障碍缘石坡道接口、路权显示模块",
    "source_type": "agent_generated_design",
    "confidence": "low",
    "geometry_role": "design_proposal",
    "official_boundary": false,
    "area_sqm_declared": 2120.3
   },
   "geometry": {
    "type": "Polygon",
    "coordinates": [
     [
      [
       116.35000294576132,
       39.94167874707405
      ],
      [
       116.34999878062617,
       39.94165599298288
      ],
      [
       116.3499917380756,
       39.941633662706714
      ],
      [
       116.34998188593589,
       39.941611971297846
      ],
      [
       116.34996931909082,
       39.9415911276557
      ],
      [
       116.34995415856787,
       39.94157133251514
      ],
      [
       116.34993655037263,
       39.941552776513184
      ],
      [
       116.34991666408256,
       39.94153563835327
      ],
      [
       116.34989469121385,
       39.94152008308411
      ],
      [
       116.34987084337703,
       39.94150626051036
      ],
      [
       116.34984535023905,
       39.94149430374986
      ],
      [
       116.34981845731143,
       39.94148432795179
      ],
      [
       116.34979042358597,
       39.941476429187595
      ],
      [
       116.34976151904053,
       39.94147068352601
      ],
      [
       116.34973202203918,
       39.94146714630032
      ],
      [
       116.34970221665135,
       39.94146585157555
      ],
      [
       116.34967238991632,
       39.94146681182051
      ],
      [
       116.34964282907897,
       39.941470017787545
      ],
      [
       116.34961381882346,
       39.94147543860174
      ],
      [
       116.34958563853179,
       39.94148302205821
      ],
      [
       116.34955855959333,
       39.94149269512473
      ],
      [
       116.34953284279106,
       39.941504364645276
      ],
      [
       116.34950873579047,
       39.94151791823693
      ],
      [
       116.34948647075417,
       39.94153322537224
      ],
      [
       116.34946626210635,
       39.941550138636245
      ],
      [
       116.34944830446747,
       39.94156849514607
      ],
      [
       116.34943277078024,
       39.94158811811956
      ],
      [
       116.34941981064385,
       39.94160881857777
      ],
      [
       116.3494095488733,
       39.941630397164836
      ],
      [
       116.34940208429728,
       39.94165264606793
      ],
      [
       116.34939748880629,
       39.94167535101848
      ],
      [
       116.34939580666018,
       39.94169829335579
      ],
      [
       116.34939705406184,
       39.94172125213276
      ],
      [
       116.34940121900105,
       39.94174400624371
      ],
      [
       116.34940826136999,
       39.94176633655388
      ],
      [
       116.34941811334937,
       39.941788028009654
      ],
      [
       116.3494306800616,
       39.94180887170979
      ],
      [
       116.34944584048425,
       39.9418286669172
      ],
      [
       116.34946344861564,
       39.9418472229923
      ],
      [
       116.34948333488073,
       39.94186436122886
      ],
      [
       116.34950530776428,
       39.941879916575196
      ],
      [
       116.34952915565523,
       39.94189373922371
      ],
      [
       116.34955464888453,
       39.941905696053645
      ],
      [
       116.34958154193717,
       39.94191567191323
      ],
      [
       116.3496095758165,
       39.94192357072856
      ],
      [
       116.34963848053877,
       39.94192931642902
      ],
      [
       116.34966797773313,
       39.941932853679795
      ],
      [
       116.34969778332272,
       39.94193414841487
      ],
      [
       116.34972761026049,
       39.941933188165095
      ],
      [
       116.3497571712938,
       39.94192998217825
      ],
      [
       116.34978618173095,
       39.94192456133006
      ],
      [
       116.34981436218294,
       39.94191697782672
      ],
      [
       116.34984144125427,
       39.94190730470219
      ],
      [
       116.34986715815683,
       39.94189563511478
      ],
      [
       116.34989126522127,
       39.94188208144998
      ],
      [
       116.34991353028254,
       39.94186677423803
      ],
      [
       116.34993373891552,
       39.941849860896845
      ],
      [
       116.34995169650026,
       39.94183150431226
      ],
      [
       116.34996723009617,
       39.941811881269324
      ],
      [
       116.34998019010754,
       39.94179118074963
      ],
      [
       116.34999045172421,
       39.94176960211139
      ],
      [
       116.34999791612339,
       39.94174735316944
      ],
      [
       116.35000251142138,
       39.94172464819381
      ],
      [
       116.35000419336575,
       39.941701705846185
      ],
      [
       116.35000294576132,
       39.94167874707405
      ]
     ]
    ]
   },
   "id": "PS-PT-002"
  },
  {
   "type": "Feature",
   "properties": {
    "id": "PS-PT-003",
    "layer": "PUBLIC_SPACE",
    "public_space_type": "todoor_point",
    "name_zh": "先行点003",
    "side": "W",
    "functions_zh": "人机共用取送、低速接驳上下客、无障碍缘石坡道接口、路权显示模块",
    "source_type": "agent_generated_design",
    "confidence": "low",
    "geometry_role": "design_proposal",
    "official_boundary": false,
    "area_sqm_declared": 2120.3
   },
   "geometry": {
    "type": "Polygon",
    "coordinates": [
     [
      [
       116.34560297080812,
       39.94707875879488
      ],
      [
       116.34559880682968,
       39.947056004575856
      ],
      [
       116.34559176518349,
       39.94703367406021
      ],
      [
       116.34558191368707,
       39.947011982302506
      ],
      [
       116.34556934721803,
       39.94699113820556
      ],
      [
       116.34555418680023,
       39.9469713425086
      ],
      [
       116.34553657843827,
       39.946952785854016
      ],
      [
       116.34551669171117,
       39.94693564695149
      ],
      [
       116.34549471813938,
       39.94692009085694
      ],
      [
       116.34547086934019,
       39.94690626738292
      ],
      [
       116.34544537498975,
       39.94689430965598
      ],
      [
       116.34541848061137,
       39.94688433283458
      ],
      [
       116.34539044521071,
       39.94687643300005
      ],
      [
       116.34536153878186,
       39.946870686231385
      ],
      [
       116.34533203970696,
       39.94686714787257
      ],
      [
       116.34530223207544,
       39.94686585199955
      ],
      [
       116.34527240294821,
       39.94686681109214
      ],
      [
       116.34524283959311,
       39.94687001591386
      ],
      [
       116.34521382671862,
       39.94687543560077
      ],
      [
       116.34518564373194,
       39.94688301795881
      ],
      [
       116.34515856204837,
       39.94689268996644
      ],
      [
       116.34513284247735,
       39.94690435847774
      ],
      [
       116.34510873271103,
       39.946917911119534
      ],
      [
       116.34508646493867,
       39.94693321737354
      ],
      [
       116.34506625361075,
       39.946950129833276
      ],
      [
       116.34504829337362,
       39.94696848562358
      ],
      [
       116.34503275719497,
       39.94698810796928
      ],
      [
       116.34501979469799,
       39.94700880789744
      ],
      [
       116.3450095307204,
       39.94703038605733
      ],
      [
       116.3450020641122,
       39.9470526346402
      ],
      [
       116.34499746678335,
       39.94707533938061
      ],
      [
       116.34499578301151,
       39.94709828161983
      ],
      [
       116.34499702901519,
       39.94712124041173
      ],
      [
       116.34500119279761,
       39.94714399465052
      ],
      [
       116.3450082342621,
       39.94716632520016
      ],
      [
       116.34501808559816,
       39.94718801700474
      ],
      [
       116.34503065193425,
       39.94720886115967
      ],
      [
       116.3450458122517,
       39.9472286569235
      ],
      [
       116.34506342054976,
       39.94724721365125
      ],
      [
       116.34508330725185,
       39.94726435263043
      ],
      [
       116.34510528083847,
       39.94727990880218
      ],
      [
       116.34512912969178,
       39.947293732350964
      ],
      [
       116.34515462413351,
       39.94730569014739
      ],
      [
       116.3451815186369,
       39.94731566703031
      ],
      [
       116.34520955419146,
       39.94732356691602
      ],
      [
       116.34523846079718,
       39.94732931372356
      ],
      [
       116.34526796006514,
       39.94733285210748
      ],
      [
       116.34529776789846,
       39.94733414799085
      ],
      [
       116.34532759722852,
       39.94733318889343
      ],
      [
       116.34535716077961,
       39.94732998405194
      ],
      [
       116.3453861738358,
       39.947324564331055
      ],
      [
       116.34541435698286,
       39.9473169819261
      ],
      [
       116.34544143879938,
       39.9473073098605
      ],
      [
       116.34546715847074,
       39.94729564128234
      ],
      [
       116.34549126830096,
       39.94728208856736
      ],
      [
       116.34551353609835,
       39.9472667822367
      ],
      [
       116.34553374741142,
       39.947249869699796
      ],
      [
       116.34555170759444,
       39.947231513834694
      ],
      [
       116.34556724368177,
       39.94721189141952
      ],
      [
       116.34558020605375,
       39.947191191429845
      ],
      [
       116.34559046987742,
       39.947169613218776
      ],
      [
       116.34559793630879,
       39.94714736459702
      ],
      [
       116.34560253344456,
       39.947124659831516
      ],
      [
       116.3456042170146,
       39.94710171758195
      ],
      [
       116.34560297080812,
       39.94707875879488
      ]
     ]
    ]
   },
   "id": "PS-PT-003"
  },
  {
   "type": "Feature",
   "properties": {
    "id": "PS-PT-004",
    "layer": "PUBLIC_SPACE",
    "public_space_type": "todoor_point",
    "name_zh": "先行点004",
    "side": "E",
    "functions_zh": "人机共用取送、低速接驳上下客、无障碍缘石坡道接口、路权显示模块",
    "source_type": "agent_generated_design",
    "confidence": "low",
    "geometry_role": "design_proposal",
    "official_boundary": false,
    "area_sqm_declared": 2120.3
   },
   "geometry": {
    "type": "Polygon",
    "coordinates": [
     [
      [
       116.35000296960314,
       39.94707874728493
      ],
      [
       116.34999880416471,
       39.947055993212246
      ],
      [
       116.34999176108423,
       39.947033662952364
      ],
      [
       116.34998190819297,
       39.947011971557416
      ],
      [
       116.34996934038202,
       39.946991127926694
      ],
      [
       116.34995417868815,
       39.94697133279494
      ],
      [
       116.34993656912822,
       39.94695277679911
      ],
      [
       116.34991668129284,
       39.94693563864255
      ],
      [
       116.3498947067131,
       39.946920083373975
      ],
      [
       116.34987085701599,
       39.946906260798
      ],
      [
       116.34984536188635,
       39.94689430403252
      ],
      [
       116.3498184668549,
       39.94688432822673
      ],
      [
       116.34979043093371,
       39.94687642945218
      ],
      [
       116.34976152412179,
       39.94687068377768
      ],
      [
       116.349732024805,
       39.946867146536654
      ],
      [
       116.34970221707513,
       39.946865851794286
      ],
      [
       116.34967238799398,
       39.946866812019515
      ],
      [
       116.34964282482896,
       39.94687001796492
      ],
      [
       116.34961381228678,
       39.946875438755775
      ],
      [
       116.34958562977138,
       39.94688302218739
      ],
      [
       116.34955854869351,
       39.94689269522785
      ],
      [
       116.34953282985684,
       39.94690436472132
      ],
      [
       116.34950872094639,
       39.94691791828517
      ],
      [
       116.3494864541432,
       39.94693322539221
      ],
      [
       116.34946624388841,
       39.94695013862775
      ],
      [
       116.34944828481805,
       39.94696849510919
      ],
      [
       116.34943274988856,
       39.94698811805466
      ],
      [
       116.34941978871113,
       39.94700881848546
      ],
      [
       116.34940952611073,
       39.947030397046014
      ],
      [
       116.3494020609241,
       39.94705264592373
      ],
      [
       116.34939746504757,
       39.947075350850305
      ],
      [
       116.34939578274472,
       39.94709829316526
      ],
      [
       116.34939703022,
       39.9471212519217
      ],
      [
       116.3494011954624,
       39.94714400601417
      ],
      [
       116.34940823836122,
       39.94716633630805
      ],
      [
       116.34941809109208,
       39.94718802774992
      ],
      [
       116.34943065877015,
       39.94720887143864
      ],
      [
       116.34944582036371,
       39.947228666637265
      ],
      [
       116.34946342985975,
       39.94724722270625
      ],
      [
       116.34948331767015,
       39.94726436093947
      ],
      [
       116.34950529226478,
       39.94727991628525
      ],
      [
       116.34952914201602,
       39.94729373893598
      ],
      [
       116.349554637237,
       39.94730569577093
      ],
      [
       116.34958153239349,
       39.94731567163823
      ],
      [
       116.3496095684686,
       39.947323570463944
      ],
      [
       116.34963847545741,
       39.94732931617731
      ],
      [
       116.34966797496725,
       39.94733285344343
      ],
      [
       116.34969778289894,
       39.94733414819611
      ],
      [
       116.34972761218292,
       39.94733318796606
      ],
      [
       116.34975717554389,
       39.94732998200085
      ],
      [
       116.34978618826777,
       39.94732456117599
      ],
      [
       116.34981437094355,
       39.947316977697476
      ],
      [
       116.34984145215432,
       39.947307304599015
      ],
      [
       116.34986717109129,
       39.947295635038664
      ],
      [
       116.34989128006565,
       39.94728208140166
      ],
      [
       116.3499135468938,
       39.94726677421796
      ],
      [
       116.34993375713371,
       39.94724986090523
      ],
      [
       116.34995171614993,
       39.94723150434902
      ],
      [
       116.34996725098806,
       39.94721188133407
      ],
      [
       116.34998021204049,
       39.947191180841784
      ],
      [
       116.34999047448696,
       39.94716960223005
      ],
      [
       116.3499979394967,
       39.947147353313454
      ],
      [
       116.35000253518018,
       39.947124648361815
      ],
      [
       116.3500042172812,
       39.947101706036534
      ],
      [
       116.35000296960314,
       39.94707874728493
      ]
     ]
    ]
   },
   "id": "PS-PT-004"
  },
  {
   "type": "Feature",
   "properties": {
    "id": "PS-PT-005",
    "layer": "PUBLIC_SPACE",
    "public_space_type": "todoor_point",
    "name_zh": "先行点005",
    "side": "W",
    "functions_zh": "人机共用取送、低速接驳上下客、无障碍缘石坡道接口、路权显示模块",
    "source_type": "agent_generated_design",
    "confidence": "low",
    "geometry_role": "design_proposal",
    "official_boundary": false,
    "area_sqm_declared": 2120.3
   },
   "geometry": {
    "type": "Polygon",
    "coordinates": [
     [
      [
       116.34560299465664,
       39.952478759007036
      ],
      [
       116.34559883037514,
       39.95245600480651
      ],
      [
       116.34559178819912,
       39.95243367430711
      ],
      [
       116.34558193595123,
       39.952411982563284
      ],
      [
       116.3455693685163,
       39.9523911384777
      ],
      [
       116.34555420692752,
       39.95237134278949
      ],
      [
       116.34553659720072,
       39.95235278614094
      ],
      [
       116.3455167089281,
       39.952335647241696
      ],
      [
       116.345494733645,
       39.952320091147634
      ],
      [
       116.34547088298515,
       39.952306267671304
      ],
      [
       116.34544538664267,
       39.952294309939276
      ],
      [
       116.34541849016,
       39.95228433311004
      ],
      [
       116.34539045256314,
       39.952276433265034
      ],
      [
       116.34536154386726,
       39.952270686483345
      ],
      [
       116.34533204247634,
       39.952267148109065
      ],
      [
       116.34530223250215,
       39.952265852218304
      ],
      [
       116.34527240102813,
       39.95226681129107
      ],
      [
       116.34524283534473,
       39.952270016091006
      ],
      [
       116.34521382018286,
       39.952275435754444
      ],
      [
       116.34518563497174,
       39.95228301808754
      ],
      [
       116.34515855114809,
       39.95229269006898
      ],
      [
       116.34513282954197,
       39.95230435855309
      ],
      [
       116.34510871786509,
       39.952317911166986
      ],
      [
       116.34508644832519,
       39.95233321739263
      ],
      [
       116.3450662353897,
       39.95235012982381
      ],
      [
       116.34504827372047,
       39.95236848558568
      ],
      [
       116.34503273629899,
       39.95238810790328
      ],
      [
       116.34501977276041,
       39.952408807803984
      ],
      [
       116.34500950795253,
       39.952430385937305
      ],
      [
       116.34500204073323,
       39.95245263449478
      ],
      [
       116.3449974430185,
       39.952475339211176
      ],
      [
       116.3449957590896,
       39.95249828142804
      ],
      [
       116.34499700516662,
       39.95252124019943
      ],
      [
       116.34500116925207,
       39.95254399441975
      ],
      [
       116.34500821124634,
       39.95256632495313
      ],
      [
       116.34501806333378,
       39.95258801674385
      ],
      [
       116.34503063063576,
       39.95260886088743
      ],
      [
       116.34504579212418,
       39.95262865664252
      ],
      [
       116.34506340178704,
       39.95264721336423
      ],
      [
       116.34508329003464,
       39.95266435234014
      ],
      [
       116.34510526533258,
       39.95267990851143
      ],
      [
       116.34512911604655,
       39.952693732062556
      ],
      [
       116.34515461248034,
       39.952705689864075
      ],
      [
       116.34518150908808,
       39.952715666754834
      ],
      [
       116.34520954683887,
       39.952723566651024
      ],
      [
       116.3452384557117,
       39.95272931347162
      ],
      [
       116.34526795729569,
       39.95273285187099
      ],
      [
       116.34529776747173,
       39.952734147772105
      ],
      [
       116.34532759914863,
       39.95273318869453
      ],
      [
       116.34535716502809,
       39.9527299838748
      ],
      [
       116.34538618037172,
       39.952724564177366
      ],
      [
       116.34541436574325,
       39.952716981797366
      ],
      [
       116.34544144969988,
       39.95270730975793
      ],
      [
       116.34546717140636,
       39.95269564120695
      ],
      [
       116.34549128314714,
       39.95268208851987
      ],
      [
       116.34551355271209,
       39.952666782217555
      ],
      [
       116.34553376563275,
       39.95264986970917
      ],
      [
       116.34555172724785,
       39.95263151387252
      ],
      [
       116.345567264578,
       39.952611891485425
      ],
      [
       116.34558022799155,
       39.95259119152319
      ],
      [
       116.34559049264548,
       39.95256961333867
      ],
      [
       116.34559795968785,
       39.95254736474231
      ],
      [
       116.34560255720949,
       39.952524660000805
      ],
      [
       116.34560424093652,
       39.95250171777359
      ],
      [
       116.34560299465664,
       39.952478759007036
      ]
     ]
    ]
   },
   "id": "PS-PT-005"
  },
  {
   "type": "Feature",
   "properties": {
    "id": "PS-PT-006",
    "layer": "PUBLIC_SPACE",
    "public_space_type": "todoor_point",
    "name_zh": "先行点006",
    "side": "E",
    "functions_zh": "人机共用取送、低速接驳上下客、无障碍缘石坡道接口、路权显示模块",
    "source_type": "agent_generated_design",
    "confidence": "low",
    "geometry_role": "design_proposal",
    "official_boundary": false,
    "area_sqm_declared": 2120.3
   },
   "geometry": {
    "type": "Polygon",
    "coordinates": [
     [
      [
       116.3500029934514,
       39.95247874749579
      ],
      [
       116.34999882770964,
       39.95245599344161
      ],
      [
       116.34999178409905,
       39.95243366319802
      ],
      [
       116.34998193045605,
       39.952411971816986
      ],
      [
       116.34996936167896,
       39.95239112819769
      ],
      [
       116.34995419881386,
       39.95237133307474
      ],
      [
       116.34993658788888,
       39.95235277708504
      ],
      [
       116.34991669850776,
       39.952335638931835
      ],
      [
       116.34989472221652,
       39.95232008366385
      ],
      [
       116.34987087065858,
       39.95230626108567
      ],
      [
       116.34984537353675,
       39.9522943043152
      ],
      [
       116.3498184764009,
       39.9522843285017
      ],
      [
       116.34979043828338,
       39.9522764297168
      ],
      [
       116.34976152920436,
       39.952270684029386
      ],
      [
       116.34973202757153,
       39.95226714677302
      ],
      [
       116.34970221749896,
       39.95226585201304
      ],
      [
       116.34967238607103,
       39.95226681221856
      ],
      [
       116.34964282057778,
       39.95227001814232
      ],
      [
       116.34961380574828,
       39.95227543890983
      ],
      [
       116.34958562100852,
       39.95228302231661
      ],
      [
       116.3495585377907,
       39.95229269533099
      ],
      [
       116.34953281691905,
       39.95230436479739
      ],
      [
       116.34950870609823,
       39.952317918333435
      ],
      [
       116.34948643752767,
       39.95233322541219
      ],
      [
       116.34946622566554,
       39.95235013861927
      ],
      [
       116.3494482651633,
       39.952368495072335
      ],
      [
       116.34943272899123,
       39.95238811798977
      ],
      [
       116.34941976677243,
       39.95240881839317
      ],
      [
       116.34940950334199,
       39.95243039692721
      ],
      [
       116.34940203754455,
       39.952452645779566
      ],
      [
       116.34939744128239,
       39.952475350682164
      ],
      [
       116.34939575882281,
       39.95249829297475
      ],
      [
       116.34939700637169,
       39.952521251710664
      ],
      [
       116.34940117191739,
       39.95254400578466
      ],
      [
       116.34940821534624,
       39.952566336062254
      ],
      [
       116.34941806882881,
       39.9525880274902
      ],
      [
       116.34943063747298,
       39.95260887116752
      ],
      [
       116.34944580023775,
       39.95262866635734
      ],
      [
       116.34946341109884,
       39.95264722242023
      ],
      [
       116.34948330045495,
       39.952664360650104
      ],
      [
       116.34950527676106,
       39.95267991599529
      ],
      [
       116.34952912837318,
       39.95269373864827
      ],
      [
       116.34955462558639,
       39.95270569548822
      ],
      [
       116.3495815228473,
       39.95271567136324
      ],
      [
       116.34960956111877,
       39.95272357019931
      ],
      [
       116.34963847037473,
       39.952729315925595
      ],
      [
       116.34966797220065,
       39.952732853207046
      ],
      [
       116.34969778247512,
       39.952734147977345
      ],
      [
       116.34972761410587,
       39.95273318776701
      ],
      [
       116.3497571797952,
       39.95272998182344
      ],
      [
       116.34978619480644,
       39.952724561021924
      ],
      [
       116.3498143797066,
       39.95271697756824
      ],
      [
       116.34984146305736,
       39.95270730449583
      ],
      [
       116.34986718402934,
       39.952695634962545
      ],
      [
       116.34989129491404,
       39.952682081353316
      ],
      [
       116.34991356350962,
       39.95266677419789
      ],
      [
       116.34993377535687,
       39.9526498609136
      ],
      [
       116.34995173580494,
       39.95263150438576
      ],
      [
       116.34996727188566,
       39.95261188139884
      ],
      [
       116.34998023397938,
       39.95259118093393
      ],
      [
       116.34999049725586,
       39.95256960234871
      ],
      [
       116.34999796287634,
       39.95254735345747
      ],
      [
       116.3500025589454,
       39.95252464852979
      ],
      [
       116.35000424120315,
       39.95250170622687
      ],
      [
       116.3500029934514,
       39.95247874749579
      ]
     ]
    ]
   },
   "id": "PS-PT-006"
  },
  {
   "type": "Feature",
   "properties": {
    "id": "PS-PT-007",
    "layer": "PUBLIC_SPACE",
    "public_space_type": "todoor_point",
    "name_zh": "先行点007",
    "side": "W",
    "functions_zh": "人机共用取送、低速接驳上下客、无障碍缘石坡道接口、路权显示模块",
    "source_type": "agent_generated_design",
    "confidence": "low",
    "geometry_role": "design_proposal",
    "official_boundary": false,
    "area_sqm_declared": 2120.3
   },
   "geometry": {
    "type": "Polygon",
    "coordinates": [
     [
      [
       116.34560301851162,
       39.95787875921916
      ],
      [
       116.34559885392696,
       39.957856005037115
      ],
      [
       116.34559181122097,
       39.95783367455398
      ],
      [
       116.3455819582214,
       39.95781198282403
      ],
      [
       116.34556938982031,
       39.95779113874983
      ],
      [
       116.34555422706022,
       39.95777134307037
      ],
      [
       116.34553661596823,
       39.95775278642786
      ],
      [
       116.34551672614965,
       39.95773564753191
      ],
      [
       116.34549474915475,
       39.957720091438325
      ],
      [
       116.34547089663377,
       39.957706267959665
      ],
      [
       116.34544539829872,
       39.95769431022255
      ],
      [
       116.34541849971119,
       39.957684333385494
      ],
      [
       116.3453904599175,
       39.95767643353001
      ],
      [
       116.34536154895396,
       39.95767068673529
      ],
      [
       116.34533204524642,
       39.95766714834556
      ],
      [
       116.34530223292893,
       39.95766585243707
      ],
      [
       116.34527239910747,
       39.95766681148998
      ],
      [
       116.34524283109518,
       39.95767001626815
      ],
      [
       116.34521381364529,
       39.95767543590812
      ],
      [
       116.34518562620914,
       39.95768301821629
      ],
      [
       116.34515854024482,
       39.95769269017152
      ],
      [
       116.34513281660304,
       39.95770435862846
      ],
      [
       116.34510870301513,
       39.957717911214445
      ],
      [
       116.34508643170717,
       39.957733217411736
      ],
      [
       116.34506621716369,
       39.957750129814364
      ],
      [
       116.34504825406196,
       39.95776848554777
      ],
      [
       116.34503271539732,
       39.957788107837274
      ],
      [
       116.34501975081689,
       39.95780880771052
      ],
      [
       116.34500948517845,
       39.95783038581731
      ],
      [
       116.34500201734794,
       39.95785263434938
      ],
      [
       116.34499741924718,
       39.95787533904177
      ],
      [
       116.34499573516122,
       39.95789828123627
      ],
      [
       116.3449969813116,
       39.95792123998714
      ],
      [
       116.34500114570014,
       39.95794399418897
      ],
      [
       116.34500818822433,
       39.95796632470611
      ],
      [
       116.34501804106341,
       39.957988016482965
      ],
      [
       116.34503060933152,
       39.95800886061517
      ],
      [
       116.34504577199122,
       39.95802865636153
      ],
      [
       116.34506338301928,
       39.95804721307723
      ],
      [
       116.34508327281277,
       39.958064352049874
      ],
      [
       116.34510524982254,
       39.95807990822068
      ],
      [
       116.34512910239766,
       39.95809373177414
      ],
      [
       116.34515460082409,
       39.95810568958076
      ],
      [
       116.3451814995367,
       39.958115666479344
      ],
      [
       116.34520953948436,
       39.95812356638603
      ],
      [
       116.34523845062488,
       39.95812931321966
      ],
      [
       116.34526795452555,
       39.95813285163449
      ],
      [
       116.34529776704495,
       39.95813414755333
      ],
      [
       116.34532760106933,
       39.9581331884956
      ],
      [
       116.34535716927778,
       39.958129983697646
      ],
      [
       116.34538618690944,
       39.958124564023656
      ],
      [
       116.34541437450606,
       39.958116981668596
      ],
      [
       116.34544146060338,
       39.95810730965536
      ],
      [
       116.34546718434554,
       39.95809564113153
      ],
      [
       116.34549129799738,
       39.958082088472345
      ],
      [
       116.3455135693304,
       39.95806678219839
      ],
      [
       116.34553378385904,
       39.958049869718536
      ],
      [
       116.34555174690661,
       39.95803151391031
      ],
      [
       116.34556728547989,
       39.958011891551294
      ],
      [
       116.34558024993525,
       39.957991191616514
      ],
      [
       116.34559051541973,
       39.957969613458545
      ],
      [
       116.34559798307328,
       39.957947364887566
      ],
      [
       116.34560258098085,
       39.957924660170065
      ],
      [
       116.34560426486493,
       39.95790171796523
      ],
      [
       116.34560301851162,
       39.95787875921916
      ]
     ]
    ]
   },
   "id": "PS-PT-007"
  },
  {
   "type": "Feature",
   "properties": {
    "id": "PS-PT-008",
    "layer": "PUBLIC_SPACE",
    "public_space_type": "todoor_point",
    "name_zh": "先行点008",
    "side": "E",
    "functions_zh": "人机共用取送、低速接驳上下客、无障碍缘石坡道接口、路权显示模块",
    "source_type": "agent_generated_design",
    "confidence": "low",
    "geometry_role": "design_proposal",
    "official_boundary": false,
    "area_sqm_declared": 2120.3
   },
   "geometry": {
    "type": "Polygon",
    "coordinates": [
     [
      [
       116.35000301730611,
       39.95787874770665
      ],
      [
       116.3499988512609,
       39.95785599367098
      ],
      [
       116.34999180712008,
       39.95783366344367
      ],
      [
       116.34998195272514,
       39.957811972076556
      ],
      [
       116.34996938298166,
       39.957791128468685
      ],
      [
       116.34995421894499,
       39.95777133335456
      ],
      [
       116.34993660665457,
       39.95775277737096
      ],
      [
       116.3499167157273,
       39.95773563922114
      ],
      [
       116.34989473772409,
       39.957720083953724
      ],
      [
       116.34987088430482,
       39.95770626137332
      ],
      [
       116.34984538519025,
       39.95769430459787
      ],
      [
       116.34981848594946,
       39.95768432877667
      ],
      [
       116.349790445635,
       39.957676429981404
      ],
      [
       116.34976153428826,
       39.9576706842811
      ],
      [
       116.34973203033874,
       39.95766714700941
      ],
      [
       116.34970221792285,
       39.9576658522318
      ],
      [
       116.34967238414754,
       39.9576668124176
      ],
      [
       116.34964281632539,
       39.95767001831973
      ],
      [
       116.34961379920793,
       39.9576754390639
      ],
      [
       116.34958561224325,
       39.95768302244585
      ],
      [
       116.34955852688489,
       39.957692695434154
      ],
      [
       116.34953280397774,
       39.95770436487347
      ],
      [
       116.34950869124603,
       39.95771791838172
      ],
      [
       116.34948642090762,
       39.95773322543222
      ],
      [
       116.34946620743767,
       39.95775013861082
      ],
      [
       116.3494482455032,
       39.9577684950355
      ],
      [
       116.34943270808819,
       39.95778811792492
      ],
      [
       116.3494197448278,
       39.95780881830092
      ],
      [
       116.34940948056708,
       39.95783039680845
      ],
      [
       116.34940201415867,
       39.95785264563544
      ],
      [
       116.3493974175108,
       39.957875350514044
      ],
      [
       116.3493957348944,
       39.95789829278428
      ],
      [
       116.34939698251692,
       39.95792125149966
      ],
      [
       116.349401148366,
       39.95794400555515
      ],
      [
       116.34940819232506,
       39.95796633581648
      ],
      [
       116.34941804655953,
       39.957988027230506
      ],
      [
       116.34943061617008,
       39.958008870896414
      ],
      [
       116.34944578010636,
       39.95802866607743
      ],
      [
       116.34946339233288,
       39.958047222134226
      ],
      [
       116.34948328323512,
       39.95806436036073
      ],
      [
       116.34950526125324,
       39.958079915705376
      ],
      [
       116.34952911472666,
       39.958093738360574
      ],
      [
       116.34955461393263,
       39.95810569520552
      ],
      [
       116.34958151329853,
       39.95811567108826
      ],
      [
       116.34960955376698,
       39.95812356993469
      ],
      [
       116.34963846529071,
       39.958129315673894
      ],
      [
       116.34966796943337,
       39.95813285297068
      ],
      [
       116.34969778205118,
       39.9581341477586
      ],
      [
       116.34972761602945,
       39.95813318756796
      ],
      [
       116.34975718404768,
       39.95812998164603
      ],
      [
       116.3497862013469,
       39.95812456086786
      ],
      [
       116.34981438847207,
       39.958116977438976
      ],
      [
       116.34984147396341,
       39.95810730439265
      ],
      [
       116.3498671969709,
       39.95809563488643
      ],
      [
       116.34989130976652,
       39.958082081304994
      ],
      [
       116.34991358012995,
       39.95806677417781
      ],
      [
       116.34993379358501,
       39.958049860921975
      ],
      [
       116.34995175546533,
       39.95803150442249
      ],
      [
       116.34996729278892,
       39.95801188146358
      ],
      [
       116.34998025592421,
       39.95799118102606
      ],
      [
       116.34999052003094,
       39.957969602467344
      ],
      [
       116.34999798626235,
       39.95794735360147
      ],
      [
       116.35000258271708,
       39.95792464869777
      ],
      [
       116.35000426513155,
       39.95790170641722
      ],
      [
       116.35000301730611,
       39.95787874770665
      ]
     ]
    ]
   },
   "id": "PS-PT-008"
  },
  {
   "type": "Feature",
   "properties": {
    "id": "PS-PT-009",
    "layer": "PUBLIC_SPACE",
    "public_space_type": "todoor_point",
    "name_zh": "先行点009",
    "side": "W",
    "functions_zh": "人机共用取送、低速接驳上下客、无障碍缘石坡道接口、路权显示模块",
    "source_type": "agent_generated_design",
    "confidence": "low",
    "geometry_role": "design_proposal",
    "official_boundary": false,
    "area_sqm_declared": 2120.3
   },
   "geometry": {
    "type": "Polygon",
    "coordinates": [
     [
      [
       116.34560304237304,
       39.963278759431304
      ],
      [
       116.34559887748516,
       39.96325600526774
      ],
      [
       116.34559183424905,
       39.96323367480085
      ],
      [
       116.34558198049757,
       39.9632119830848
      ],
      [
       116.34556941113007,
       39.96319113902196
      ],
      [
       116.34555424719835,
       39.963171343351235
      ],
      [
       116.34553663474078,
       39.96315278671479
      ],
      [
       116.34551674337585,
       39.96313564782211
      ],
      [
       116.34549476466871,
       39.96312009172902
      ],
      [
       116.34547091028604,
       39.96310626824805
      ],
      [
       116.34544540995785,
       39.963094310505845
      ],
      [
       116.3454185092649,
       39.963084333660966
      ],
      [
       116.34539046727382,
       39.963076433795
      ],
      [
       116.345361554042,
       39.963070686987265
      ],
      [
       116.34533204801723,
       39.96306714858207
      ],
      [
       116.34530223335575,
       39.963065852655845
      ],
      [
       116.34527239718626,
       39.96306681168891
      ],
      [
       116.3452428268444,
       39.96307001644534
      ],
      [
       116.34521380710589,
       39.96307543606183
      ],
      [
       116.34518561744412,
       39.963083018345046
      ],
      [
       116.34515852933855,
       39.963092690274095
      ],
      [
       116.34513280366058,
       39.963104358703845
      ],
      [
       116.3451086881611,
       39.963117911261946
      ],
      [
       116.34508641508462,
       39.96313321743085
      ],
      [
       116.3450661989327,
       39.963150129804944
      ],
      [
       116.34504823439813,
       39.9631684855099
      ],
      [
       116.34503269448999,
       39.96318810777131
      ],
      [
       116.3450197288674,
       39.9632088076171
      ],
      [
       116.3450094623982,
       39.96323038569732
      ],
      [
       116.34500199395629,
       39.963252634204
      ],
      [
       116.34499739546943,
       39.96327533887239
      ],
      [
       116.34499571122635,
       39.963298281044516
      ],
      [
       116.3449969574501,
       39.96332123977487
      ],
      [
       116.34500112214184,
       39.96334399395823
      ],
      [
       116.34500816519609,
       39.96336632445911
      ],
      [
       116.34501801878703,
       39.96338801622209
      ],
      [
       116.34503058802152,
       39.96340886034296
      ],
      [
       116.34504575185284,
       39.96342865608057
      ],
      [
       116.34506336424644,
       39.963447212790236
      ],
      [
       116.3450832555863,
       39.9634643517596
      ],
      [
       116.34510523430833,
       39.96347990792995
      ],
      [
       116.34512908874513,
       39.96349373148573
      ],
      [
       116.34515458916472,
       39.96350568929745
      ],
      [
       116.34518148998276,
       39.963515666203875
      ],
      [
       116.3452095321279,
       39.96352356612105
      ],
      [
       116.3452384455367,
       39.96352931296771
      ],
      [
       116.3452679517547,
       39.96353285139799
      ],
      [
       116.34529776661812,
       39.96353414733458
      ],
      [
       116.34532760299058,
       39.96353318829668
      ],
      [
       116.34535717352865,
       39.96352998352047
      ],
      [
       116.34538619344899,
       39.96352456386995
      ],
      [
       116.34541438327129,
       39.96351698153984
      ],
      [
       116.34544147150989,
       39.963507309552774
      ],
      [
       116.34546719728826,
       39.963495641056106
      ],
      [
       116.34549131285169,
       39.963482088424826
      ],
      [
       116.34551358595321,
       39.9634667821792
      ],
      [
       116.3455338020903,
       39.963449869727874
      ],
      [
       116.34555176657071,
       39.96343151394811
      ],
      [
       116.34556730638745,
       39.96341189161717
      ],
      [
       116.34558027188496,
       39.96339119170984
      ],
      [
       116.34559053820014,
       39.9633696135784
      ],
      [
       116.34559800646501,
       39.96334736503281
      ],
      [
       116.34560260475865,
       39.96332466033931
      ],
      [
       116.34560428879979,
       39.963301718156835
      ],
      [
       116.34560304237304,
       39.963278759431304
      ]
     ]
    ]
   },
   "id": "PS-PT-009"
  },
  {
   "type": "Feature",
   "properties": {
    "id": "PS-PT-010",
    "layer": "PUBLIC_SPACE",
    "public_space_type": "todoor_point",
    "name_zh": "先行点010",
    "side": "E",
    "functions_zh": "人机共用取送、低速接驳上下客、无障碍缘石坡道接口、路权显示模块",
    "source_type": "agent_generated_design",
    "confidence": "low",
    "geometry_role": "design_proposal",
    "official_boundary": false,
    "area_sqm_declared": 2120.3
   },
   "geometry": {
    "type": "Polygon",
    "coordinates": [
     [
      [
       116.35000304116727,
       39.96327874791751
      ],
      [
       116.34999887481857,
       39.963255993900326
      ],
      [
       116.34999183014735,
       39.963233663689294
      ],
      [
       116.34998197500025,
       39.963211972336104
      ],
      [
       116.34996940429006,
       39.963191128739666
      ],
      [
       116.34995423908154,
       39.96317133363436
      ],
      [
       116.34993662542533,
       39.96315277765689
      ],
      [
       116.34991673295148,
       39.96313563951042
      ],
      [
       116.3498947532358,
       39.963120084243585
      ],
      [
       116.34987089795472,
       39.96310626166098
      ],
      [
       116.34984539684687,
       39.96309430488055
      ],
      [
       116.34981849550053,
       39.96308432905162
      ],
      [
       116.34979045298857,
       39.96307643024602
      ],
      [
       116.34976153937352,
       39.9630706845328
      ],
      [
       116.34973203310669,
       39.96306714724577
      ],
      [
       116.34970221834683,
       39.96306585245058
      ],
      [
       116.34967238222346,
       39.96306681261667
      ],
      [
       116.34964281207182,
       39.96307001849715
      ],
      [
       116.3496137926658,
       39.96307543921798
      ],
      [
       116.34958560347557,
       39.96308302257509
      ],
      [
       116.34955851597609,
       39.96309269553733
      ],
      [
       116.34953279103287,
       39.96310436494959
      ],
      [
       116.34950867638976,
       39.96311791843003
      ],
      [
       116.34948640428303,
       39.96313322545224
      ],
      [
       116.34946618920488,
       39.9631501386024
      ],
      [
       116.34944822583775,
       39.9631684949987
      ],
      [
       116.34943268717949,
       39.96318811786008
      ],
      [
       116.34941972287719,
       39.96320881820866
      ],
      [
       116.34940945778595,
       39.96323039668969
      ],
      [
       116.34940199076645,
       39.96325264549131
      ],
      [
       116.34939739373274,
       39.96327535034593
      ],
      [
       116.3493957109595,
       39.96329829259381
      ],
      [
       116.34939695865572,
       39.96332125128867
      ],
      [
       116.34940112480827,
       39.963344005325666
      ],
      [
       116.34940816929766,
       39.96336633557072
      ],
      [
       116.34941802428422,
       39.963388026970826
      ],
      [
       116.3494305948614,
       39.9634088706253
      ],
      [
       116.34944575996956,
       39.963428665797544
      ],
      [
       116.34946337356185,
       39.96344722184822
      ],
      [
       116.34948326601067,
       39.96346436007137
      ],
      [
       116.34950524574123,
       39.963479915415455
      ],
      [
       116.34952910107651,
       39.963493738072884
      ],
      [
       116.34955460227577,
       39.96350569492282
      ],
      [
       116.34958150374726,
       39.96351567081326
      ],
      [
       116.34960954641326,
       39.96352356967007
      ],
      [
       116.34963846020536,
       39.963529315422186
      ],
      [
       116.34966796666536,
       39.963532852734296
      ],
      [
       116.3496977816272,
       39.96353414753984
      ],
      [
       116.34972761795356,
       39.96353318736891
      ],
      [
       116.34975718830138,
       39.96352998146861
      ],
      [
       116.34978620788921,
       39.963524560713765
      ],
      [
       116.34981439723995,
       39.9635169773097
      ],
      [
       116.34984148487243,
       39.96350730428945
      ],
      [
       116.34986720991603,
       39.963495634810286
      ],
      [
       116.34989132462307,
       39.96348208125663
      ],
      [
       116.3499135967548,
       39.963466774157716
      ],
      [
       116.34993381181809,
       39.96344986093032
      ],
      [
       116.34995177513102,
       39.96343150445921
      ],
      [
       116.34996731369786,
       39.963411881528316
      ],
      [
       116.34998027787502,
       39.96339118111819
      ],
      [
       116.34999054281222,
       39.96336960258596
      ],
      [
       116.34999800965467,
       39.96334735374546
      ],
      [
       116.35000260649518,
       39.963324648865736
      ],
      [
       116.35000428906645,
       39.96330170660754
      ],
      [
       116.35000304116727,
       39.96327874791751
      ]
     ]
    ]
   },
   "id": "PS-PT-010"
  },
  {
   "type": "Feature",
   "properties": {
    "id": "PS-PT-011",
    "layer": "PUBLIC_SPACE",
    "public_space_type": "todoor_point",
    "name_zh": "先行点011",
    "side": "W",
    "functions_zh": "人机共用取送、低速接驳上下客、无障碍缘石坡道接口、路权显示模块",
    "source_type": "agent_generated_design",
    "confidence": "low",
    "geometry_role": "design_proposal",
    "official_boundary": false,
    "area_sqm_declared": 2120.3
   },
   "geometry": {
    "type": "Polygon",
    "coordinates": [
     [
      [
       116.34560306624094,
       39.968678759643424
      ],
      [
       116.3455989010497,
       39.96865600549832
      ],
      [
       116.34559185728334,
       39.968633675047705
      ],
      [
       116.34558200277978,
       39.96861198334553
      ],
      [
       116.34556943244559,
       39.96859113929408
      ],
      [
       116.3455542673419,
       39.96857134363211
      ],
      [
       116.34553665351837,
       39.96855278700169
      ],
      [
       116.34551676060667,
       39.96853564811231
      ],
      [
       116.34549478018678,
       39.968520092019695
      ],
      [
       116.34547092394196,
       39.96850626853642
      ],
      [
       116.3454454216201,
       39.96849431078912
      ],
      [
       116.34541851882118,
       39.968484333936416
      ],
      [
       116.34539047463207,
       39.968476434059994
      ],
      [
       116.34536155913138,
       39.96847068723923
      ],
      [
       116.3453320507887,
       39.96846714881859
      ],
      [
       116.34530223378266,
       39.96846585287462
      ],
      [
       116.34527239526447,
       39.968466811887865
      ],
      [
       116.34524282259244,
       39.968470016622526
      ],
      [
       116.3452138005647,
       39.968475436215556
      ],
      [
       116.34518560867664,
       39.968483018473805
      ],
      [
       116.3451585184293,
       39.96849269037668
      ],
      [
       116.34513279071457,
       39.96850435877926
      ],
      [
       116.34510867330303,
       39.96851791130944
      ],
      [
       116.34508639845755,
       39.968533217449995
      ],
      [
       116.34506618069675,
       39.96855012979553
      ],
      [
       116.34504821472895,
       39.968568485472034
      ],
      [
       116.34503267357697,
       39.96858810770536
      ],
      [
       116.34501970691196,
       39.9686088075237
      ],
      [
       116.34500943961176,
       39.96863038557734
      ],
      [
       116.34500197055831,
       39.968652634058614
      ],
      [
       116.34499737168525,
       39.96867533870303
      ],
      [
       116.344995687285,
       39.968698280852784
      ],
      [
       116.34499693358218,
       39.96872123956261
      ],
      [
       116.34500109857719,
       39.9687439937275
      ],
      [
       116.34500814216166,
       39.96876632421214
      ],
      [
       116.34501799650465,
       39.96878801596123
      ],
      [
       116.34503056670577,
       39.96880886007074
      ],
      [
       116.345045731709,
       39.96882865579962
      ],
      [
       116.34506334546857,
       39.968847212503235
      ],
      [
       116.3450832383552,
       39.96886435146935
      ],
      [
       116.34510521878995,
       39.968879907639206
      ],
      [
       116.34512907508895,
       39.968893731197305
      ],
      [
       116.34515457750223,
       39.96890568901414
      ],
      [
       116.34518148042629,
       39.96891566592841
      ],
      [
       116.34520952476946,
       39.96892356585605
      ],
      [
       116.34523844044722,
       39.96892931271573
      ],
      [
       116.34526794898316,
       39.96893285116149
      ],
      [
       116.34529776619121,
       39.968934147115796
      ],
      [
       116.34532760491243,
       39.96893318809775
      ],
      [
       116.34535717778071,
       39.96892998334328
      ],
      [
       116.34538619999034,
       39.96892456371624
      ],
      [
       116.34541439203893,
       39.968916981411056
      ],
      [
       116.34544148241936,
       39.96890730945017
      ],
      [
       116.34546721023452,
       39.96889564098066
      ],
      [
       116.34549132771005,
       39.968882088377256
      ],
      [
       116.34551360258057,
       39.96886678215999
      ],
      [
       116.34553382032651,
       39.968849869737205
      ],
      [
       116.34555178624016,
       39.968831513985876
      ],
      [
       116.34556732730073,
       39.968811891683025
      ],
      [
       116.3455802938406,
       39.96879119180313
      ],
      [
       116.34559056098672,
       39.96876961369825
      ],
      [
       116.34559802986311,
       39.96874736517806
      ],
      [
       116.34560262854292,
       39.96872466050854
      ],
      [
       116.34560431274113,
       39.968701718348434
      ],
      [
       116.34560306624094,
       39.968678759643424
      ]
     ]
    ]
   },
   "id": "PS-PT-011"
  },
  {
   "type": "Feature",
   "properties": {
    "id": "PS-PT-012",
    "layer": "PUBLIC_SPACE",
    "public_space_type": "todoor_point",
    "name_zh": "先行点012",
    "side": "E",
    "functions_zh": "人机共用取送、低速接驳上下客、无障碍缘石坡道接口、路权显示模块",
    "source_type": "agent_generated_design",
    "confidence": "low",
    "geometry_role": "design_proposal",
    "official_boundary": false,
    "area_sqm_declared": 2120.3
   },
   "geometry": {
    "type": "Polygon",
    "coordinates": [
     [
      [
       116.35000306503491,
       39.96867874812833
      ],
      [
       116.34999889838258,
       39.968655994129655
      ],
      [
       116.34999185318082,
       39.96863366393493
      ],
      [
       116.34998199728139,
       39.96861197259565
      ],
      [
       116.34996942560427,
       39.96859112901063
      ],
      [
       116.34995425922351,
       39.96857133391414
      ],
      [
       116.34993664420111,
       39.9685527779428
      ],
      [
       116.3499167501803,
       39.96853563979969
      ],
      [
       116.3498947687517,
       39.968520084533445
      ],
      [
       116.34987091160828,
       39.968506261948626
      ],
      [
       116.34984540850661,
       39.968494305163226
      ],
      [
       116.34981850505416,
       39.96848432932659
      ],
      [
       116.3497904603441,
       39.96847643051064
      ],
      [
       116.34976154446005,
       39.96847068478452
      ],
      [
       116.34973203587533,
       39.968467147482166
      ],
      [
       116.34970221877087,
       39.96846585266935
      ],
      [
       116.34967238029881,
       39.96846681281573
      ],
      [
       116.34964280781702,
       39.96847001867458
      ],
      [
       116.34961378612186,
       39.96847543937206
      ],
      [
       116.34958559470546,
       39.968483022704355
      ],
      [
       116.3495585050643,
       39.96849269564051
      ],
      [
       116.34953277808448,
       39.968504365025694
      ],
      [
       116.34950866152946,
       39.96851791847833
      ],
      [
       116.34948638765391,
       39.96853322547229
      ],
      [
       116.34946617096709,
       39.968550138593976
      ],
      [
       116.34944820616694,
       39.96856849496189
      ],
      [
       116.3494326662651,
       39.96858811779524
      ],
      [
       116.34941970092062,
       39.96860881811644
      ],
      [
       116.34940943499868,
       39.96863039657095
      ],
      [
       116.34940196736791,
       39.9686526453472
      ],
      [
       116.34939736994825,
       39.968675350177854
      ],
      [
       116.34939568701814,
       39.96869829240336
      ],
      [
       116.34939693478805,
       39.968721251077696
      ],
      [
       116.34940110124411,
       39.9687440050962
      ],
      [
       116.34940814626401,
       39.96876633532495
      ],
      [
       116.3494180020029,
       39.96878802671115
      ],
      [
       116.34943057354701,
       39.96880887035422
      ],
      [
       116.34944573982733,
       39.968828665517634
      ],
      [
       116.34946335478577,
       39.96884722156222
      ],
      [
       116.34948324878157,
       39.96886435978202
      ],
      [
       116.34950523022505,
       39.968879915125534
      ],
      [
       116.3495290874227,
       39.96889373778517
      ],
      [
       116.34955459061581,
       39.96890569464011
      ],
      [
       116.34958149419343,
       39.96891567053828
      ],
      [
       116.34960953905758,
       39.968923569405455
      ],
      [
       116.34963845511868,
       39.96892931517046
      ],
      [
       116.34966796389668,
       39.96893285249792
      ],
      [
       116.34969778120318,
       39.96893414732105
      ],
      [
       116.34972761987825,
       39.96893318716985
      ],
      [
       116.34975719255627,
       39.96892998129117
      ],
      [
       116.34978621443331,
       39.96892456055967
      ],
      [
       116.34981440601024,
       39.96891697718043
      ],
      [
       116.34984149578445,
       39.968907304186224
      ],
      [
       116.3498672228647,
       39.96889563473412
      ],
      [
       116.34989133948365,
       39.96888208120827
      ],
      [
       116.34991361338422,
       39.96886677413759
      ],
      [
       116.34993383005616,
       39.96884986093866
      ],
      [
       116.3499517948021,
       39.9688315044959
      ],
      [
       116.34996733461249,
       39.96881188159303
      ],
      [
       116.3499802998318,
       39.96879118121029
      ],
      [
       116.34999056559967,
       39.96876960270457
      ],
      [
       116.34999803305335,
       39.96874735388943
      ],
      [
       116.35000263027973,
       39.96872464903367
      ],
      [
       116.3500043130078,
       39.96870170679783
      ],
      [
       116.35000306503491,
       39.96867874812833
      ]
     ]
    ]
   },
   "id": "PS-PT-012"
  },
  {
   "type": "Feature",
   "properties": {
    "id": "PS-PT-013",
    "layer": "PUBLIC_SPACE",
    "public_space_type": "todoor_point",
    "name_zh": "先行点013",
    "side": "W",
    "functions_zh": "人机共用取送、低速接驳上下客、无障碍缘石坡道接口、路权显示模块",
    "source_type": "agent_generated_design",
    "confidence": "low",
    "geometry_role": "design_proposal",
    "official_boundary": false,
    "area_sqm_declared": 2120.3
   },
   "geometry": {
    "type": "Polygon",
    "coordinates": [
     [
      [
       116.34560309011528,
       39.97407875985552
      ],
      [
       116.34559892462062,
       39.9740560057289
      ],
      [
       116.34559188032385,
       39.97403367529455
      ],
      [
       116.34558202506798,
       39.97401198360626
      ],
      [
       116.34556945376686,
       39.97399113956617
      ],
      [
       116.34555428749088,
       39.97397134391296
      ],
      [
       116.34553667230104,
       39.97395278728859
      ],
      [
       116.34551677784212,
       39.97393564840248
      ],
      [
       116.34549479570907,
       39.97392009231037
      ],
      [
       116.34547093760156,
       39.97390626882479
      ],
      [
       116.34544543328548,
       39.97389431107241
      ],
      [
       116.34541852838,
       39.97388433421189
      ],
      [
       116.34539048199225,
       39.97387643432499
      ],
      [
       116.3453615642221,
       39.9738706874912
      ],
      [
       116.34533205356088,
       39.9738671490551
      ],
      [
       116.34530223420965,
       39.973865853093415
      ],
      [
       116.34527239334211,
       39.973866812086804
      ],
      [
       116.34524281833927,
       39.973870016799715
      ],
      [
       116.34521379402167,
       39.97387543636928
      ],
      [
       116.3451855999068,
       39.9738830186026
      ],
      [
       116.34515850751704,
       39.97389269047926
      ],
      [
       116.34513277776503,
       39.97390435885468
      ],
      [
       116.34510865844085,
       39.973917911356956
      ],
      [
       116.34508638182595,
       39.973933217469146
      ],
      [
       116.34506616245584,
       39.97395012978613
      ],
      [
       116.34504819505439,
       39.97396848543418
      ],
      [
       116.34503265265826,
       39.97398810763941
      ],
      [
       116.34501968495053,
       39.97400880743028
      ],
      [
       116.34500941681912,
       39.97403038545739
      ],
      [
       116.34500194715399,
       39.97405263391327
      ],
      [
       116.34499734789462,
       39.97407533853367
      ],
      [
       116.34499566333717,
       39.97409828066107
      ],
      [
       116.3449969097078,
       39.97412123935037
      ],
      [
       116.34500107500615,
       39.97414399349678
      ],
      [
       116.345008119121,
       39.97416632396516
      ],
      [
       116.34501797421625,
       39.97418801570039
      ],
      [
       116.34503054538428,
       39.974208859798516
      ],
      [
       116.34504571155979,
       39.974228655518665
      ],
      [
       116.34506332668565,
       39.974247212216255
      ],
      [
       116.34508322111948,
       39.97426435117909
      ],
      [
       116.34510520326741,
       39.974279907348475
      ],
      [
       116.34512906142909,
       39.974293730908904
      ],
      [
       116.34515456583662,
       39.97430568873083
      ],
      [
       116.34518147086727,
       39.97431566565292
      ],
      [
       116.34520951740913,
       39.97432356559104
      ],
      [
       116.3452384353564,
       39.97432931246377
      ],
      [
       116.34526794621092,
       39.97433285092498
      ],
      [
       116.34529776576423,
       39.97433414689702
      ],
      [
       116.34532760683483,
       39.9743331878988
      ],
      [
       116.34535718203398,
       39.97432998316611
      ],
      [
       116.3453862065335,
       39.974324563562504
      ],
      [
       116.34541440080899,
       39.97431698128226
      ],
      [
       116.34544149333185,
       39.97430730934754
      ],
      [
       116.34546722318433,
       39.974295640905204
      ],
      [
       116.34549134257247,
       39.97428208832969
      ],
      [
       116.34551361921248,
       39.974266782140774
      ],
      [
       116.3455338385677,
       39.97424986974652
      ],
      [
       116.34555180591498,
       39.974231514023636
      ],
      [
       116.34556734821966,
       39.97421189174886
      ],
      [
       116.34558031580222,
       39.9741911918964
      ],
      [
       116.34559058377953,
       39.97416961381808
      ],
      [
       116.34559805326757,
       39.97414736532327
      ],
      [
       116.34560265233362,
       39.974124660677745
      ],
      [
       116.34560433668898,
       39.974101718540005
      ],
      [
       116.34560309011528,
       39.97407875985552
      ]
     ]
    ]
   },
   "id": "PS-PT-013"
  },
  {
   "type": "Feature",
   "properties": {
    "id": "PS-PT-014",
    "layer": "PUBLIC_SPACE",
    "public_space_type": "todoor_point",
    "name_zh": "先行点014",
    "side": "E",
    "functions_zh": "人机共用取送、低速接驳上下客、无障碍缘石坡道接口、路权显示模块",
    "source_type": "agent_generated_design",
    "confidence": "low",
    "geometry_role": "design_proposal",
    "official_boundary": false,
    "area_sqm_declared": 2120.3
   },
   "geometry": {
    "type": "Polygon",
    "coordinates": [
     [
      [
       116.35000308890898,
       39.97407874833916
      ],
      [
       116.34999892195296,
       39.97405599435898
      ],
      [
       116.34999187622053,
       39.97403366418054
      ],
      [
       116.3499820195685,
       39.974011972855216
      ],
      [
       116.34996944692418,
       39.97399112928161
      ],
      [
       116.34995427937092,
       39.973971334193934
      ],
      [
       116.34993666298199,
       39.973952778228714
      ],
      [
       116.34991676741373,
       39.97393564008899
      ],
      [
       116.34989478427175,
       39.97392008482332
      ],
      [
       116.3498709252655,
       39.97390626223629
      ],
      [
       116.34984542016946,
       39.97389430544591
      ],
      [
       116.34981851461032,
       39.97388432960157
      ],
      [
       116.34979046770155,
       39.973876430775256
      ],
      [
       116.34976154954795,
       39.97387068503624
      ],
      [
       116.34973203864466,
       39.973867147718565
      ],
      [
       116.34970221919498,
       39.97386585288816
      ],
      [
       116.34967237837361,
       39.973866813014816
      ],
      [
       116.34964280356103,
       39.97387001885204
      ],
      [
       116.34961377957607,
       39.973875439526175
      ],
      [
       116.34958558593293,
       39.97388302283363
      ],
      [
       116.34955849414949,
       39.97389269574372
      ],
      [
       116.34953276513252,
       39.973904365101845
      ],
      [
       116.34950864666506,
       39.973917918526666
      ],
      [
       116.34948637102025,
       39.97393322549237
      ],
      [
       116.34946615272432,
       39.97395013858559
      ],
      [
       116.34944818649078,
       39.97396849492513
      ],
      [
       116.349432645345,
       39.97398811773046
      ],
      [
       116.34941967895809,
       39.974008818024245
      ],
      [
       116.3494094122052,
       39.974030396452235
      ],
      [
       116.34940194396299,
       39.97405264520311
      ],
      [
       116.34939734615732,
       39.974075350009784
      ],
      [
       116.3493956630703,
       39.974098292212936
      ],
      [
       116.34939691091391,
       39.97412125086674
      ],
      [
       116.34940107767363,
       39.974144004866744
      ],
      [
       116.34940812322417,
       39.97416633507922
      ],
      [
       116.3494179797156,
       39.974188026451515
      ],
      [
       116.34943055222683,
       39.97420887008317
      ],
      [
       116.34944571967966,
       39.97422866523777
      ],
      [
       116.34946333600463,
       39.974247221276244
      ],
      [
       116.34948323154788,
       39.97426435949268
      ],
      [
       116.34950521470473,
       39.97427991483562
      ],
      [
       116.34952907376521,
       39.974293737497504
      ],
      [
       116.3495545789527,
       39.97430569435742
      ],
      [
       116.34958148463706,
       39.9743156702633
      ],
      [
       116.34960953169997,
       39.97432356914082
      ],
      [
       116.34963845003065,
       39.97432931491876
      ],
      [
       116.34966796112728,
       39.97433285226153
      ],
      [
       116.34969778077907,
       39.974334147102276
      ],
      [
       116.34972762180351,
       39.97433318697079
      ],
      [
       116.34975719681233,
       39.97432998111373
      ],
      [
       116.34978622097925,
       39.97432456040557
      ],
      [
       116.34981441478297,
       39.97431697705115
      ],
      [
       116.34984150669948,
       39.97430730408302
      ],
      [
       116.3498672358169,
       39.974295634657956
      ],
      [
       116.34989135434832,
       39.974282081159885
      ],
      [
       116.34991363001814,
       39.97426677411746
      ],
      [
       116.34993384829917,
       39.97424986094697
      ],
      [
       116.3499518144785,
       39.97423150453259
      ],
      [
       116.3499673555328,
       39.97421188165774
      ],
      [
       116.34998032179455,
       39.97419118130237
      ],
      [
       116.3499905883933,
       39.97416960282318
      ],
      [
       116.34999805645836,
       39.97414735403339
      ],
      [
       116.35000265407074,
       39.97412464920162
      ],
      [
       116.35000433695568,
       39.974101706988144
      ],
      [
       116.35000308890898,
       39.97407874833916
      ]
     ]
    ]
   },
   "id": "PS-PT-014"
  },
  {
   "type": "Feature",
   "properties": {
    "id": "PS-PT-015",
    "layer": "PUBLIC_SPACE",
    "public_space_type": "todoor_point",
    "name_zh": "先行点015",
    "side": "W",
    "functions_zh": "人机共用取送、低速接驳上下客、无障碍缘石坡道接口、路权显示模块",
    "source_type": "agent_generated_design",
    "confidence": "low",
    "geometry_role": "design_proposal",
    "official_boundary": false,
    "area_sqm_declared": 2120.3
   },
   "geometry": {
    "type": "Polygon",
    "coordinates": [
     [
      [
       116.34560311399608,
       39.97947876006758
      ],
      [
       116.34559894819795,
       39.97945600595946
      ],
      [
       116.34559190337059,
       39.97943367554136
      ],
      [
       116.34558204736223,
       39.979411983866946
      ],
      [
       116.34556947509388,
       39.979391139838235
      ],
      [
       116.3455543076453,
       39.97937134419377
      ],
      [
       116.34553669108875,
       39.97935278757546
      ],
      [
       116.3455167950822,
       39.97933564869265
      ],
      [
       116.3454948112355,
       39.97932009260102
      ],
      [
       116.34547095126482,
       39.97930626911313
      ],
      [
       116.34544544495397,
       39.97929431135565
      ],
      [
       116.34541853794134,
       39.97928433448733
      ],
      [
       116.3453904893544,
       39.97927643458998
      ],
      [
       116.34536156931414,
       39.979270687743146
      ],
      [
       116.34533205633379,
       39.9792671492916
      ],
      [
       116.34530223463668,
       39.979265853312185
      ],
      [
       116.3452723914192,
       39.97926681228574
      ],
      [
       116.34524281408488,
       39.97927001697689
      ],
      [
       116.34521378747684,
       39.979275436523004
      ],
      [
       116.34518559113452,
       39.979283018731365
      ],
      [
       116.34515849660178,
       39.97929269058185
      ],
      [
       116.34513276481191,
       39.97930435893009
      ],
      [
       116.34510864357466,
       39.979317911404465
      ],
      [
       116.34508636518979,
       39.9793332174883
      ],
      [
       116.34506614420995,
       39.97935012977673
      ],
      [
       116.34504817537449,
       39.97936848539632
      ],
      [
       116.34503263173387,
       39.97938810757347
      ],
      [
       116.34501966298315,
       39.979408807336895
      ],
      [
       116.34500939402032,
       39.97943038533744
      ],
      [
       116.34500192374333,
       39.97945263376792
      ],
      [
       116.34499732409753,
       39.97947533836431
      ],
      [
       116.34499563938286,
       39.97949828046934
      ],
      [
       116.34499688582694,
       39.97952123913812
      ],
      [
       116.34500105142875,
       39.97954399326604
      ],
      [
       116.3450080960741,
       39.97956632371819
      ],
      [
       116.34501795192183,
       39.97958801543953
      ],
      [
       116.34503052405702,
       39.9796088595263
      ],
      [
       116.34504569140512,
       39.979628655237704
      ],
      [
       116.34506330789765,
       39.97964721192926
      ],
      [
       116.34508320387911,
       39.97966435088883
      ],
      [
       116.34510518774071,
       39.979679907057736
      ],
      [
       116.34512904776558,
       39.97969373062049
      ],
      [
       116.3451545541679,
       39.97970568844752
      ],
      [
       116.34518146130571,
       39.97971566537742
      ],
      [
       116.3452095100468,
       39.97972356532604
      ],
      [
       116.34523843026423,
       39.979729312211774
      ],
      [
       116.34526794343796,
       39.979732850688436
      ],
      [
       116.34529776533716,
       39.979734146678226
      ],
      [
       116.3453276087578,
       39.97973318769984
      ],
      [
       116.34535718628845,
       39.97972998298888
      ],
      [
       116.3453862130785,
       39.97972456340875
      ],
      [
       116.34541440958148,
       39.97971698115343
      ],
      [
       116.34544150424733,
       39.97970730924489
      ],
      [
       116.3454672361377,
       39.97969564082972
      ],
      [
       116.34549135743897,
       39.9796820882821
      ],
      [
       116.34551363584889,
       39.97966678212152
      ],
      [
       116.34553385681386,
       39.97964986975579
      ],
      [
       116.34555182559514,
       39.979631514061346
      ],
      [
       116.3455673691443,
       39.97961189181464
      ],
      [
       116.34558033776979,
       39.97959119198964
      ],
      [
       116.34559060657847,
       39.97956961393787
      ],
      [
       116.34559807667833,
       39.97954736546845
      ],
      [
       116.34560267613077,
       39.979524660846934
      ],
      [
       116.34560436064328,
       39.979501718731555
      ],
      [
       116.34560311399608,
       39.97947876006758
      ]
     ]
    ]
   },
   "id": "PS-PT-015"
  },
  {
   "type": "Feature",
   "properties": {
    "id": "PS-PT-016",
    "layer": "PUBLIC_SPACE",
    "public_space_type": "todoor_point",
    "name_zh": "先行点016",
    "side": "E",
    "functions_zh": "人机共用取送、低速接驳上下客、无障碍缘石坡道接口、路权显示模块",
    "source_type": "agent_generated_design",
    "confidence": "low",
    "geometry_role": "design_proposal",
    "official_boundary": false,
    "area_sqm_declared": 2120.3
   },
   "geometry": {
    "type": "Polygon",
    "coordinates": [
     [
      [
       116.35000311278952,
       39.97947874854996
      ],
      [
       116.34999894552973,
       39.97945599458827
      ],
      [
       116.34999189926644,
       39.97943366442612
      ],
      [
       116.34998204186164,
       39.979411973114715
      ],
      [
       116.34996946824985,
       39.979391129552546
      ],
      [
       116.34995429952376,
       39.9793713344737
      ],
      [
       116.34993668176789,
       39.9793527785146
      ],
      [
       116.34991678465181,
       39.97933564037824
      ],
      [
       116.34989479979598,
       39.979320085113166
      ],
      [
       116.34987093892637,
       39.97930626252393
      ],
      [
       116.34984543183542,
       39.97929430572856
      ],
      [
       116.34981852416904,
       39.97928432987654
      ],
      [
       116.34979047506096,
       39.97927643103988
      ],
      [
       116.3497615546372,
       39.97927068528795
      ],
      [
       116.34973204141468,
       39.97926714795496
      ],
      [
       116.34970221961913,
       39.97926585310694
      ],
      [
       116.34967237644783,
       39.97926681321387
      ],
      [
       116.34964279930385,
       39.979270019029485
      ],
      [
       116.34961377302848,
       39.97927543968028
      ],
      [
       116.34958557715798,
       39.97928302296291
      ],
      [
       116.34955848323169,
       39.97929269584692
      ],
      [
       116.34953275217701,
       39.979304365177974
      ],
      [
       116.34950863179664,
       39.979317918575006
      ],
      [
       116.34948635438205,
       39.97933322551243
      ],
      [
       116.34946613447661,
       39.9793501385772
      ],
      [
       116.34944816680927,
       39.97936849488835
      ],
      [
       116.34943262441925,
       39.97938811766565
      ],
      [
       116.34941965698958,
       39.97940881793204
      ],
      [
       116.34940938940554,
       39.97943039633352
      ],
      [
       116.34940192055174,
       39.97945264505903
      ],
      [
       116.34939732235992,
       39.97947534984173
      ],
      [
       116.34939563911597,
       39.9794982920225
      ],
      [
       116.34939688703331,
       39.979521250655786
      ],
      [
       116.34940105409677,
       39.9795440046373
      ],
      [
       116.34940810017807,
       39.97956633483347
      ],
      [
       116.34941795742225,
       39.979588026191855
      ],
      [
       116.34943053090093,
       39.97960886981208
      ],
      [
       116.34944569952657,
       39.97962866495789
      ],
      [
       116.34946331721845,
       39.97964722099025
      ],
      [
       116.34948321430952,
       39.97966435920333
      ],
      [
       116.34950519918021,
       39.979679914545706
      ],
      [
       116.34952906010408,
       39.979693737209786
      ],
      [
       116.34955456728652,
       39.9797056940747
      ],
      [
       116.34958147507814,
       39.9797156699883
      ],
      [
       116.3496095243404,
       39.979723568876196
      ],
      [
       116.34963844494133,
       39.979729314667026
      ],
      [
       116.3496679583572,
       39.97973285202513
      ],
      [
       116.34969778035487,
       39.97973414688348
      ],
      [
       116.34972762372935,
       39.9797331867717
      ],
      [
       116.34975720106962,
       39.97972998093627
      ],
      [
       116.34978622752699,
       39.97972456025145
      ],
      [
       116.3498144235581,
       39.979716976921836
      ],
      [
       116.3498415176175,
       39.97970730397976
      ],
      [
       116.34986724877265,
       39.97969563458175
      ],
      [
       116.34989136921702,
       39.97968208111148
      ],
      [
       116.34991364665665,
       39.97966677409731
      ],
      [
       116.34993386654716,
       39.97964986095527
      ],
      [
       116.34995183416028,
       39.97963150456925
      ],
      [
       116.3499673764588,
       39.979611881722406
      ],
      [
       116.34998034376322,
       39.97959118139444
      ],
      [
       116.34999061119312,
       39.97956960294172
      ],
      [
       116.34999807986972,
       39.97954735417732
      ],
      [
       116.35000267786818,
       39.979524649369516
      ],
      [
       116.35000436091,
       39.9795017071784
      ],
      [
       116.35000311278952,
       39.97947874854996
      ]
     ]
    ]
   },
   "id": "PS-PT-016"
  },
  {
   "type": "Feature",
   "properties": {
    "id": "PS-PT-017",
    "layer": "PUBLIC_SPACE",
    "public_space_type": "todoor_point",
    "name_zh": "先行点017",
    "side": "W",
    "functions_zh": "人机共用取送、低速接驳上下客、无障碍缘石坡道接口、路权显示模块",
    "source_type": "agent_generated_design",
    "confidence": "low",
    "geometry_role": "design_proposal",
    "official_boundary": false,
    "area_sqm_declared": 2120.3
   },
   "geometry": {
    "type": "Polygon",
    "coordinates": [
     [
      [
       116.34560313788334,
       39.98487876027966
      ],
      [
       116.3455989717816,
       39.984856006190014
      ],
      [
       116.34559192642355,
       39.98483367578819
      ],
      [
       116.34558206966247,
       39.98481198412766
      ],
      [
       116.34556949642665,
       39.98479114011032
      ],
      [
       116.34555432780513,
       39.984771344474616
      ],
      [
       116.3455367098815,
       39.984752787862355
      ],
      [
       116.34551681232695,
       39.984735648982834
      ],
      [
       116.34549482676609,
       39.984720092891685
      ],
      [
       116.34547096493174,
       39.9847062694015
      ],
      [
       116.34544545662557,
       39.98469431163894
      ],
      [
       116.34541854750525,
       39.984684334762804
      ],
      [
       116.34539049671851,
       39.98467643485497
      ],
      [
       116.3453615744075,
       39.984670687995134
      ],
      [
       116.34533205910735,
       39.98466714952815
      ],
      [
       116.3453022350638,
       39.98466585353099
      ],
      [
       116.3452723894957,
       39.98466681248471
      ],
      [
       116.34524280982933,
       39.98467001715411
      ],
      [
       116.34521378093018,
       39.98467543667677
      ],
      [
       116.3451855823598,
       39.98468301886018
      ],
      [
       116.34515848568353,
       39.9846926906845
      ],
      [
       116.34513275185527,
       39.98470435900554
      ],
      [
       116.34510862870438,
       39.98471791145202
      ],
      [
       116.3450863485491,
       39.9847332175075
      ],
      [
       116.3450661259591,
       39.98475012976737
      ],
      [
       116.34504815568923,
       39.98476848535853
      ],
      [
       116.34503261080378,
       39.98478810750756
      ],
      [
       116.34501964100981,
       39.98480880724353
      ],
      [
       116.34500937121534,
       39.984830385217535
      ],
      [
       116.3450019003263,
       39.984852633622594
      ],
      [
       116.34499730029401,
       39.984875338194996
      ],
      [
       116.34499561542206,
       39.98489828027766
      ],
      [
       116.34499686193963,
       39.984921238925914
      ],
      [
       116.34500102784496,
       39.984943993035365
      ],
      [
       116.34500807302098,
       39.98496632347125
      ],
      [
       116.34501792962138,
       39.984988015178715
      ],
      [
       116.34503050272403,
       39.985008859254116
      ],
      [
       116.34504567124502,
       39.98502865495678
      ],
      [
       116.34506328910459,
       39.9850472116423
      ],
      [
       116.34508318663413,
       39.985064350598584
      ],
      [
       116.34510517220983,
       39.98507990676703
      ],
      [
       116.3451290340984,
       39.985093730332096
      ],
      [
       116.34515454249606,
       39.98510568816421
      ],
      [
       116.34518145174161,
       39.98511566510195
      ],
      [
       116.34520950268255,
       39.98512356506104
      ],
      [
       116.34523842517076,
       39.9851293119598
      ],
      [
       116.34526794066431,
       39.985132850451926
      ],
      [
       116.34529776491006,
       39.98513414645943
      ],
      [
       116.34532761068134,
       39.985133187500885
      ],
      [
       116.3453571905441,
       39.985129982811685
      ],
      [
       116.34538621962531,
       39.985124563255
      ],
      [
       116.34541441835637,
       39.98511698102462
      ],
      [
       116.34544151516582,
       39.98510730914224
      ],
      [
       116.34546724909461,
       39.98509564075424
      ],
      [
       116.34549137230952,
       39.985082088234506
      ],
      [
       116.34551365248988,
       39.98506678210229
      ],
      [
       116.345533875065,
       39.98504986976509
      ],
      [
       116.34555184528065,
       39.98503151409908
      ],
      [
       116.34556739007462,
       39.985011891880454
      ],
      [
       116.34558035974335,
       39.984991192082894
      ],
      [
       116.34559062938364,
       39.98496961405766
      ],
      [
       116.34559810009547,
       39.984947365613635
      ],
      [
       116.34560269993435,
       39.98492466101611
      ],
      [
       116.3456043846041,
       39.98490171892311
      ],
      [
       116.34560313788334,
       39.98487876027966
      ]
     ]
    ]
   },
   "id": "PS-PT-017"
  },
  {
   "type": "Feature",
   "properties": {
    "id": "PS-PT-018",
    "layer": "PUBLIC_SPACE",
    "public_space_type": "todoor_point",
    "name_zh": "先行点018",
    "side": "E",
    "functions_zh": "人机共用取送、低速接驳上下客、无障碍缘石坡道接口、路权显示模块",
    "source_type": "agent_generated_design",
    "confidence": "low",
    "geometry_role": "design_proposal",
    "official_boundary": false,
    "area_sqm_declared": 2120.3
   },
   "geometry": {
    "type": "Polygon",
    "coordinates": [
     [
      [
       116.35000313667652,
       39.98487874876074
      ],
      [
       116.34999896911287,
       39.98485599481757
      ],
      [
       116.3499919223186,
       39.984833664671704
      ],
      [
       116.34998206416081,
       39.984811973374235
      ],
      [
       116.3499694895813,
       39.9847911298235
      ],
      [
       116.34995431968201,
       39.984771334753454
      ],
      [
       116.34993670055886,
       39.98475277880049
      ],
      [
       116.34991680189451,
       39.984735640667516
      ],
      [
       116.34989481532438,
       39.98472008540301
      ],
      [
       116.34987095259092,
       39.98470626281158
      ],
      [
       116.34984544350449,
       39.984694306011235
      ],
      [
       116.34981853373029,
       39.984684330151524
      ],
      [
       116.3497904824223,
       39.98467643130451
      ],
      [
       116.34976155972774,
       39.98467068553968
      ],
      [
       116.34973204418543,
       39.98466714819136
      ],
      [
       116.34970222004337,
       39.984665853325744
      ],
      [
       116.34967237452148,
       39.984666813412986
      ],
      [
       116.34964279504547,
       39.984670019206945
      ],
      [
       116.34961376647905,
       39.984675439834405
      ],
      [
       116.34958556838062,
       39.98468302309222
      ],
      [
       116.34955847231089,
       39.98469269595016
      ],
      [
       116.34953273921798,
       39.984704365254146
      ],
      [
       116.34950861692413,
       39.98471791862337
      ],
      [
       116.34948633773931,
       39.98473322553254
      ],
      [
       116.34946611622392,
       39.984750138568835
      ],
      [
       116.34944814712237,
       39.984768494851615
      ],
      [
       116.34943260348778,
       39.984788117600885
      ],
      [
       116.34941963501512,
       39.98480881783988
      ],
      [
       116.34940936659969,
       39.98483039621483
      ],
      [
       116.34940189713416,
       39.98485264491497
      ],
      [
       116.3493972985561,
       39.984875349673686
      ],
      [
       116.34939561515515,
       39.9848982918321
      ],
      [
       116.34939686314625,
       39.98492125044485
      ],
      [
       116.34940103051355,
       39.98494400440787
      ],
      [
       116.34940807712577,
       39.98496633458778
      ],
      [
       116.3494179351229,
       39.98498802593221
      ],
      [
       116.34943050956926,
       39.98500886954104
      ],
      [
       116.34944567936805,
       39.98502866467804
      ],
      [
       116.34946329842722,
       39.98504722070427
      ],
      [
       116.34948319706653,
       39.985064358913995
      ],
      [
       116.34950518365156,
       39.985079914255806
      ],
      [
       116.34952904643929,
       39.98509373692212
      ],
      [
       116.34955455561722,
       39.985105693792015
      ],
      [
       116.34958146551668,
       39.98511566971332
      ],
      [
       116.34960951697887,
       39.98512356861157
      ],
      [
       116.34963843985066,
       39.985129314415296
      ],
      [
       116.3496679555864,
       39.98513285178875
      ],
      [
       116.34969777993065,
       39.98513414666469
      ],
      [
       116.34972762565575,
       39.98513318657262
      ],
      [
       116.34975720532813,
       39.98512998075883
      ],
      [
       116.34978623407655,
       39.98512456009732
      ],
      [
       116.34981443233566,
       39.985116976792526
      ],
      [
       116.34984152853852,
       39.98510730387651
      ],
      [
       116.34986726173196,
       39.98509563450557
      ],
      [
       116.3498913840898,
       39.98508208106308
      ],
      [
       116.34991366329965,
       39.98506677407715
      ],
      [
       116.34993388480014,
       39.98504986096354
      ],
      [
       116.34995185384743,
       39.98503150460591
      ],
      [
       116.3499673973905,
       39.98501188178706
      ],
      [
       116.34998036573789,
       39.984991181486485
      ],
      [
       116.34999063399913,
       39.98496960306029
      ],
      [
       116.34999810328745,
       39.98494735432124
      ],
      [
       116.35000270167207,
       39.98492464953742
      ],
      [
       116.35000438487083,
       39.984901707368664
      ],
      [
       116.35000313667652,
       39.98487874876074
      ]
     ]
    ]
   },
   "id": "PS-PT-018"
  },
  {
   "type": "Feature",
   "properties": {
    "id": "PS-PT-019",
    "layer": "PUBLIC_SPACE",
    "public_space_type": "todoor_point",
    "name_zh": "先行点019",
    "side": "W",
    "functions_zh": "人机共用取送、低速接驳上下客、无障碍缘石坡道接口、路权显示模块",
    "source_type": "agent_generated_design",
    "confidence": "low",
    "geometry_role": "design_proposal",
    "official_boundary": false,
    "area_sqm_declared": 2120.3
   },
   "geometry": {
    "type": "Polygon",
    "coordinates": [
     [
      [
       116.34560316177706,
       39.99027876049172
      ],
      [
       116.34559899537167,
       39.99025600642055
      ],
      [
       116.34559194948275,
       39.990233676035
      ],
      [
       116.34558209196874,
       39.99021198438834
      ],
      [
       116.34556951776517,
       39.99019114038239
      ],
      [
       116.3455543479704,
       39.99017134475544
      ],
      [
       116.34553672867935,
       39.99015278814924
      ],
      [
       116.34551682957628,
       39.99013564927299
      ],
      [
       116.34549484230087,
       39.990120093182355
      ],
      [
       116.3454709786023,
       39.99010626968985
      ],
      [
       116.34544546830028,
       39.99009431192221
      ],
      [
       116.3454185570717,
       39.99008433503826
      ],
      [
       116.34539050408453,
       39.99007643511997
      ],
      [
       116.3453615795022,
       39.99007068824712
      ],
      [
       116.34533206188166,
       39.99006714976468
      ],
      [
       116.34530223549098,
       39.9900658537498
      ],
      [
       116.34527238757165,
       39.990066812683686
      ],
      [
       116.34524280557257,
       39.990070017331334
      ],
      [
       116.3452137743817,
       39.99007543683052
      ],
      [
       116.34518557358267,
       39.990083018989004
      ],
      [
       116.34515847476229,
       39.99009269078712
      ],
      [
       116.34513273889506,
       39.990104359081
      ],
      [
       116.34510861383004,
       39.99011791149958
      ],
      [
       116.34508633190386,
       39.990133217526676
      ],
      [
       116.34506610770327,
       39.99015012975804
      ],
      [
       116.34504813599861,
       39.990168485320716
      ],
      [
       116.345032589868,
       39.990188107441675
      ],
      [
       116.34501961903048,
       39.990208807150175
      ],
      [
       116.34500934840415,
       39.99023038509762
      ],
      [
       116.34500187690291,
       39.99025263347729
      ],
      [
       116.34499727648402,
       39.99027533802568
      ],
      [
       116.34499559145478,
       39.99029828008598
      ],
      [
       116.34499683804586,
       39.99032123871372
      ],
      [
       116.34500100425481,
       39.99034399280468
      ],
      [
       116.34500804996162,
       39.9903663232243
      ],
      [
       116.34501790731493,
       39.9903880149179
      ],
      [
       116.34503048138528,
       39.99040885898194
      ],
      [
       116.34504565107949,
       39.99042865467585
      ],
      [
       116.3450632703065,
       39.99044721135533
      ],
      [
       116.34508316938447,
       39.99046435030834
      ],
      [
       116.34510515667478,
       39.990479906476295
      ],
      [
       116.34512902042758,
       39.99049373004369
      ],
      [
       116.34515453082108,
       39.99050568788092
      ],
      [
       116.34518144217495,
       39.99051566482647
      ],
      [
       116.34520949531635,
       39.99052356479603
      ],
      [
       116.34523842007594,
       39.99052931170782
      ],
      [
       116.34526793788996,
       39.990532850215395
      ],
      [
       116.34529776448288,
       39.99053414624062
      ],
      [
       116.34532761260544,
       39.990533187301914
      ],
      [
       116.34535719480098,
       39.99052998263446
      ],
      [
       116.34538622617394,
       39.990524563101225
      ],
      [
       116.34541442713368,
       39.99051698089578
      ],
      [
       116.34544152608728,
       39.99050730903959
      ],
      [
       116.34546726205507,
       39.99049564067874
      ],
      [
       116.34549138718414,
       39.990482088186894
      ],
      [
       116.34551366913539,
       39.990466782083004
      ],
      [
       116.3455338933211,
       39.990449869774345
      ],
      [
       116.34555186497154,
       39.99043151413677
      ],
      [
       116.34556741101063,
       39.99041189194623
      ],
      [
       116.34558038172287,
       39.990391192176105
      ],
      [
       116.34559065219499,
       39.99036961417741
      ],
      [
       116.34559812351897,
       39.9903473657588
      ],
      [
       116.34560272374438,
       39.99032466118528
      ],
      [
       116.34560440857139,
       39.99030171911463
      ],
      [
       116.34560316177706,
       39.99027876049172
      ]
     ]
    ]
   },
   "id": "PS-PT-019"
  },
  {
   "type": "Feature",
   "properties": {
    "id": "PS-PT-020",
    "layer": "PUBLIC_SPACE",
    "public_space_type": "todoor_point",
    "name_zh": "先行点020",
    "side": "E",
    "functions_zh": "人机共用取送、低速接驳上下客、无障碍缘石坡道接口、路权显示模块",
    "source_type": "agent_generated_design",
    "confidence": "low",
    "geometry_role": "design_proposal",
    "official_boundary": false,
    "area_sqm_declared": 2120.3
   },
   "geometry": {
    "type": "Polygon",
    "coordinates": [
     [
      [
       116.35000316057,
       39.99027874897153
      ],
      [
       116.3499989927024,
       39.99025599504683
      ],
      [
       116.34999194537698,
       39.99023366491729
      ],
      [
       116.34998208646601,
       39.990211973633734
      ],
      [
       116.34996951091847,
       39.99019113009443
      ],
      [
       116.34995433984571,
       39.99017133503322
      ],
      [
       116.34993671935487,
       39.99015277908637
      ],
      [
       116.34991681914184,
       39.99013564095677
      ],
      [
       116.34989483085694,
       39.990120085692865
      ],
      [
       116.34987096625912,
       39.990106263099214
      ],
      [
       116.3498454551767,
       39.990094306293905
      ],
      [
       116.34981854329409,
       39.99008433042648
      ],
      [
       116.3497904897856,
       39.99007643156913
      ],
      [
       116.34976156481963,
       39.99007068579142
      ],
      [
       116.34973204695687,
       39.990067148427755
      ],
      [
       116.34970222046769,
       39.99006585354455
      ],
      [
       116.34967237259454,
       39.990066813612074
      ],
      [
       116.3496427907859,
       39.99007001938442
      ],
      [
       116.34961375992783,
       39.99007543998854
      ],
      [
       116.34958555960084,
       39.99008302322152
      ],
      [
       116.3495584613871,
       39.99009269605339
      ],
      [
       116.34953272625536,
       39.99010436533032
      ],
      [
       116.34950860204755,
       39.99011791867175
      ],
      [
       116.34948632109203,
       39.99013322555265
      ],
      [
       116.34946609796624,
       39.99015013856049
      ],
      [
       116.34944812743016,
       39.99016849481488
      ],
      [
       116.34943258255063,
       39.99018811753613
      ],
      [
       116.3494196130347,
       39.99020881774772
      ],
      [
       116.34940934378766,
       39.990230396096166
      ],
      [
       116.34940187371019,
       39.99025264477092
      ],
      [
       116.3493972747458,
       39.990275349505666
      ],
      [
       116.34939559118783,
       39.99029829164172
      ],
      [
       116.34939683925273,
       39.990321250233926
      ],
      [
       116.34940100692393,
       39.99034400417845
      ],
      [
       116.34940805406725,
       39.99036633434207
      ],
      [
       116.34941791281751,
       39.990388025672594
      ],
      [
       116.34943048823186,
       39.99040886926999
      ],
      [
       116.3494456592041,
       39.99042866439818
      ],
      [
       116.34946327963091,
       39.9904472204183
      ],
      [
       116.3494831798189,
       39.99046435862468
      ],
      [
       116.34950516811871,
       39.99047991396589
      ],
      [
       116.34952903277082,
       39.99049373663442
      ],
      [
       116.34955454394475,
       39.99050569350931
      ],
      [
       116.34958145595267,
       39.99051566943834
      ],
      [
       116.3496095096154,
       39.99052356834692
      ],
      [
       116.34963843475866,
       39.99052931416357
      ],
      [
       116.3496679528149,
       39.99053285155234
      ],
      [
       116.34969777950633,
       39.99053414644588
      ],
      [
       116.34972762758271,
       39.99053318637352
      ],
      [
       116.3497572095878,
       39.99052998058134
      ],
      [
       116.34978624062792,
       39.99052455994317
      ],
      [
       116.34981444111565,
       39.9905169766632
      ],
      [
       116.34984153946256,
       39.99050730377324
      ],
      [
       116.34986727469482,
       39.990495634429344
      ],
      [
       116.34989139896666,
       39.99048208101463
      ],
      [
       116.34991367994719,
       39.99046677405697
      ],
      [
       116.3499339030581,
       39.99044986097181
      ],
      [
       116.34995187353991,
       39.99043150464253
      ],
      [
       116.34996741832788,
       39.9904118818517
      ],
      [
       116.34998038771853,
       39.990391181578524
      ],
      [
       116.34999065681131,
       39.99036960317885
      ],
      [
       116.3499981267115,
       39.990347354465136
      ],
      [
       116.35000272548241,
       39.99032464970529
      ],
      [
       116.35000440883815,
       39.9903017075589
      ],
      [
       116.35000316057,
       39.99027874897153
      ]
     ]
    ]
   },
   "id": "PS-PT-020"
  },
  {
   "type": "Feature",
   "properties": {
    "id": "PS-PT-021",
    "layer": "PUBLIC_SPACE",
    "public_space_type": "todoor_point",
    "name_zh": "先行点021",
    "side": "W",
    "functions_zh": "人机共用取送、低速接驳上下客、无障碍缘石坡道接口、路权显示模块",
    "source_type": "agent_generated_design",
    "confidence": "low",
    "geometry_role": "design_proposal",
    "official_boundary": false,
    "area_sqm_declared": 2120.3
   },
   "geometry": {
    "type": "Polygon",
    "coordinates": [
     [
      [
       116.34560318567728,
       39.99567876070376
      ],
      [
       116.3455990189681,
       39.99565600665108
      ],
      [
       116.34559197254819,
       39.99563367628177
      ],
      [
       116.34558211428102,
       39.99561198464903
      ],
      [
       116.34556953910943,
       39.99559114065444
      ],
      [
       116.34555436814114,
       39.99557134503626
      ],
      [
       116.34553674748223,
       39.99555278843611
      ],
      [
       116.3455168468303,
       39.99553564956315
      ],
      [
       116.34549485783978,
       39.99552009347301
      ],
      [
       116.34547099227652,
       39.995506269978215
      ],
      [
       116.34544547997814,
       39.99549431220549
      ],
      [
       116.34541856664069,
       39.99548433531374
      ],
      [
       116.34539051145254,
       39.995476435384965
      ],
      [
       116.34536158459824,
       39.995470688499104
      ],
      [
       116.34533206465666,
       39.99546715000122
      ],
      [
       116.34530223591821,
       39.99546585396861
      ],
      [
       116.34527238564704,
       39.99546681288267
      ],
      [
       116.3452428013146,
       39.99547001750856
      ],
      [
       116.34521376783141,
       39.99547543698429
      ],
      [
       116.34518556480312,
       39.995483019117835
      ],
      [
       116.34515846383803,
       39.99549269088977
      ],
      [
       116.34513272593131,
       39.99550435915647
      ],
      [
       116.34510859895164,
       39.995517911547154
      ],
      [
       116.34508631525408,
       39.995533217545905
      ],
      [
       116.34506608944245,
       39.99555012974871
      ],
      [
       116.34504811630264,
       39.99556848528293
      ],
      [
       116.34503256892654,
       39.9955881073758
      ],
      [
       116.34501959704521,
       39.99560880705686
      ],
      [
       116.34500932558677,
       39.99563038497772
      ],
      [
       116.34500185347319,
       39.99565263333201
      ],
      [
       116.3449972526676,
       39.9956753378564
      ],
      [
       116.34499556748099,
       39.99569827989431
      ],
      [
       116.34499681414562,
       39.995721238501524
      ],
      [
       116.34500098065827,
       39.99574399257402
      ],
      [
       116.34500802689607,
       39.995766322977374
      ],
      [
       116.34501788500245,
       39.9957880146571
      ],
      [
       116.34503046004077,
       39.99580885870977
      ],
      [
       116.3450456309085,
       39.995828654394934
      ],
      [
       116.34506325150333,
       39.995847211068366
      ],
      [
       116.34508315213021,
       39.99586435001811
      ],
      [
       116.34510514113559,
       39.99587990618558
      ],
      [
       116.3451290067531,
       39.99589372975529
      ],
      [
       116.345154519143,
       39.9959056875976
      ],
      [
       116.34518143260576,
       39.995915664550985
      ],
      [
       116.34520948794821,
       39.995923564531005
      ],
      [
       116.3452384149798,
       39.99592931145583
      ],
      [
       116.34526793511489,
       39.99593284997886
      ],
      [
       116.34529776405564,
       39.99593414602181
      ],
      [
       116.34532761453012,
       39.99593318710294
      ],
      [
       116.34535719905904,
       39.995929982457234
      ],
      [
       116.34538623272438,
       39.99592456294745
      ],
      [
       116.34541443591344,
       39.995916980766935
      ],
      [
       116.34544153701178,
       39.995907308936914
      ],
      [
       116.34546727501908,
       39.99589564060323
      ],
      [
       116.34549140206282,
       39.99588208813926
      ],
      [
       116.34551368578546,
       39.99586678206372
      ],
      [
       116.3455339115822,
       39.99584986978358
      ],
      [
       116.34555188466778,
       39.99583151417446
      ],
      [
       116.34556743195235,
       39.99581189201199
      ],
      [
       116.34558040370835,
       39.995791192269316
      ],
      [
       116.34559067501252,
       39.995769614297174
      ],
      [
       116.34559814694879,
       39.995747365903945
      ],
      [
       116.34560274756089,
       39.99572466135442
      ],
      [
       116.34560443254517,
       39.99570171930614
      ],
      [
       116.34560318567728,
       39.99567876070376
      ]
     ]
    ]
   },
   "id": "PS-PT-021"
  },
  {
   "type": "Feature",
   "properties": {
    "id": "PS-PT-022",
    "layer": "PUBLIC_SPACE",
    "public_space_type": "todoor_point",
    "name_zh": "先行点022",
    "side": "E",
    "functions_zh": "人机共用取送、低速接驳上下客、无障碍缘石坡道接口、路权显示模块",
    "source_type": "agent_generated_design",
    "confidence": "low",
    "geometry_role": "design_proposal",
    "official_boundary": false,
    "area_sqm_declared": 2120.3
   },
   "geometry": {
    "type": "Polygon",
    "coordinates": [
     [
      [
       116.35000318446993,
       39.995678749182275
      ],
      [
       116.3499990162983,
       39.99565599527609
      ],
      [
       116.3499919684416,
       39.99563366516283
      ],
      [
       116.34998210877723,
       39.995611973893205
      ],
      [
       116.34996953226141,
       39.995591130365334
      ],
      [
       116.34995436001483,
       39.99557133531293
      ],
      [
       116.34993673815598,
       39.99555277937223
      ],
      [
       116.34991683639383,
       39.99553564124601
      ],
      [
       116.34989484639367,
       39.99552008598269
      ],
      [
       116.34987097993097,
       39.99550626338685
      ],
      [
       116.34984546685203,
       39.99549430657656
      ],
      [
       116.34981855286043,
       39.995484330701444
      ],
      [
       116.34979049715085,
       39.99547643183376
      ],
      [
       116.34976156991287,
       39.99547068604314
      ],
      [
       116.34973204972901,
       39.99546714866416
      ],
      [
       116.34970222089204,
       39.995465853763356
      ],
      [
       116.34967237066708,
       39.99546681381117
      ],
      [
       116.3496427865251,
       39.99547001956189
      ],
      [
       116.3496137533748,
       39.99547544014267
      ],
      [
       116.34958555081862,
       39.995483023350836
      ],
      [
       116.34955845046032,
       39.99549269615665
      ],
      [
       116.34953271328924,
       39.9955043654065
      ],
      [
       116.34950858716691,
       39.99551791872012
      ],
      [
       116.34948630444022,
       39.99553322557276
      ],
      [
       116.34946607970359,
       39.99555013855213
      ],
      [
       116.34944810773258,
       39.99556849477815
      ],
      [
       116.3494325616078,
       39.99558811747138
      ],
      [
       116.34941959104829,
       39.99560881765556
      ],
      [
       116.34940932096941,
       39.99563039597749
      ],
      [
       116.34940185027989,
       39.995652644626894
      ],
      [
       116.34939725092907,
       39.99567534933764
      ],
      [
       116.34939556721403,
       39.995698291451326
      ],
      [
       116.34939681535275,
       39.99572125002301
      ],
      [
       116.34940098332793,
       39.995744003949035
      ],
      [
       116.34940803100248,
       39.99576633409636
      ],
      [
       116.3494178905061,
       39.99578802541297
      ],
      [
       116.34943046688869,
       39.99580886899895
      ],
      [
       116.34944563903471,
       39.995828664118314
      ],
      [
       116.34946326082955,
       39.995847220132326
      ],
      [
       116.34948316256666,
       39.99586435833533
      ],
      [
       116.34950515258173,
       39.995879913675985
      ],
      [
       116.34952901909871,
       39.99589373634674
      ],
      [
       116.34955453226922,
       39.9959056932266
      ],
      [
       116.34958144638613,
       39.995915669163324
      ],
      [
       116.34960950225,
       39.99592356808228
      ],
      [
       116.34963842966532,
       39.995929313911816
      ],
      [
       116.3496679500427,
       39.995932851315914
      ],
      [
       116.34969777908195,
       39.99593414622706
      ],
      [
       116.34972762951024,
       39.995933186174405
      ],
      [
       116.34975721384869,
       39.995929980403844
      ],
      [
       116.34978624718114,
       39.995924559789
      ],
      [
       116.34981444989805,
       39.99591697653385
      ],
      [
       116.34984155038957,
       39.99590730366995
      ],
      [
       116.34986728766123,
       39.995895634353104
      ],
      [
       116.34989141384756,
       39.995882080966176
      ],
      [
       116.34991369659932,
       39.99586677403676
      ],
      [
       116.349933921321,
       39.99584986098005
      ],
      [
       116.34995189323776,
       39.995831504679124
      ],
      [
       116.34996743927097,
       39.995811881916325
      ],
      [
       116.34998040970515,
       39.995791181670526
      ],
      [
       116.3499906796297,
       39.99576960329734
      ],
      [
       116.34999815014193,
       39.995747354609016
      ],
      [
       116.35000274929922,
       39.99572464987315
      ],
      [
       116.35000443281194,
       39.99570170774911
      ],
      [
       116.35000318446993,
       39.995678749182275
      ]
     ]
    ]
   },
   "id": "PS-PT-022"
  },
  {
   "type": "Feature",
   "properties": {
    "id": "PS-PT-023",
    "layer": "PUBLIC_SPACE",
    "public_space_type": "todoor_point",
    "name_zh": "先行点023",
    "side": "W",
    "functions_zh": "人机共用取送、低速接驳上下客、无障碍缘石坡道接口、路权显示模块",
    "source_type": "agent_generated_design",
    "confidence": "low",
    "geometry_role": "design_proposal",
    "official_boundary": false,
    "area_sqm_declared": 2120.3
   },
   "geometry": {
    "type": "Polygon",
    "coordinates": [
     [
      [
       116.34560320958393,
       40.00107876091579
      ],
      [
       116.3455990425709,
       40.00105600688159
      ],
      [
       116.34559199561983,
       40.00103367652854
      ],
      [
       116.34558213659933,
       40.001011984909695
      ],
      [
       116.34556956045945,
       40.000991140926494
      ],
      [
       116.34555438831727,
       40.00097134531706
      ],
      [
       116.3455367662902,
       40.00095278872297
      ],
      [
       116.34551686408892,
       40.00093564985331
      ],
      [
       116.34549487338289,
       40.000920093763675
      ],
      [
       116.34547100595442,
       40.00090627026656
      ],
      [
       116.34544549165909,
       40.00089431248877
      ],
      [
       116.34541857621223,
       40.000884335589205
      ],
      [
       116.34539051882247,
       40.00087643564998
      ],
      [
       116.3453615896956,
       40.00087068875109
      ],
      [
       116.34533206743237,
       40.00086715023778
      ],
      [
       116.34530223634553,
       40.00086585418743
      ],
      [
       116.34527238372183,
       40.00086681308167
      ],
      [
       116.34524279705543,
       40.00087001768581
      ],
      [
       116.3452137612793,
       40.00087543713808
      ],
      [
       116.34518555602115,
       40.000883019246686
      ],
      [
       116.34515845291078,
       40.00089269099243
      ],
      [
       116.345132712964,
       40.000904359231974
      ],
      [
       116.34510858406915,
       40.00091791159475
      ],
      [
       116.34508629859975,
       40.00093321756513
      ],
      [
       116.34506607117669,
       40.00095012973941
      ],
      [
       116.3450480966013,
       40.000968485245174
      ],
      [
       116.34503254797939,
       40.00098810730995
      ],
      [
       116.34501957505394,
       40.00100880696354
      ],
      [
       116.3450093027632,
       40.00103038485786
      ],
      [
       116.3450018300371,
       40.001052633186724
      ],
      [
       116.3449972288447,
       40.001075337687126
      ],
      [
       116.34499554350072,
       40.00109827970267
      ],
      [
       116.34499679023888,
       40.00112123828936
      ],
      [
       116.34500095705536,
       40.00114399234337
      ],
      [
       116.34500800382425,
       40.00116632273047
      ],
      [
       116.34501786268393,
       40.00118801439631
      ],
      [
       116.34503043869053,
       40.00120885843762
      ],
      [
       116.34504561073211,
       40.00122865411404
      ],
      [
       116.34506323269511,
       40.00124721078143
      ],
      [
       116.3450831348713,
       40.00126434972788
      ],
      [
       116.34510512559218,
       40.00127990589487
      ],
      [
       116.34512899307494,
       40.0012937294669
      ],
      [
       116.34515450746181,
       40.001305687314314
      ],
      [
       116.34518142303402,
       40.00131566427551
      ],
      [
       116.3452094805781,
       40.001323564266
      ],
      [
       116.34523840988231,
       40.00132931120384
      ],
      [
       116.34526793233913,
       40.001332849742326
      ],
      [
       116.34529776362832,
       40.001334145803
      ],
      [
       116.34532761645538,
       40.001333186903956
      ],
      [
       116.34535720331831,
       40.001329982279984
      ],
      [
       116.34538623927665,
       40.001324562793656
      ],
      [
       116.3454144446956,
       40.00131698063809
      ],
      [
       116.34544154793925,
       40.00130730883423
      ],
      [
       116.34546728798664,
       40.0012956405277
      ],
      [
       116.34549141694555,
       40.00128208809162
      ],
      [
       116.34551370244004,
       40.00126678204442
      ],
      [
       116.34553392984824,
       40.0012498697928
      ],
      [
       116.34555190436939,
       40.00123151421214
      ],
      [
       116.34556745289973,
       40.00121189207774
      ],
      [
       116.34558042569981,
       40.001191192362505
      ],
      [
       116.34559069783624,
       40.0011696144169
      ],
      [
       116.345598170385,
       40.00114736604908
      ],
      [
       116.34560277138385,
       40.00112466152356
      ],
      [
       116.34560445652545,
       40.00110171949764
      ],
      [
       116.34560320958393,
       40.00107876091579
      ]
     ]
    ]
   },
   "id": "PS-PT-023"
  },
  {
   "type": "Feature",
   "properties": {
    "id": "PS-PT-024",
    "layer": "PUBLIC_SPACE",
    "public_space_type": "todoor_point",
    "name_zh": "先行点024",
    "side": "E",
    "functions_zh": "人机共用取送、低速接驳上下客、无障碍缘石坡道接口、路权显示模块",
    "source_type": "agent_generated_design",
    "confidence": "low",
    "geometry_role": "design_proposal",
    "official_boundary": false,
    "area_sqm_declared": 2120.3
   },
   "geometry": {
    "type": "Polygon",
    "coordinates": [
     [
      [
       116.35000320837634,
       40.00107874939301
      ],
      [
       116.34999903990055,
       40.00105599550533
      ],
      [
       116.34999199151245,
       40.00103366540838
      ],
      [
       116.34998213109445,
       40.00101197415269
      ],
      [
       116.34996955361011,
       40.00099113063625
      ],
      [
       116.34995438018942,
       40.000971335592695
      ],
      [
       116.34993675696211,
       40.0009527796581
      ],
      [
       116.34991685365046,
       40.00093564153526
      ],
      [
       116.34989486193457,
       40.00092008627253
      ],
      [
       116.34987099360649,
       40.00090626367449
      ],
      [
       116.34984547853047,
       40.00089430685923
      ],
      [
       116.34981856242935,
       40.00088433097642
      ],
      [
       116.34979050451805,
       40.00087643209838
      ],
      [
       116.3497615750074,
       40.00087068629488
      ],
      [
       116.34973205250188,
       40.00086714890059
      ],
      [
       116.34970222131649,
       40.000865853982184
      ],
      [
       116.349672368739,
       40.000866814010294
      ],
      [
       116.34964278226312,
       40.00087001973939
      ],
      [
       116.34961374681993,
       40.00087544029683
      ],
      [
       116.34958554203399,
       40.00088302348018
      ],
      [
       116.34955843953051,
       40.00089269625992
      ],
      [
       116.34953270031951,
       40.00090436548271
      ],
      [
       116.34950857228222,
       40.00091791876855
      ],
      [
       116.34948628778386,
       40.00093322559291
      ],
      [
       116.34946606143599,
       40.00095013854383
      ],
      [
       116.34944808802963,
       40.000968494741464
      ],
      [
       116.34943254065927,
       40.00098811740666
      ],
      [
       116.34941956905593,
       40.001008817563445
      ],
      [
       116.34940929814499,
       40.00103039585886
      ],
      [
       116.34940182684323,
       40.001052644482876
      ],
      [
       116.34939722710587,
       40.001075349169646
      ],
      [
       116.34939554323374,
       40.00109829126097
      ],
      [
       116.3493967914463,
       40.00112124981213
      ],
      [
       116.34940095972554,
       40.001144003719645
      ],
      [
       116.34940800793147,
       40.00116633385069
      ],
      [
       116.34941786818868,
       40.00118802515336
      ],
      [
       116.34943044553975,
       40.00120886872792
      ],
      [
       116.34944561885987,
       40.00122866383848
      ],
      [
       116.34946324202313,
       40.00124721984638
      ],
      [
       116.34948314530975,
       40.00126435804603
      ],
      [
       116.34950513704055,
       40.001279913386085
      ],
      [
       116.34952900542294,
       40.00129373605905
      ],
      [
       116.34955452059053,
       40.00130569294391
      ],
      [
       116.34958143681703,
       40.00131566888834
      ],
      [
       116.34960949488266,
       40.00132356781764
      ],
      [
       116.34963842457066,
       40.00132931366008
      ],
      [
       116.3496679472698,
       40.0013328510795
      ],
      [
       116.3496977786575,
       40.001334146008254
      ],
      [
       116.34972763143836,
       40.001333185975284
      ],
      [
       116.34975721811078,
       40.00132998022635
      ],
      [
       116.34978625373616,
       40.00132455963484
      ],
      [
       116.34981445868287,
       40.0013169764045
      ],
      [
       116.34984156131961,
       40.00130730356665
      ],
      [
       116.34986730063119,
       40.00129563427686
      ],
      [
       116.34989142873255,
       40.00128208091772
      ],
      [
       116.34991371325596,
       40.00126677401656
      ],
      [
       116.34993393958891,
       40.001249860988274
      ],
      [
       116.34995191294097,
       40.00123150471573
      ],
      [
       116.34996746021973,
       40.00121188198093
      ],
      [
       116.34998043169772,
       40.00119118176253
      ],
      [
       116.3499907024543,
       40.001169603415846
      ],
      [
       116.3499981735787,
       40.00114735475289
      ],
      [
       116.35000277312245,
       40.00112465004099
      ],
      [
       116.35000445679226,
       40.001101707939334
      ],
      [
       116.35000320837634,
       40.00107874939301
      ]
     ]
    ]
   },
   "id": "PS-PT-024"
  },
  {
   "type": "Feature",
   "properties": {
    "id": "PS-PT-025",
    "layer": "PUBLIC_SPACE",
    "public_space_type": "todoor_point",
    "name_zh": "先行点025",
    "side": "W",
    "functions_zh": "人机共用取送、低速接驳上下客、无障碍缘石坡道接口、路权显示模块",
    "source_type": "agent_generated_design",
    "confidence": "low",
    "geometry_role": "design_proposal",
    "official_boundary": false,
    "area_sqm_declared": 2120.3
   },
   "geometry": {
    "type": "Polygon",
    "coordinates": [
     [
      [
       116.34560323349707,
       40.00647876112781
      ],
      [
       116.34559906618011,
       40.00645600711209
      ],
      [
       116.34559201869773,
       40.00643367677531
      ],
      [
       116.34558215892366,
       40.00641198517035
      ],
      [
       116.34556958181525,
       40.00639114119854
      ],
      [
       116.34555440849886,
       40.00637134559786
      ],
      [
       116.3455367851032,
       40.006352789009824
      ],
      [
       116.34551688135218,
       40.00633565014346
      ],
      [
       116.34549488893016,
       40.006320094054324
      ],
      [
       116.34547101963598,
       40.006306270554916
      ],
      [
       116.34544550334317,
       40.00629431277204
      ],
      [
       116.3454185857863,
       40.00628433586468
      ],
      [
       116.34539052619435,
       40.006276435914984
      ],
      [
       116.3453615947943,
       40.00627068900309
      ],
      [
       116.34533207020877,
       40.00626715047432
      ],
      [
       116.3453022367729,
       40.00626585440628
      ],
      [
       116.34527238179605,
       40.006266813280675
      ],
      [
       116.34524279279506,
       40.00627001786307
      ],
      [
       116.34521375472534,
       40.00627543729188
      ],
      [
       116.34518554723675,
       40.00628301937554
      ],
      [
       116.34515844198052,
       40.00629269109511
      ],
      [
       116.34513269999317,
       40.00630435930748
      ],
      [
       116.34510856918264,
       40.00631791164236
      ],
      [
       116.34508628194091,
       40.00633321758439
      ],
      [
       116.34506605290592,
       40.006350129730116
      ],
      [
       116.34504807689459,
       40.006368485207425
      ],
      [
       116.34503252702652,
       40.00638810724411
      ],
      [
       116.34501955305672,
       40.00640880687026
      ],
      [
       116.34500927993344,
       40.006430384738024
      ],
      [
       116.34500180659467,
       40.006452633041484
      ],
      [
       116.34499720501535,
       40.00647533751788
      ],
      [
       116.34499551951396,
       40.00649827951105
      ],
      [
       116.34499676632572,
       40.00652123807721
      ],
      [
       116.34500093344607,
       40.006543992112746
      ],
      [
       116.34500798074619,
       40.00656632248358
      ],
      [
       116.34501784035939,
       40.00658801413554
      ],
      [
       116.3450304173345,
       40.00660885816547
      ],
      [
       116.34504559055027,
       40.00662865383314
      ],
      [
       116.34506321388183,
       40.00664721049449
      ],
      [
       116.34508311760774,
       40.00666434943766
      ],
      [
       116.34510511004464,
       40.00667990560418
      ],
      [
       116.3451289793931,
       40.00669372917851
      ],
      [
       116.34515449577749,
       40.006705687031015
      ],
      [
       116.34518141345974,
       40.006715664000026
      ],
      [
       116.34520947320605,
       40.006723564001
      ],
      [
       116.34523840478352,
       40.00672931095186
      ],
      [
       116.34526792956265,
       40.00673284950577
      ],
      [
       116.34529776320093,
       40.00673414558418
      ],
      [
       116.34532761838119,
       40.006733186704956
      ],
      [
       116.34535720757877,
       40.00672998210273
      ],
      [
       116.34538624583074,
       40.00672456263987
      ],
      [
       116.34541445348017,
       40.00671698050921
      ],
      [
       116.34544155886974,
       40.00670730873153
      ],
      [
       116.34546730095772,
       40.00669564045216
      ],
      [
       116.34549143183239,
       40.00668208804396
      ],
      [
       116.3455137190992,
       40.00666678202511
      ],
      [
       116.3455339481193,
       40.006649869802025
      ],
      [
       116.34555192407633,
       40.00663151424979
      ],
      [
       116.34556747385284,
       40.00661189214347
      ],
      [
       116.34558044769726,
       40.0065911924557
      ],
      [
       116.34559072066617,
       40.00656961453663
      ],
      [
       116.34559819382754,
       40.00654736619421
      ],
      [
       116.34560279521325,
       40.00652466169267
      ],
      [
       116.34560448051224,
       40.00650171968914
      ],
      [
       116.34560323349707,
       40.00647876112781
      ]
     ]
    ]
   },
   "id": "PS-PT-025"
  },
  {
   "type": "Feature",
   "properties": {
    "id": "PS-PT-026",
    "layer": "PUBLIC_SPACE",
    "public_space_type": "todoor_point",
    "name_zh": "先行点026",
    "side": "E",
    "functions_zh": "人机共用取送、低速接驳上下客、无障碍缘石坡道接口、路权显示模块",
    "source_type": "agent_generated_design",
    "confidence": "low",
    "geometry_role": "design_proposal",
    "official_boundary": false,
    "area_sqm_declared": 2120.3
   },
   "geometry": {
    "type": "Polygon",
    "coordinates": [
     [
      [
       116.35000323228921,
       40.00647874960375
      ],
      [
       116.34999906350923,
       40.00645599573458
      ],
      [
       116.34999201458952,
       40.00643366565391
      ],
      [
       116.34998215341771,
       40.00641197441217
      ],
      [
       116.34996957496459,
       40.00639113090716
      ],
      [
       116.3499544003694,
       40.006371335872416
      ],
      [
       116.3499367757733,
       40.00635277994397
      ],
      [
       116.34991687091171,
       40.0063356418245
      ],
      [
       116.34989487747961,
       40.006320086562376
      ],
      [
       116.34987100728564,
       40.006306263962124
      ],
      [
       116.34984549021203,
       40.006294307141914
      ],
      [
       116.34981857200079,
       40.00628433125141
      ],
      [
       116.34979051188719,
       40.006276432363016
      ],
      [
       116.34976158010329,
       40.00627068654662
      ],
      [
       116.34973205527542,
       40.00626714913702
      ],
      [
       116.349702221741,
       40.00626585420102
      ],
      [
       116.34967236681038,
       40.006266814209425
      ],
      [
       116.34964277799993,
       40.006270019916904
      ],
      [
       116.34961374026322,
       40.006275440451
      ],
      [
       116.34958553324694,
       40.00628302360954
      ],
      [
       116.34955842859773,
       40.006292696363204
      ],
      [
       116.34953268734625,
       40.00630436555894
      ],
      [
       116.34950855739343,
       40.00631791881697
      ],
      [
       116.34948627112294,
       40.00633322561307
      ],
      [
       116.3494660431634,
       40.00635013853554
      ],
      [
       116.34944806832131,
       40.0063684947048
      ],
      [
       116.34943251970503,
       40.00638811734196
      ],
      [
       116.34941954705755,
       40.006408817471346
      ],
      [
       116.34940927531437,
       40.00643039574024
      ],
      [
       116.34940180340021,
       40.00645264433891
      ],
      [
       116.34939720327624,
       40.006475349001676
      ],
      [
       116.34939551924694,
       40.006498291070635
      ],
      [
       116.34939676753338,
       40.00652124960126
      ],
      [
       116.3494009361168,
       40.00654400349028
      ],
      [
       116.34940798485424,
       40.00656633360503
      ],
      [
       116.3494178458652,
       40.00658802489379
      ],
      [
       116.34943042418506,
       40.006608868456915
      ],
      [
       116.34944559867964,
       40.00662866355867
      ],
      [
       116.34946322321166,
       40.00664721956045
      ],
      [
       116.34948312804822,
       40.00666435775672
      ],
      [
       116.3495051214952,
       40.00667991309622
      ],
      [
       116.34952899174347,
       40.006693735771385
      ],
      [
       116.34955450890872,
       40.00670569266122
      ],
      [
       116.3495814272454,
       40.00671566861335
      ],
      [
       116.34960948751336,
       40.00672356755301
      ],
      [
       116.34963841947466,
       40.00672931340836
      ],
      [
       116.34966794449616,
       40.006732850843086
      ],
      [
       116.349697778233,
       40.006734145789444
      ],
      [
       116.34972763336704,
       40.00673318577618
      ],
      [
       116.34975722237408,
       40.006729980048874
      ],
      [
       116.34978626029299,
       40.00672455948068
      ],
      [
       116.34981446747014,
       40.00671697627513
      ],
      [
       116.34984157225261,
       40.006707303463344
      ],
      [
       116.3498673136047,
       40.00669563420061
      ],
      [
       116.3498914436216,
       40.00668208086925
      ],
      [
       116.34991372991715,
       40.00666677399632
      ],
      [
       116.34993395786178,
       40.006649860996504
      ],
      [
       116.34995193264955,
       40.00663150475232
      ],
      [
       116.34996748117419,
       40.00661188204553
      ],
      [
       116.34998045369626,
       40.006591181854525
      ],
      [
       116.34999072528507,
       40.00656960353434
      ],
      [
       116.34999819702183,
       40.00654735489674
      ],
      [
       116.35000279695217,
       40.006524650208846
      ],
      [
       116.35000448077906,
       40.006501708129534
      ],
      [
       116.35000323228921,
       40.00647874960375
      ]
     ]
    ]
   },
   "id": "PS-PT-026"
  },
  {
   "type": "Feature",
   "properties": {
    "id": "PS-PT-027",
    "layer": "PUBLIC_SPACE",
    "public_space_type": "todoor_point",
    "name_zh": "先行点027",
    "side": "W",
    "functions_zh": "人机共用取送、低速接驳上下客、无障碍缘石坡道接口、路权显示模块",
    "source_type": "agent_generated_design",
    "confidence": "low",
    "geometry_role": "design_proposal",
    "official_boundary": false,
    "area_sqm_declared": 2120.3
   },
   "geometry": {
    "type": "Polygon",
    "coordinates": [
     [
      [
       116.34560325741667,
       40.01187876133977
      ],
      [
       116.3455990897957,
       40.01185600734256
      ],
      [
       116.34559204178187,
       40.01183367702205
      ],
      [
       116.34558218125403,
       40.011811985430995
      ],
      [
       116.34556960317683,
       40.011791141470546
      ],
      [
       116.34555442868586,
       40.01177134587864
      ],
      [
       116.34553680392128,
       40.01175278929666
      ],
      [
       116.3455168986201,
       40.0117356504336
      ],
      [
       116.34549490448163,
       40.01172009434496
      ],
      [
       116.34547103332119,
       40.01170627084325
      ],
      [
       116.34544551503039,
       40.011694313055294
      ],
      [
       116.34541859536296,
       40.01168433614013
      ],
      [
       116.3453905335682,
       40.01167643617998
      ],
      [
       116.34536159989433,
       40.01167068925507
      ],
      [
       116.34533207298587,
       40.01166715071087
      ],
      [
       116.34530223720034,
       40.01166585462511
      ],
      [
       116.34527237986973,
       40.011666813479664
      ],
      [
       116.3452427885335,
       40.01167001804031
      ],
      [
       116.34521374816958,
       40.01167543744568
      ],
      [
       116.34518553844995,
       40.011683019504396
      ],
      [
       116.34515843104727,
       40.01169269119779
      ],
      [
       116.34513268701875,
       40.01170435938299
      ],
      [
       116.34510855429201,
       40.01171791168997
      ],
      [
       116.3450862652775,
       40.01173321760364
      ],
      [
       116.34506603463018,
       40.01175012972082
      ],
      [
       116.34504805718254,
       40.01176848516968
      ],
      [
       116.34503250606797,
       40.01178810717828
      ],
      [
       116.34501953105351,
       40.01180880677697
      ],
      [
       116.34500925709746,
       40.01183038461817
      ],
      [
       116.34500178314589,
       40.01185263289623
      ],
      [
       116.34499718117954,
       40.01187533734861
      ],
      [
       116.34499549552069,
       40.01189827931942
      ],
      [
       116.34499674240604,
       40.01192123786505
      ],
      [
       116.34500090983038,
       40.0119439918821
      ],
      [
       116.34500795766193,
       40.01196632223668
      ],
      [
       116.34501781802882,
       40.01198801387475
      ],
      [
       116.3450303959727,
       40.01200885789332
      ],
      [
       116.34504557036301,
       40.01202865355224
      ],
      [
       116.34506319506347,
       40.01204721020755
      ],
      [
       116.34508310033954,
       40.01206434914744
      ],
      [
       116.34510509449291,
       40.01207990531346
      ],
      [
       116.34512896570763,
       40.0120937288901
      ],
      [
       116.34515448409006,
       40.01210568674769
      ],
      [
       116.3451814038829,
       40.01211566372453
      ],
      [
       116.34520946583206,
       40.01212356373597
      ],
      [
       116.34523839968338,
       40.01212931069984
      ],
      [
       116.3452679267855,
       40.012132849269214
      ],
      [
       116.3452977627735,
       40.01213414536532
      ],
      [
       116.34532762030759,
       40.01213318650595
      ],
      [
       116.34535721184047,
       40.01212998192546
      ],
      [
       116.34538625238665,
       40.012124562486036
      ],
      [
       116.34541446226721,
       40.01211698038031
      ],
      [
       116.34544156980321,
       40.0121073086288
      ],
      [
       116.3454673139324,
       40.01209564037658
      ],
      [
       116.34549144672326,
       40.01208208799627
      ],
      [
       116.34551373576289,
       40.01206678200576
      ],
      [
       116.3455339663953,
       40.0120498698112
      ],
      [
       116.34555194378866,
       40.01203151428741
      ],
      [
       116.34556749481163,
       40.01201189220917
      ],
      [
       116.34558046970066,
       40.011991192548834
      ],
      [
       116.3455907435023,
       40.01196961465632
      ],
      [
       116.34559821727645,
       40.011947366339285
      ],
      [
       116.34560281904912,
       40.01192466186175
      ],
      [
       116.3456045045055,
       40.01190171988058
      ],
      [
       116.34560325741667,
       40.01187876133977
      ]
     ]
    ]
   },
   "id": "PS-PT-027"
  },
  {
   "type": "Feature",
   "properties": {
    "id": "PS-PT-028",
    "layer": "PUBLIC_SPACE",
    "public_space_type": "todoor_point",
    "name_zh": "先行点028",
    "side": "E",
    "functions_zh": "人机共用取送、低速接驳上下客、无障碍缘石坡道接口、路权显示模块",
    "source_type": "agent_generated_design",
    "confidence": "low",
    "geometry_role": "design_proposal",
    "official_boundary": false,
    "area_sqm_declared": 2120.3
   },
   "geometry": {
    "type": "Polygon",
    "coordinates": [
     [
      [
       116.35000325620857,
       40.01187874981447
      ],
      [
       116.34999908712426,
       40.0118559959638
      ],
      [
       116.34999203767283,
       40.011833665899424
      ],
      [
       116.34998217574702,
       40.011811974671616
      ],
      [
       116.34996959632481,
       40.01179113117805
      ],
      [
       116.34995442055485,
       40.01177133615214
      ],
      [
       116.3499367945896,
       40.01175278022982
      ],
      [
       116.34991688817759,
       40.01173564211374
      ],
      [
       116.34989489302887,
       40.01172008685219
      ],
      [
       116.3498710209685,
       40.01170626424976
      ],
      [
       116.34984550189671,
       40.01169430742456
      ],
      [
       116.34981858157477,
       40.01168433152638
      ],
      [
       116.34979051925829,
       40.01167643262765
      ],
      [
       116.34976158520053,
       40.011670686798375
      ],
      [
       116.34973205804968,
       40.011667149373444
      ],
      [
       116.34970222216556,
       40.01166585441986
      ],
      [
       116.34967236488119,
       40.011666814408564
      ],
      [
       116.34964277373554,
       40.01167002009441
      ],
      [
       116.34961373370471,
       40.01167544060519
      ],
      [
       116.34958552445747,
       40.011683023738904
      ],
      [
       116.34955841766191,
       40.0116926964665
      ],
      [
       116.34953267436947,
       40.011704365635175
      ],
      [
       116.3495085425006,
       40.011717918865415
      ],
      [
       116.34948625445747,
       40.01173322563324
      ],
      [
       116.34946602488581,
       40.011750138527255
      ],
      [
       116.34944804860763,
       40.01176849466814
      ],
      [
       116.3494324987451,
       40.011788117277284
      ],
      [
       116.34941952505322,
       40.011808817379254
      ],
      [
       116.34940925247756,
       40.01183039562165
      ],
      [
       116.34940177995082,
       40.011852644194924
      ],
      [
       116.34939717944012,
       40.01187534883371
      ],
      [
       116.34939549525365,
       40.01189829088032
      ],
      [
       116.34939674361398,
       40.01192124939041
      ],
      [
       116.34940091250164,
       40.01194400326092
      ],
      [
       116.3494079617708,
       40.01196633335938
      ],
      [
       116.34941782353573,
       40.01198802463421
      ],
      [
       116.34943040282461,
       40.01200886818591
      ],
      [
       116.34944557849393,
       40.01202866327885
      ],
      [
       116.34946320439512,
       40.0120472192745
      ],
      [
       116.34948311078203,
       40.012064357467416
      ],
      [
       116.3495051059457,
       40.01207991280633
      ],
      [
       116.34952897806036,
       40.01209373548371
      ],
      [
       116.3495544972238,
       40.01210569237853
      ],
      [
       116.34958141767119,
       40.01211566833836
      ],
      [
       116.34960948014208,
       40.01212356728837
      ],
      [
       116.34963841437732,
       40.012129313156606
      ],
      [
       116.34966794172186,
       40.01213285060666
      ],
      [
       116.34969777780843,
       40.012134145570606
      ],
      [
       116.34972763529629,
       40.01213318557705
      ],
      [
       116.34975722663856,
       40.012129979871354
      ],
      [
       116.34978626685165,
       40.01212455932649
      ],
      [
       116.34981447625981,
       40.01211697614576
      ],
      [
       116.34984158318866,
       40.012107303360025
      ],
      [
       116.34986732658174,
       40.01209563412433
      ],
      [
       116.3498914585147,
       40.01208208082075
      ],
      [
       116.34991374658287,
       40.01206677397609
      ],
      [
       116.34993397613964,
       40.012049861004705
      ],
      [
       116.34995195236348,
       40.01203150478889
      ],
      [
       116.34996750213436,
       40.012011882110095
      ],
      [
       116.34998047570079,
       40.01199118194649
      ],
      [
       116.34999074812205,
       40.011969603652815
      ],
      [
       116.34999822047132,
       40.01194735504058
      ],
      [
       116.35000282078833,
       40.01192465037665
      ],
      [
       116.35000450477236,
       40.01190170831971
      ],
      [
       116.35000325620857,
       40.01187874981447
      ]
     ]
    ]
   },
   "id": "PS-PT-028"
  },
  {
   "type": "Feature",
   "properties": {
    "id": "PS-PT-029",
    "layer": "PUBLIC_SPACE",
    "public_space_type": "todoor_point",
    "name_zh": "先行点029",
    "side": "W",
    "functions_zh": "人机共用取送、低速接驳上下客、无障碍缘石坡道接口、路权显示模块",
    "source_type": "agent_generated_design",
    "confidence": "low",
    "geometry_role": "design_proposal",
    "official_boundary": false,
    "area_sqm_declared": 2120.3
   },
   "geometry": {
    "type": "Polygon",
    "coordinates": [
     [
      [
       116.34560328134273,
       40.01727876155177
      ],
      [
       116.34559911341765,
       40.01725600757303
      ],
      [
       116.34559206487224,
       40.01723367726879
      ],
      [
       116.34558220359044,
       40.01721198569161
      ],
      [
       116.34556962454415,
       40.017191141742565
      ],
      [
       116.34555444887835,
       40.017171346159415
      ],
      [
       116.34553682274444,
       40.0171527895835
      ],
      [
       116.34551691589265,
       40.01713565072373
      ],
      [
       116.34549492003725,
       40.0171200946356
      ],
      [
       116.3454710470101,
       40.0171062711316
      ],
      [
       116.34544552672071,
       40.017094313338575
      ],
      [
       116.34541860494213,
       40.01708433641559
      ],
      [
       116.34539054094398,
       40.017076436445
      ],
      [
       116.34536160499569,
       40.01707068950708
      ],
      [
       116.3453320757637,
       40.01706715094743
      ],
      [
       116.34530223762785,
       40.01706585484394
      ],
      [
       116.34527237794282,
       40.01706681367868
      ],
      [
       116.34524278427072,
       40.01707001821759
      ],
      [
       116.34521374161201,
       40.01707543759949
      ],
      [
       116.34518552966071,
       40.01708301963329
      ],
      [
       116.345158420111,
       40.0170926913005
      ],
      [
       116.34513267404081,
       40.01710435945852
      ],
      [
       116.34510853939734,
       40.0171179117376
      ],
      [
       116.34508624860953,
       40.01713321762292
      ],
      [
       116.34506601634948,
       40.01715012971155
      ],
      [
       116.3450480374651,
       40.01716848513197
      ],
      [
       116.34503248510372,
       40.017188107112474
      ],
      [
       116.3450195090443,
       40.01720880668371
      ],
      [
       116.3450092342553,
       40.017230384498355
      ],
      [
       116.34500175969072,
       40.017252632751024
      ],
      [
       116.34499715733729,
       40.017275337179406
      ],
      [
       116.34499547152092,
       40.01729827912782
      ],
      [
       116.34499671847992,
       40.01732123765292
      ],
      [
       116.3450008862083,
       40.01734399165151
      ],
      [
       116.3450079345714,
       40.017366321989826
      ],
      [
       116.34501779569224,
       40.01738801361401
      ],
      [
       116.34503037460514,
       40.0174088576212
      ],
      [
       116.34504555017028,
       40.01742865327137
      ],
      [
       116.34506317624005,
       40.017447209920626
      ],
      [
       116.34508308306671,
       40.01746434885723
      ],
      [
       116.34510507893701,
       40.01747990502276
      ],
      [
       116.34512895201847,
       40.017493728601714
      ],
      [
       116.34515447239949,
       40.017505686464396
      ],
      [
       116.34518139430351,
       40.01751566344904
      ],
      [
       116.3452094584561,
       40.01752356347094
      ],
      [
       116.3452383945819,
       40.017529310447856
      ],
      [
       116.3452679240076,
       40.017532849032655
      ],
      [
       116.34529776234598,
       40.01753414514649
      ],
      [
       116.34532762223455,
       40.01753318630694
      ],
      [
       116.34535721610332,
       40.01752998174819
      ],
      [
       116.34538625894439,
       40.01752456233221
      ],
      [
       116.34541447105663,
       40.017516980251415
      ],
      [
       116.34544158073972,
       40.01750730852607
      ],
      [
       116.34546732691062,
       40.01749564030101
      ],
      [
       116.3454914616182,
       40.01748208794858
      ],
      [
       116.34551375243113,
       40.017466781986414
      ],
      [
       116.34553398467631,
       40.017449869820396
      ],
      [
       116.34555196350635,
       40.01743151432502
      ],
      [
       116.34556751577612,
       40.01741189227486
      ],
      [
       116.34558049171005,
       40.01739119264197
      ],
      [
       116.34559076634463,
       40.017369614776015
      ],
      [
       116.34559824073172,
       40.01734736648437
      ],
      [
       116.34560284289145,
       40.01732466203082
      ],
      [
       116.34560452850528,
       40.01730172007205
      ],
      [
       116.34560328134273,
       40.01727876155177
      ]
     ]
    ]
   },
   "id": "PS-PT-029"
  },
  {
   "type": "Feature",
   "properties": {
    "id": "PS-PT-030",
    "layer": "PUBLIC_SPACE",
    "public_space_type": "todoor_point",
    "name_zh": "先行点030",
    "side": "E",
    "functions_zh": "人机共用取送、低速接驳上下客、无障碍缘石坡道接口、路权显示模块",
    "source_type": "agent_generated_design",
    "confidence": "low",
    "geometry_role": "design_proposal",
    "official_boundary": false,
    "area_sqm_declared": 2120.3
   },
   "geometry": {
    "type": "Polygon",
    "coordinates": [
     [
      [
       116.35000328013437,
       40.017278750025156
      ],
      [
       116.34999911074567,
       40.01725599619299
      ],
      [
       116.34999206076239,
       40.01723366614492
      ],
      [
       116.34998219808232,
       40.01721197493104
      ],
      [
       116.34996961769079,
       40.01719113144892
      ],
      [
       116.34995444074573,
       40.01717133643183
      ],
      [
       116.34993681341092,
       40.017152780515644
      ],
      [
       116.34991690544813,
       40.01713564240294
      ],
      [
       116.34989490858229,
       40.01712008714201
      ],
      [
       116.34987103465501,
       40.01710626453736
      ],
      [
       116.34984551358451,
       40.017094307707225
      ],
      [
       116.3498185911513,
       40.01708433180134
      ],
      [
       116.34979052663134,
       40.017076432892274
      ],
      [
       116.34976159029908,
       40.01707068705011
      ],
      [
       116.34973206082462,
       40.01706714960987
      ],
      [
       116.34970222259021,
       40.01706585463868
      ],
      [
       116.34967236295141,
       40.017066814607695
      ],
      [
       116.34964276946994,
       40.017070020271916
      ],
      [
       116.34961372714437,
       40.01707544075937
      ],
      [
       116.34958551566555,
       40.01708302386827
      ],
      [
       116.34955840672312,
       40.0170926965698
      ],
      [
       116.34953266138909,
       40.017104365711404
      ],
      [
       116.34950852760367,
       40.017117918913854
      ],
      [
       116.34948623778747,
       40.017133225653424
      ],
      [
       116.34946600660325,
       40.01715013851898
      ],
      [
       116.34944802888859,
       40.017168494631484
      ],
      [
       116.34943247777947,
       40.0171881172126
      ],
      [
       116.34941950304292,
       40.01720881728718
      ],
      [
       116.34940922963455,
       40.01723039550305
      ],
      [
       116.3494017564951,
       40.01725264405095
      ],
      [
       116.34939715559757,
       40.01727534866576
      ],
      [
       116.34939547125387,
       40.017298290689986
      ],
      [
       116.34939671968812,
       40.017321249179545
      ],
      [
       116.34940088888011,
       40.01734400303156
      ],
      [
       116.34940793868108,
       40.01736633311372
      ],
      [
       116.34941780120022,
       40.017388024374625
      ],
      [
       116.3494303814584,
       40.0174088679149
      ],
      [
       116.34944555830278,
       40.01742866299903
      ],
      [
       116.34946318557348,
       40.01744721898856
      ],
      [
       116.34948309351121,
       40.0174643571781
      ],
      [
       116.34950509039199,
       40.01747991251643
      ],
      [
       116.3495289643736,
       40.01749373519603
      ],
      [
       116.34955448553578,
       40.017505692095824
      ],
      [
       116.34958140809447,
       40.017515668063346
      ],
      [
       116.34960947276889,
       40.0175235670237
      ],
      [
       116.34963840927867,
       40.017529312904855
      ],
      [
       116.34966793894684,
       40.017532850370216
      ],
      [
       116.34969777738378,
       40.017534145351746
      ],
      [
       116.3497276372261,
       40.01753318537789
      ],
      [
       116.34975723090427,
       40.01752997969382
      ],
      [
       116.34978627341214,
       40.01752455917227
      ],
      [
       116.34981448505191,
       40.01751697601636
      ],
      [
       116.34984159412768,
       40.01750730325667
      ],
      [
       116.34986733956238,
       40.01749563404801
      ],
      [
       116.34989147341189,
       40.017482080772226
      ],
      [
       116.34991376325316,
       40.0174667739558
      ],
      [
       116.34993399442246,
       40.017449861012864
      ],
      [
       116.34995197208279,
       40.01743150482542
      ],
      [
       116.34996752310025,
       40.01741188217464
      ],
      [
       116.3499804977113,
       40.01739118203842
      ],
      [
       116.34999077096523,
       40.01736960377124
      ],
      [
       116.34999824392717,
       40.01734735518438
      ],
      [
       116.35000284463098,
       40.017324650544445
      ],
      [
       116.35000452877213,
       40.01730170850986
      ],
      [
       116.35000328013437,
       40.017278750025156
      ]
     ]
    ]
   },
   "id": "PS-PT-030"
  },
  {
   "type": "Feature",
   "properties": {
    "id": "PS-PT-031",
    "layer": "PUBLIC_SPACE",
    "public_space_type": "todoor_point",
    "name_zh": "先行点031",
    "side": "W",
    "functions_zh": "人机共用取送、低速接驳上下客、无障碍缘石坡道接口、路权显示模块",
    "source_type": "agent_generated_design",
    "confidence": "low",
    "geometry_role": "design_proposal",
    "official_boundary": false,
    "area_sqm_declared": 2120.3
   },
   "geometry": {
    "type": "Polygon",
    "coordinates": [
     [
      [
       116.34560330527532,
       40.022678761763736
      ],
      [
       116.34559913704602,
       40.02265600780349
      ],
      [
       116.34559208796884,
       40.02263367751553
      ],
      [
       116.34558222593286,
       40.02261198595224
      ],
      [
       116.34556964591722,
       40.022591142014555
      ],
      [
       116.34555446907623,
       40.02257134644019
      ],
      [
       116.34553684157262,
       40.02255278987034
      ],
      [
       116.34551693316985,
       40.02253565101387
      ],
      [
       116.34549493559703,
       40.02252009492622
      ],
      [
       116.34547106070266,
       40.02250627141994
      ],
      [
       116.34544553841417,
       40.02249431362184
      ],
      [
       116.34541861452387,
       40.022484336691065
      ],
      [
       116.34539054832173,
       40.022476436710015
      ],
      [
       116.3453616100984,
       40.02247068975908
      ],
      [
       116.34533207854223,
       40.02246715118399
      ],
      [
       116.34530223805545,
       40.0224658550628
      ],
      [
       116.34527237601534,
       40.022466813877706
      ],
      [
       116.34524278000677,
       40.02247001839488
      ],
      [
       116.3452137350526,
       40.02247543775332
      ],
      [
       116.34518552086904,
       40.02248301976217
      ],
      [
       116.34515840917175,
       40.02249269140321
      ],
      [
       116.34513266105928,
       40.022504359534075
      ],
      [
       116.34510852449858,
       40.02251791178525
      ],
      [
       116.34508623193702,
       40.022533217642234
      ],
      [
       116.34506599806377,
       40.022550129702324
      ],
      [
       116.3450480177423,
       40.022568485094276
      ],
      [
       116.34503246413375,
       40.022588107046694
      ],
      [
       116.34501948702913,
       40.02260880659047
      ],
      [
       116.34500921140695,
       40.02263038437856
      ],
      [
       116.34500173622922,
       40.02265263260581
      ],
      [
       116.34499713348855,
       40.02267533701019
      ],
      [
       116.34499544751468,
       40.02269827893624
      ],
      [
       116.34499669454732,
       40.02272123744083
      ],
      [
       116.34500086257985,
       40.02274399142091
      ],
      [
       116.34500791147462,
       40.02276632174296
      ],
      [
       116.34501777334961,
       40.022788013353264
      ],
      [
       116.34503035323185,
       40.02280885734908
      ],
      [
       116.34504552997213,
       40.02282865299049
      ],
      [
       116.34506315741156,
       40.02284720963371
      ],
      [
       116.34508306578923,
       40.02286434856704
      ],
      [
       116.34510506337692,
       40.02287990473207
      ],
      [
       116.34512893832566,
       40.02289372831334
      ],
      [
       116.3451544607058,
       40.022905686181105
      ],
      [
       116.34518138472157,
       40.022915663173556
      ],
      [
       116.3452094510782,
       40.02292356320592
      ],
      [
       116.34523838947906,
       40.02292931019585
      ],
      [
       116.34526792122904,
       40.02293284879608
      ],
      [
       116.34529776191837,
       40.02293414492765
      ],
      [
       116.34532762416207,
       40.02293318610791
      ],
      [
       116.3453572203674,
       40.02292998157091
      ],
      [
       116.34538626550395,
       40.022924562178375
      ],
      [
       116.3454144798485,
       40.0229169801225
      ],
      [
       116.3454415916792,
       40.02290730842333
      ],
      [
       116.3454673398924,
       40.02289564022542
      ],
      [
       116.34549147651724,
       40.022882087900875
      ],
      [
       116.3455137691039,
       40.02286678196705
      ],
      [
       116.34553400296228,
       40.02284986982955
      ],
      [
       116.3455519832294,
       40.02283151436262
      ],
      [
       116.3455675367463,
       40.022811892340535
      ],
      [
       116.34558051372542,
       40.02279119273509
      ],
      [
       116.34559078919315,
       40.02276961489568
      ],
      [
       116.34559826419334,
       40.02274736662943
      ],
      [
       116.34560286674024,
       40.02272466219989
      ],
      [
       116.34560455251155,
       40.022701720263484
      ],
      [
       116.34560330527532,
       40.022678761763736
      ]
     ]
    ]
   },
   "id": "PS-PT-031"
  },
  {
   "type": "Feature",
   "properties": {
    "id": "PS-PT-032",
    "layer": "PUBLIC_SPACE",
    "public_space_type": "todoor_point",
    "name_zh": "先行点032",
    "side": "E",
    "functions_zh": "人机共用取送、低速接驳上下客、无障碍缘石坡道接口、路权显示模块",
    "source_type": "agent_generated_design",
    "confidence": "low",
    "geometry_role": "design_proposal",
    "official_boundary": false,
    "area_sqm_declared": 2120.3
   },
   "geometry": {
    "type": "Polygon",
    "coordinates": [
     [
      [
       116.35000330406668,
       40.02267875023584
      ],
      [
       116.3499991343735,
       40.02265599642219
      ],
      [
       116.34999208385818,
       40.022633666390426
      ],
      [
       116.34998222042368,
       40.022611975190486
      ],
      [
       116.34996963906254,
       40.02259113171979
      ],
      [
       116.34995446094207,
       40.02257133671153
      ],
      [
       116.34993683223733,
       40.02255278080148
      ],
      [
       116.34991692272332,
       40.022535642692176
      ],
      [
       116.34989492413989,
       40.022520087431836
      ],
      [
       116.34987104834521,
       40.022506264825005
      ],
      [
       116.34984552527544,
       40.02249430798988
      ],
      [
       116.3498186007304,
       40.022484332076324
      ],
      [
       116.34979053400635,
       40.02247643315693
      ],
      [
       116.34976159539896,
       40.02247068730187
      ],
      [
       116.3497320636003,
       40.02246714984632
      ],
      [
       116.34970222301493,
       40.02246585485754
      ],
      [
       116.34967236102106,
       40.022466814806855
      ],
      [
       116.34964276520313,
       40.022470020449454
      ],
      [
       116.3496137205822,
       40.022475440913574
      ],
      [
       116.34958550687121,
       40.02248302399765
      ],
      [
       116.3495583957813,
       40.022492696673126
      ],
      [
       116.34953264840517,
       40.022504365787675
      ],
      [
       116.3495085127027,
       40.02251791896232
      ],
      [
       116.34948622111291,
       40.022533225673634
      ],
      [
       116.34946598831573,
       40.02255013851074
      ],
      [
       116.34944800916416,
       40.02256849459485
      ],
      [
       116.34943245680815,
       40.022588117147954
      ],
      [
       116.34941948102664,
       40.02260881719512
      ],
      [
       116.34940920678534,
       40.02263039538449
      ],
      [
       116.34940173303298,
       40.022652643907016
      ],
      [
       116.34939713174852,
       40.022675348497835
      ],
      [
       116.34939544724757,
       40.0226982904997
      ],
      [
       116.34939669575577,
       40.02272124896872
      ],
      [
       116.34940086525218,
       40.022744002802234
      ],
      [
       116.34940791558515,
       40.02276633286811
      ],
      [
       116.34941777885868,
       40.02278802411509
      ],
      [
       116.34943036008642,
       40.022808867643924
      ],
      [
       116.3494455381062,
       40.02282866271923
      ],
      [
       116.34946316674682,
       40.02284721870263
      ],
      [
       116.34948307623577,
       40.02286435688882
      ],
      [
       116.34950507483411,
       40.022879912226564
      ],
      [
       116.34952895068314,
       40.02289373490835
      ],
      [
       116.34955447384462,
       40.02290569181313
      ],
      [
       116.34958139851517,
       40.02291566778837
      ],
      [
       116.34960946539371,
       40.02292356675907
      ],
      [
       116.34963840417866,
       40.0229293126531
      ],
      [
       116.34966793617113,
       40.022932850133785
      ],
      [
       116.34969777695906,
       40.02293414513291
      ],
      [
       116.34972763915648,
       40.02293318517875
      ],
      [
       116.34975723517115,
       40.022929979516285
      ],
      [
       116.34978627997447,
       40.02292455901807
      ],
      [
       116.34981449384642,
       40.022916975886965
      ],
      [
       116.34984160506974,
       40.02290730315333
      ],
      [
       116.34986735254654,
       40.02289563397173
      ],
      [
       116.34989148831315,
       40.02288208072371
      ],
      [
       116.34991377992799,
       40.02286677393554
      ],
      [
       116.34993401271026,
       40.02284986102104
      ],
      [
       116.34995199180746,
       40.02283150486195
      ],
      [
       116.3499675440718,
       40.022811882239196
      ],
      [
       116.34998051972781,
       40.022791182130355
      ],
      [
       116.34999079381461,
       40.02276960388969
      ],
      [
       116.3499982673894,
       40.022747355328185
      ],
      [
       116.35000286848008,
       40.022724650712235
      ],
      [
       116.35000455277843,
       40.02270170870002
      ],
      [
       116.35000330406668,
       40.02267875023584
      ]
     ]
    ]
   },
   "id": "PS-PT-032"
  }
 ]
}