{
  "type": "FeatureCollection",
  "name": "BUILDING_FOOTPRINT",
  "features": [
    {
      "type": "Feature",
      "properties": {
        "id": "BLD-001",
        "layer": "BUILDING_FOOTPRINT",
        "source_type": "agent_generated_design",
        "confidence": "medium",
        "geometry_role": "design_proposal",
        "building_type": "talent_apartment",
        "name_zh": "概念建筑基底示意",
        "name_en": "Conceptual building footprint",
        "area_sqm_declared": 7056.0,
        "design_note_zh": "仅为体量关系示意，不含容积率、建筑高度或拆改留结论。"
      },
      "geometry": {
        "type": "Polygon",
        "coordinates": [
          [
            [
              116.3432486341514,
              39.957575412112
            ],
            [
              116.34226562981803,
              39.95756983894888
            ],
            [
              116.34225838221134,
              39.95832631520838
            ],
            [
              116.34324139737458,
              39.95833188851999
            ],
            [
              116.3432486341514,
              39.957575412112
            ]
          ]
        ]
      },
      "id": "BLD-001"
    },
    {
      "type": "Feature",
      "properties": {
        "id": "BLD-002",
        "layer": "BUILDING_FOOTPRINT",
        "source_type": "agent_generated_design",
        "confidence": "medium",
        "geometry_role": "design_proposal",
        "building_type": "talent_apartment",
        "name_zh": "概念建筑基底示意",
        "name_en": "Conceptual building footprint",
        "area_sqm_declared": 6734.39,
        "design_note_zh": "仅为体量关系示意，不含容积率、建筑高度或拆改留结论。"
      },
      "geometry": {
        "type": "Polygon",
        "coordinates": [
          [
            [
              116.34160805048796,
              39.958164304734524
            ],
            [
              116.34121910907417,
              39.957988539373915
            ],
            [
              116.34062670489313,
              39.957985171343715
            ],
            [
              116.34061943912104,
              39.958741647299554
            ],
            [
              116.34160245990759,
              39.95874723455629
            ],
            [
              116.34160805048796,
              39.958164304734524
            ]
          ]
        ]
      },
      "id": "BLD-002"
    },
    {
      "type": "Feature",
      "properties": {
        "id": "BLD-003",
        "layer": "BUILDING_FOOTPRINT",
        "source_type": "agent_generated_design",
        "confidence": "medium",
        "geometry_role": "design_proposal",
        "building_type": "mixed_use",
        "name_zh": "概念建筑基底示意",
        "name_en": "Conceptual building footprint",
        "area_sqm_declared": 7056.0,
        "design_note_zh": "仅为体量关系示意，不含容积率、建筑高度或拆改留结论。"
      },
      "geometry": {
        "type": "Polygon",
        "coordinates": [
          [
            [
              116.34249964047974,
              39.9839497507338
            ],
            [
              116.34151625842142,
              39.983944168178795
            ],
            [
              116.34150899578128,
              39.98470064087209
            ],
            [
              116.34249238868378,
              39.98470622357583
            ],
            [
              116.34249964047974,
              39.9839497507338
            ]
          ]
        ]
      },
      "id": "BLD-003"
    },
    {
      "type": "Feature",
      "properties": {
        "id": "BLD-004",
        "layer": "BUILDING_FOOTPRINT",
        "source_type": "agent_generated_design",
        "confidence": "medium",
        "geometry_role": "design_proposal",
        "building_type": "talent_apartment",
        "name_zh": "概念建筑基底示意",
        "name_en": "Conceptual building footprint",
        "area_sqm_declared": 7056.0,
        "design_note_zh": "仅为体量关系示意，不含容积率、建筑高度或拆改留结论。"
      },
      "geometry": {
        "type": "Polygon",
        "coordinates": [
          [
            [
              116.34208828553369,
              39.96101675912099
            ],
            [
              116.34110523215264,
              39.961011175721886
            ],
            [
              116.3410979708756,
              39.96176765135452
            ],
            [
              116.34208103508836,
              39.96177323490239
            ],
            [
              116.34208828553369,
              39.96101675912099
            ]
          ]
        ]
      },
      "id": "BLD-004"
    },
    {
      "type": "Feature",
      "properties": {
        "id": "BLD-005",
        "layer": "BUILDING_FOOTPRINT",
        "source_type": "agent_generated_design",
        "confidence": "medium",
        "geometry_role": "design_proposal",
        "building_type": "mixed_use",
        "name_zh": "概念建筑基底示意",
        "name_en": "Conceptual building footprint",
        "area_sqm_declared": 7056.0,
        "design_note_zh": "仅为体量关系示意，不含容积率、建筑高度或拆改留结论。"
      },
      "geometry": {
        "type": "Polygon",
        "coordinates": [
          [
            [
              116.34272197007235,
              39.94900902097232
            ],
            [
              116.34173908846867,
              39.949003444331126
            ],
            [
              116.34173183725939,
              39.94975992163179
            ],
            [
              116.34271472968828,
              39.949765498421584
            ],
            [
              116.34272197007235,
              39.94900902097232
            ]
          ]
        ]
      },
      "id": "BLD-005"
    },
    {
      "type": "Feature",
      "properties": {
        "id": "BLD-006",
        "layer": "BUILDING_FOOTPRINT",
        "source_type": "agent_generated_design",
        "confidence": "medium",
        "geometry_role": "design_proposal",
        "building_type": "talent_apartment",
        "name_zh": "概念建筑基底示意",
        "name_en": "Conceptual building footprint",
        "area_sqm_declared": 5665.186,
        "design_note_zh": "仅为体量关系示意，不含容积率、建筑高度或拆改留结论。"
      },
      "geometry": {
        "type": "Polygon",
        "coordinates": [
          [
            [
              116.3441844810621,
              39.95942785352525
            ],
            [
              116.34348499067177,
              39.9594238942083
            ],
            [
              116.3432971346854,
              39.959505944157804
            ],
            [
              116.34329140327826,
              39.96010506639366
            ],
            [
              116.34417796342413,
              39.96011008536535
            ],
            [
              116.3441844810621,
              39.95942785352525
            ]
          ]
        ]
      },
      "id": "BLD-006"
    },
    {
      "type": "Feature",
      "properties": {
        "id": "BLD-007",
        "layer": "BUILDING_FOOTPRINT",
        "source_type": "agent_generated_design",
        "confidence": "medium",
        "geometry_role": "design_proposal",
        "building_type": "talent_apartment",
        "name_zh": "概念建筑基底示意",
        "name_en": "Conceptual building footprint",
        "area_sqm_declared": 5406.25,
        "design_note_zh": "仅为体量关系示意，不含容积率、建筑高度或拆改留结论。"
      },
      "geometry": {
        "type": "Polygon",
        "coordinates": [
          [
            [
              116.34642066047333,
              39.95981449773954
            ],
            [
              116.34556018466732,
              39.95980964318988
            ],
            [
              116.34555387195381,
              39.960471805121074
            ],
            [
              116.3464143560585,
              39.960476659783964
            ],
            [
              116.34642066047333,
              39.95981449773954
            ]
          ]
        ]
      },
      "id": "BLD-007"
    },
    {
      "type": "Feature",
      "properties": {
        "id": "BLD-008",
        "layer": "BUILDING_FOOTPRINT",
        "source_type": "agent_generated_design",
        "confidence": "medium",
        "geometry_role": "design_proposal",
        "building_type": "talent_apartment",
        "name_zh": "概念建筑基底示意",
        "name_en": "Conceptual building footprint",
        "area_sqm_declared": 7056.0,
        "design_note_zh": "仅为体量关系示意，不含容积率、建筑高度或拆改留结论。"
      },
      "geometry": {
        "type": "Polygon",
        "coordinates": [
          [
            [
              116.34223194756149,
              39.964293388087924
            ],
            [
              116.34124884722594,
              39.96428780552905
            ],
            [
              116.34124158668948,
              39.96504428075466
            ],
            [
              116.34222469785854,
              39.96504986346227
            ],
            [
              116.34223194756149,
              39.964293388087924
            ]
          ]
        ]
      },
      "id": "BLD-008"
    },
    {
      "type": "Feature",
      "properties": {
        "id": "BLD-009",
        "layer": "BUILDING_FOOTPRINT",
        "source_type": "agent_generated_design",
        "confidence": "medium",
        "geometry_role": "design_proposal",
        "building_type": "talent_apartment",
        "name_zh": "概念建筑基底示意",
        "name_en": "Conceptual building footprint",
        "area_sqm_declared": 3992.308,
        "design_note_zh": "仅为体量关系示意，不含容积率、建筑高度或拆改留结论。"
      },
      "geometry": {
        "type": "Polygon",
        "coordinates": [
          [
            [
              116.34429953631489,
              39.961123020640045
            ],
            [
              116.34356008309328,
              39.96111883568528
            ],
            [
              116.34355464152169,
              39.96168785614279
            ],
            [
              116.34429410087195,
              39.96169204118144
            ],
            [
              116.34429953631489,
              39.961123020640045
            ]
          ]
        ]
      },
      "id": "BLD-009"
    },
    {
      "type": "Feature",
      "properties": {
        "id": "BLD-010",
        "layer": "BUILDING_FOOTPRINT",
        "source_type": "agent_generated_design",
        "confidence": "medium",
        "geometry_role": "design_proposal",
        "building_type": "ai_r_and_d",
        "name_zh": "概念建筑基底示意",
        "name_en": "Conceptual building footprint",
        "area_sqm_declared": 7056.0,
        "design_note_zh": "仅为体量关系示意，不含容积率、建筑高度或拆改留结论。"
      },
      "geometry": {
        "type": "Polygon",
        "coordinates": [
          [
            [
              116.34391241486607,
              39.97303840614152
            ],
            [
              116.3429291889195,
              39.973032836827535
            ],
            [
              116.34292194466047,
              39.97378931116382
            ],
            [
              116.34390518144531,
              39.973794880626194
            ],
            [
              116.34391241486607,
              39.97303840614152
            ]
          ]
        ]
      },
      "id": "BLD-010"
    },
    {
      "type": "Feature",
      "properties": {
        "id": "BLD-011",
        "layer": "BUILDING_FOOTPRINT",
        "source_type": "agent_generated_design",
        "confidence": "medium",
        "geometry_role": "design_proposal",
        "building_type": "mixed_use",
        "name_zh": "概念建筑基底示意",
        "name_en": "Conceptual building footprint",
        "area_sqm_declared": 7056.0,
        "design_note_zh": "仅为体量关系示意，不含容积率、建筑高度或拆改留结论。"
      },
      "geometry": {
        "type": "Polygon",
        "coordinates": [
          [
            [
              116.34316565362371,
              39.947302972955654
            ],
            [
              116.34218279634781,
              39.947297400272475
            ],
            [
              116.34217555046368,
              39.94805387786387
            ],
            [
              116.34315841856387,
              39.94805945069555
            ],
            [
              116.34316565362371,
              39.947302972955654
            ]
          ]
        ]
      },
      "id": "BLD-011"
    },
    {
      "type": "Feature",
      "properties": {
        "id": "BLD-012",
        "layer": "BUILDING_FOOTPRINT",
        "source_type": "agent_generated_design",
        "confidence": "medium",
        "geometry_role": "design_proposal",
        "building_type": "mixed_use",
        "name_zh": "概念建筑基底示意",
        "name_en": "Conceptual building footprint",
        "area_sqm_declared": 3493.269,
        "design_note_zh": "仅为体量关系示意，不含容积率、建筑高度或拆改留结论。"
      },
      "geometry": {
        "type": "Polygon",
        "coordinates": [
          [
            [
              116.34520924920228,
              39.949135205351865
            ],
            [
              116.34451767467318,
              39.94913129722388
            ],
            [
              116.34451259413498,
              39.94966356833117
            ],
            [
              116.3452041740234,
              39.94966747653243
            ],
            [
              116.34520924920228,
              39.949135205351865
            ]
          ]
        ]
      },
      "id": "BLD-012"
    },
    {
      "type": "Feature",
      "properties": {
        "id": "BLD-013",
        "layer": "BUILDING_FOOTPRINT",
        "source_type": "agent_generated_design",
        "confidence": "medium",
        "geometry_role": "design_proposal",
        "building_type": "talent_apartment",
        "name_zh": "概念建筑基底示意",
        "name_en": "Conceptual building footprint",
        "area_sqm_declared": 6841.701,
        "design_note_zh": "仅为体量关系示意，不含容积率、建筑高度或拆改留结论。"
      },
      "geometry": {
        "type": "Polygon",
        "coordinates": [
          [
            [
              116.34507310106873,
              39.95721187538429
            ],
            [
              116.34409010158085,
              39.95720631773301
            ],
            [
              116.3440842276581,
              39.95782113001055
            ],
            [
              116.34440172212551,
              39.95796459795095
            ],
            [
              116.34506588448782,
              39.957968352116254
            ],
            [
              116.34507310106873,
              39.95721187538429
            ]
          ]
        ]
      },
      "id": "BLD-013"
    },
    {
      "type": "Feature",
      "properties": {
        "id": "BLD-014",
        "layer": "BUILDING_FOOTPRINT",
        "source_type": "agent_generated_design",
        "confidence": "medium",
        "geometry_role": "design_proposal",
        "building_type": "mixed_use",
        "name_zh": "概念建筑基底示意",
        "name_en": "Conceptual building footprint",
        "area_sqm_declared": 3493.269,
        "design_note_zh": "仅为体量关系示意，不含容积率、建筑高度或拆改留结论。"
      },
      "geometry": {
        "type": "Polygon",
        "coordinates": [
          [
            [
              116.34684738964086,
              39.94914444611824
            ],
            [
              116.34615581479237,
              39.949140547761196
            ],
            [
              116.34615074694888,
              39.94967281904192
            ],
            [
              116.34684232715676,
              39.949676717472066
            ],
            [
              116.34684738964086,
              39.94914444611824
            ]
          ]
        ]
      },
      "id": "BLD-014"
    },
    {
      "type": "Feature",
      "properties": {
        "id": "BLD-015",
        "layer": "BUILDING_FOOTPRINT",
        "source_type": "agent_generated_design",
        "confidence": "medium",
        "geometry_role": "design_proposal",
        "building_type": "talent_apartment",
        "name_zh": "概念建筑基底示意",
        "name_en": "Conceptual building footprint",
        "area_sqm_declared": 4051.199,
        "design_note_zh": "仅为体量关系示意，不含容积率、建筑高度或拆改留结论。"
      },
      "geometry": {
        "type": "Polygon",
        "coordinates": [
          [
            [
              116.34539299822269,
              39.95619821661528
            ],
            [
              116.34460874573477,
              39.9561937854975
            ],
            [
              116.34460492241715,
              39.95659429814045
            ],
            [
              116.3450599314464,
              39.95679990595483
            ],
            [
              116.34538724367681,
              39.95680175468494
            ],
            [
              116.34539299822269,
              39.95619821661528
            ]
          ]
        ]
      },
      "id": "BLD-015"
    },
    {
      "type": "Feature",
      "properties": {
        "id": "BLD-016",
        "layer": "BUILDING_FOOTPRINT",
        "source_type": "agent_generated_design",
        "confidence": "medium",
        "geometry_role": "design_proposal",
        "building_type": "talent_apartment",
        "name_zh": "概念建筑基底示意",
        "name_en": "Conceptual building footprint",
        "area_sqm_declared": 7056.0,
        "design_note_zh": "仅为体量关系示意，不含容积率、建筑高度或拆改留结论。"
      },
      "geometry": {
        "type": "Polygon",
        "coordinates": [
          [
            [
              116.34395313181676,
              39.97085476411767
            ],
            [
              116.3429699371497,
              39.97084919540026
            ],
            [
              116.34296269389974,
              39.97160567002856
            ],
            [
              116.34394589940389,
              39.97161123889434
            ],
            [
              116.34395313181676,
              39.97085476411767
            ]
          ]
        ]
      },
      "id": "BLD-016"
    },
    {
      "type": "Feature",
      "properties": {
        "id": "BLD-017",
        "layer": "BUILDING_FOOTPRINT",
        "source_type": "agent_generated_design",
        "confidence": "medium",
        "geometry_role": "design_proposal",
        "building_type": "talent_apartment",
        "name_zh": "概念建筑基底示意",
        "name_en": "Conceptual building footprint",
        "area_sqm_declared": 3992.308,
        "design_note_zh": "仅为体量关系示意，不含容积率、建筑高度或拆改留结论。"
      },
      "geometry": {
        "type": "Polygon",
        "coordinates": [
          [
            [
              116.34593796248684,
              39.9611322765504
            ],
            [
              116.34519850892306,
              39.961128102045606
            ],
            [
              116.34519308093088,
              39.96169712268885
            ],
            [
              116.3459325406233,
              39.96170129727731
            ],
            [
              116.34593796248684,
              39.9611322765504
            ]
          ]
        ]
      },
      "id": "BLD-017"
    },
    {
      "type": "Feature",
      "properties": {
        "id": "BLD-018",
        "layer": "BUILDING_FOOTPRINT",
        "source_type": "agent_generated_design",
        "confidence": "medium",
        "geometry_role": "design_proposal",
        "building_type": "mixed_use",
        "name_zh": "概念建筑基底示意",
        "name_en": "Conceptual building footprint",
        "area_sqm_declared": 7028.58,
        "design_note_zh": "仅为体量关系示意，不含容积率、建筑高度或拆改留结论。"
      },
      "geometry": {
        "type": "Polygon",
        "coordinates": [
          [
            [
              116.34378293391536,
              39.985048957195744
            ],
            [
              116.34291363498839,
              39.98504403229904
            ],
            [
              116.34279905027725,
              39.9850940594699
            ],
            [
              116.3427922870751,
              39.98579985814593
            ],
            [
              116.3437756959911,
              39.98580543008857
            ],
            [
              116.34378293391536,
              39.985048957195744
            ]
          ]
        ]
      },
      "id": "BLD-018"
    },
    {
      "type": "Feature",
      "properties": {
        "id": "BLD-019",
        "layer": "BUILDING_FOOTPRINT",
        "source_type": "agent_generated_design",
        "confidence": "medium",
        "geometry_role": "design_proposal",
        "building_type": "mixed_use",
        "name_zh": "概念建筑基底示意",
        "name_en": "Conceptual building footprint",
        "area_sqm_declared": 3493.269,
        "design_note_zh": "仅为体量关系示意，不含容积率、建筑高度或拆改留结论。"
      },
      "geometry": {
        "type": "Polygon",
        "coordinates": [
          [
            [
              116.34487580949146,
              39.984075314248095
            ],
            [
              116.34418388285269,
              39.9840714013076
            ],
            [
              116.34417879343722,
              39.98460366916139
            ],
            [
              116.3448707254447,
              39.984607582175215
            ],
            [
              116.34487580949146,
              39.984075314248095
            ]
          ]
        ]
      },
      "id": "BLD-019"
    },
    {
      "type": "Feature",
      "properties": {
        "id": "BLD-020",
        "layer": "BUILDING_FOOTPRINT",
        "source_type": "agent_generated_design",
        "confidence": "medium",
        "geometry_role": "design_proposal",
        "building_type": "talent_apartment",
        "name_zh": "概念建筑基底示意",
        "name_en": "Conceptual building footprint",
        "area_sqm_declared": 5406.25,
        "design_note_zh": "仅为体量关系示意，不含容积率、建筑高度或拆改留结论。"
      },
      "geometry": {
        "type": "Polygon",
        "coordinates": [
          [
            [
              116.34556498485755,
              40.00658085199381
            ],
            [
              116.34470392233462,
              40.00657598639663
            ],
            [
              116.34469759089134,
              40.00723814285575
            ],
            [
              116.3455586617324,
              40.00724300856637
            ],
            [
              116.34556498485755,
              40.00658085199381
            ]
          ]
        ]
      },
      "id": "BLD-020"
    },
    {
      "type": "Feature",
      "properties": {
        "id": "BLD-021",
        "layer": "BUILDING_FOOTPRINT",
        "source_type": "agent_generated_design",
        "confidence": "medium",
        "geometry_role": "design_proposal",
        "building_type": "talent_apartment",
        "name_zh": "概念建筑基底示意",
        "name_en": "Conceptual building footprint",
        "area_sqm_declared": 7056.0,
        "design_note_zh": "仅为体量关系示意，不含容积率、建筑高度或拆改留结论。"
      },
      "geometry": {
        "type": "Polygon",
        "coordinates": [
          [
            [
              116.34352136318249,
              40.00644108174392
            ],
            [
              116.34253765828741,
              40.006435505268776
            ],
            [
              116.34253040113825,
              40.00719197517283
            ],
            [
              116.34351411688965,
              40.00719755179652
            ],
            [
              116.34352136318249,
              40.00644108174392
            ]
          ]
        ]
      },
      "id": "BLD-021"
    },
    {
      "type": "Feature",
      "properties": {
        "id": "BLD-022",
        "layer": "BUILDING_FOOTPRINT",
        "source_type": "agent_generated_design",
        "confidence": "medium",
        "geometry_role": "design_proposal",
        "building_type": "mixed_use",
        "name_zh": "概念建筑基底示意",
        "name_en": "Conceptual building footprint",
        "area_sqm_declared": 7056.0,
        "design_note_zh": "仅为体量关系示意，不含容积率、建筑高度或拆改留结论。"
      },
      "geometry": {
        "type": "Polygon",
        "coordinates": [
          [
            [
              116.34418281528421,
              40.0192650463667
            ],
            [
              116.34319892613772,
              40.01925947403192
            ],
            [
              116.34319167299684,
              40.02001594235731
            ],
            [
              116.34417557300665,
              40.020021514840515
            ],
            [
              116.34418281528421,
              40.0192650463667
            ]
          ]
        ]
      },
      "id": "BLD-022"
    },
    {
      "type": "Feature",
      "properties": {
        "id": "BLD-023",
        "layer": "BUILDING_FOOTPRINT",
        "source_type": "agent_generated_design",
        "confidence": "medium",
        "geometry_role": "design_proposal",
        "building_type": "mixed_use",
        "name_zh": "概念建筑基底示意",
        "name_en": "Conceptual building footprint",
        "area_sqm_declared": 7056.0,
        "design_note_zh": "仅为体量关系示意，不含容积率、建筑高度或拆改留结论。"
      },
      "geometry": {
        "type": "Polygon",
        "coordinates": [
          [
            [
              116.34580711047548,
              39.94465870723998
            ],
            [
              116.34482429051752,
              39.94465315725306
            ],
            [
              116.34481707440379,
              39.945409635591076
            ],
            [
              116.34579990518463,
              39.94541518572589
            ],
            [
              116.34580711047548,
              39.94465870723998
            ]
          ]
        ]
      },
      "id": "BLD-023"
    },
    {
      "type": "Feature",
      "properties": {
        "id": "BLD-024",
        "layer": "BUILDING_FOOTPRINT",
        "source_type": "agent_generated_design",
        "confidence": "medium",
        "geometry_role": "design_proposal",
        "building_type": "mixed_use",
        "name_zh": "概念建筑基底示意",
        "name_en": "Conceptual building footprint",
        "area_sqm_declared": 2994.231,
        "design_note_zh": "仅为体量关系示意，不含容积率、建筑高度或拆改留结论。"
      },
      "geometry": {
        "type": "Polygon",
        "coordinates": [
          [
            [
              116.3460128788585,
              39.94806754383365
            ],
            [
              116.34537261510503,
              39.948063930269754
            ],
            [
              116.34536791775744,
              39.94855671773638
            ],
            [
              116.34600818610436,
              39.948560331363
            ],
            [
              116.3460128788585,
              39.94806754383365
            ]
          ]
        ]
      },
      "id": "BLD-024"
    },
    {
      "type": "Feature",
      "properties": {
        "id": "BLD-025",
        "layer": "BUILDING_FOOTPRINT",
        "source_type": "agent_generated_design",
        "confidence": "medium",
        "geometry_role": "design_proposal",
        "building_type": "mixed_use",
        "name_zh": "概念建筑基底示意",
        "name_en": "Conceptual building footprint",
        "area_sqm_declared": 3493.269,
        "design_note_zh": "仅为体量关系示意，不含容积率、建筑高度或拆改留结论。"
      },
      "geometry": {
        "type": "Polygon",
        "coordinates": [
          [
            [
              116.34464833297247,
              39.98643988482391
            ],
            [
              116.34395638251081,
              39.986435970334426
            ],
            [
              116.34395129090385,
              39.98696823794618
            ],
            [
              116.34464324673486,
              39.98697215250901
            ],
            [
              116.34464833297247,
              39.98643988482391
            ]
          ]
        ]
      },
      "id": "BLD-025"
    },
    {
      "type": "Feature",
      "properties": {
        "id": "BLD-026",
        "layer": "BUILDING_FOOTPRINT",
        "source_type": "agent_generated_design",
        "confidence": "medium",
        "geometry_role": "design_proposal",
        "building_type": "ai_r_and_d",
        "name_zh": "概念建筑基底示意",
        "name_en": "Conceptual building footprint",
        "area_sqm_declared": 5239.904,
        "design_note_zh": "仅为体量关系示意，不含容积率、建筑高度或拆改留结论。"
      },
      "geometry": {
        "type": "Polygon",
        "coordinates": [
          [
            [
              116.34732310030796,
              39.950361240030716
            ],
            [
              116.34647608248977,
              39.950356468325595
            ],
            [
              116.34646987842899,
              39.95100836474457
            ],
            [
              116.34731690428677,
              39.95101313655927
            ],
            [
              116.34732310030796,
              39.950361240030716
            ]
          ]
        ]
      },
      "id": "BLD-026"
    },
    {
      "type": "Feature",
      "properties": {
        "id": "BLD-027",
        "layer": "BUILDING_FOOTPRINT",
        "source_type": "agent_generated_design",
        "confidence": "medium",
        "geometry_role": "design_proposal",
        "building_type": "talent_apartment",
        "name_zh": "概念建筑基底示意",
        "name_en": "Conceptual building footprint",
        "area_sqm_declared": 3992.308,
        "design_note_zh": "仅为体量关系示意，不含容积率、建筑高度或拆改留结论。"
      },
      "geometry": {
        "type": "Polygon",
        "coordinates": [
          [
            [
              116.34680912227891,
              39.95567749416558
            ],
            [
              116.34606972733616,
              39.95567332568745
            ],
            [
              116.34606430761221,
              39.95624234696678
            ],
            [
              116.34680370868193,
              39.95624651552845
            ],
            [
              116.34680912227891,
              39.95567749416558
            ]
          ]
        ]
      },
      "id": "BLD-027"
    },
    {
      "type": "Feature",
      "properties": {
        "id": "BLD-028",
        "layer": "BUILDING_FOOTPRINT",
        "source_type": "agent_generated_design",
        "confidence": "medium",
        "geometry_role": "design_proposal",
        "building_type": "mixed_use",
        "name_zh": "概念建筑基底示意",
        "name_en": "Conceptual building footprint",
        "area_sqm_declared": 7028.58,
        "design_note_zh": "仅为体量关系示意，不含容积率、建筑高度或拆改留结论。"
      },
      "geometry": {
        "type": "Polygon",
        "coordinates": [
          [
            [
              116.34457112854797,
              39.98832921751014
            ],
            [
              116.34370178790608,
              39.9883242981915
            ],
            [
              116.34358719824566,
              39.98837432607369
            ],
            [
              116.34358044236969,
              39.98908012446064
            ],
            [
              116.34456389847763,
              39.989085690092956
            ],
            [
              116.34457112854797,
              39.98832921751014
            ]
          ]
        ]
      },
      "id": "BLD-028"
    },
    {
      "type": "Feature",
      "properties": {
        "id": "BLD-029",
        "layer": "BUILDING_FOOTPRINT",
        "source_type": "agent_generated_design",
        "confidence": "medium",
        "geometry_role": "design_proposal",
        "building_type": "mixed_use",
        "name_zh": "概念建筑基底示意",
        "name_en": "Conceptual building footprint",
        "area_sqm_declared": 2994.231,
        "design_note_zh": "仅为体量关系示意，不含容积率、建筑高度或拆改留结论。"
      },
      "geometry": {
        "type": "Polygon",
        "coordinates": [
          [
            [
              116.3456590280215,
              39.985191415267
            ],
            [
              116.34501841790278,
              39.98518779697505
            ],
            [
              116.34501371183406,
              39.98568058124135
            ],
            [
              116.34565432655478,
              39.98568419959611
            ],
            [
              116.3456590280215,
              39.985191415267
            ]
          ]
        ]
      },
      "id": "BLD-029"
    },
    {
      "type": "Feature",
      "properties": {
        "id": "BLD-030",
        "layer": "BUILDING_FOOTPRINT",
        "source_type": "agent_generated_design",
        "confidence": "medium",
        "geometry_role": "design_proposal",
        "building_type": "talent_apartment",
        "name_zh": "概念建筑基底示意",
        "name_en": "Conceptual building footprint",
        "area_sqm_declared": 6963.082,
        "design_note_zh": "仅为体量关系示意，不含容积率、建筑高度或拆改留结论。"
      },
      "geometry": {
        "type": "Polygon",
        "coordinates": [
          [
            [
              116.34243883690232,
              39.99183959858712
            ],
            [
              116.34145534171871,
              39.9918340146067
            ],
            [
              116.34144807637837,
              39.992590486257875
            ],
            [
              116.34222152262119,
              39.99259487841509
            ],
            [
              116.34243247699088,
              39.992502788367446
            ],
            [
              116.34243883690232,
              39.99183959858712
            ]
          ]
        ]
      },
      "id": "BLD-030"
    },
    {
      "type": "Feature",
      "properties": {
        "id": "BLD-031",
        "layer": "BUILDING_FOOTPRINT",
        "source_type": "agent_generated_design",
        "confidence": "medium",
        "geometry_role": "design_proposal",
        "building_type": "mixed_use",
        "name_zh": "概念建筑基底示意",
        "name_en": "Conceptual building footprint",
        "area_sqm_declared": 2994.231,
        "design_note_zh": "仅为体量关系示意，不含容积率、建筑高度或拆改留结论。"
      },
      "geometry": {
        "type": "Polygon",
        "coordinates": [
          [
            [
              116.34563819281846,
              39.987375164901806
            ],
            [
              116.34499756230531,
              39.98737154633157
            ],
            [
              116.34499285572298,
              39.98786433040959
            ],
            [
              116.34563349083867,
              39.98786794904263
            ],
            [
              116.34563819281846,
              39.987375164901806
            ]
          ]
        ]
      },
      "id": "BLD-031"
    },
    {
      "type": "Feature",
      "properties": {
        "id": "BLD-032",
        "layer": "BUILDING_FOOTPRINT",
        "source_type": "agent_generated_design",
        "confidence": "medium",
        "geometry_role": "design_proposal",
        "building_type": "talent_apartment",
        "name_zh": "概念建筑基底示意",
        "name_en": "Conceptual building footprint",
        "area_sqm_declared": 6619.587,
        "design_note_zh": "仅为体量关系示意，不含容积率、建筑高度或拆改留结论。"
      },
      "geometry": {
        "type": "Polygon",
        "coordinates": [
          [
            [
              116.3447690570377,
              40.00331439192075
            ],
            [
              116.34424070989101,
              40.00331140358336
            ],
            [
              116.34378346127792,
              40.00351098696807
            ],
            [
              116.34377815419458,
              40.00406529689758
            ],
            [
              116.34476182531665,
              40.00407086257172
            ],
            [
              116.3447690570377,
              40.00331439192075
            ]
          ]
        ]
      },
      "id": "BLD-032"
    },
    {
      "type": "Feature",
      "properties": {
        "id": "BLD-033",
        "layer": "BUILDING_FOOTPRINT",
        "source_type": "agent_generated_design",
        "confidence": "medium",
        "geometry_role": "design_proposal",
        "building_type": "mixed_use",
        "name_zh": "概念建筑基底示意",
        "name_en": "Conceptual building footprint",
        "area_sqm_declared": 3493.269,
        "design_note_zh": "仅为体量关系示意，不含容积率、建筑高度或拆改留结论。"
      },
      "geometry": {
        "type": "Polygon",
        "coordinates": [
          [
            [
              116.34618159709242,
              40.01902447308972
            ],
            [
              116.3454893174081,
              40.01902056512692
            ],
            [
              116.34548423183726,
              40.019552829900256
            ],
            [
              116.34617651689969,
              40.01955673793629
            ],
            [
              116.34618159709242,
              40.01902447308972
            ]
          ]
        ]
      },
      "id": "BLD-033"
    },
    {
      "type": "Feature",
      "properties": {
        "id": "BLD-034",
        "layer": "BUILDING_FOOTPRINT",
        "source_type": "agent_generated_design",
        "confidence": "medium",
        "geometry_role": "design_proposal",
        "building_type": "talent_apartment",
        "name_zh": "概念建筑基底示意",
        "name_en": "Conceptual building footprint",
        "area_sqm_declared": 6478.01,
        "design_note_zh": "仅为体量关系示意，不含容积率、建筑高度或拆改留结论。"
      },
      "geometry": {
        "type": "Polygon",
        "coordinates": [
          [
            [
              116.34318215826056,
              40.00905076771061
            ],
            [
              116.34219841597333,
              40.009045188055936
            ],
            [
              116.34219115440916,
              40.00980165756679
            ],
            [
              116.34265087002039,
              40.009804266092395
            ],
            [
              116.34317713753747,
              40.00957458520485
            ],
            [
              116.34318215826056,
              40.00905076771061
            ]
          ]
        ]
      },
      "id": "BLD-034"
    },
    {
      "type": "Feature",
      "properties": {
        "id": "BLD-035",
        "layer": "BUILDING_FOOTPRINT",
        "source_type": "agent_generated_design",
        "confidence": "medium",
        "geometry_role": "design_proposal",
        "building_type": "mixed_use",
        "name_zh": "概念建筑基底示意",
        "name_en": "Conceptual building footprint",
        "area_sqm_declared": 3493.269,
        "design_note_zh": "仅为体量关系示意，不含容积率、建筑高度或拆改留结论。"
      },
      "geometry": {
        "type": "Polygon",
        "coordinates": [
          [
            [
              116.34544005821058,
              39.9893561808791
            ],
            [
              116.34474807821502,
              39.989352270880616
            ],
            [
              116.34474299222732,
              39.9898845383081
            ],
            [
              116.34543497759302,
              39.98988844837987
            ],
            [
              116.34544005821058,
              39.9893561808791
            ]
          ]
        ]
      },
      "id": "BLD-035"
    },
    {
      "type": "Feature",
      "properties": {
        "id": "BLD-036",
        "layer": "BUILDING_FOOTPRINT",
        "source_type": "agent_generated_design",
        "confidence": "medium",
        "geometry_role": "design_proposal",
        "building_type": "mixed_use",
        "name_zh": "概念建筑基底示意",
        "name_en": "Conceptual building footprint",
        "area_sqm_declared": 7056.0,
        "design_note_zh": "仅为体量关系示意，不含容积率、建筑高度或拆改留结论。"
      },
      "geometry": {
        "type": "Polygon",
        "coordinates": [
          [
            [
              116.34443558095299,
              40.01125900326561
            ],
            [
              116.34345180671782,
              40.0112534339966
            ],
            [
              116.34344455842309,
              40.01200990340859
            ],
            [
              116.3444283435172,
              40.012015472825965
            ],
            [
              116.34443558095299,
              40.01125900326561
            ]
          ]
        ]
      },
      "id": "BLD-036"
    },
    {
      "type": "Feature",
      "properties": {
        "id": "BLD-037",
        "layer": "BUILDING_FOOTPRINT",
        "source_type": "agent_generated_design",
        "confidence": "medium",
        "geometry_role": "design_proposal",
        "building_type": "mixed_use",
        "name_zh": "概念建筑基底示意",
        "name_en": "Conceptual building footprint",
        "area_sqm_declared": 3493.269,
        "design_note_zh": "仅为体量关系示意，不含容积率、建筑高度或拆改留结论。"
      },
      "geometry": {
        "type": "Polygon",
        "coordinates": [
          [
            [
              116.34686815822236,
              39.946960681510646
            ],
            [
              116.34617660536033,
              39.94695678345347
            ],
            [
              116.34617153806971,
              39.947489054937506
            ],
            [
              116.34686309629053,
              39.94749295306777
            ],
            [
              116.34686815822236,
              39.946960681510646
            ]
          ]
        ]
      },
      "id": "BLD-037"
    },
    {
      "type": "Feature",
      "properties": {
        "id": "BLD-038",
        "layer": "BUILDING_FOOTPRINT",
        "source_type": "agent_generated_design",
        "confidence": "medium",
        "geometry_role": "design_proposal",
        "building_type": "ai_r_and_d",
        "name_zh": "概念建筑基底示意",
        "name_en": "Conceptual building footprint",
        "area_sqm_declared": 4491.346,
        "design_note_zh": "仅为体量关系示意，不含容积率、建筑高度或拆改留结论。"
      },
      "geometry": {
        "type": "Polygon",
        "coordinates": [
          [
            [
              116.34732165832473,
              39.95438919207797
            ],
            [
              116.34653742619709,
              39.95438477417235
            ],
            [
              116.34653168207998,
              39.95498831256931
            ],
            [
              116.34731592110005,
              39.95499273056885
            ],
            [
              116.34732165832473,
              39.95438919207797
            ]
          ]
        ]
      },
      "id": "BLD-038"
    },
    {
      "type": "Feature",
      "properties": {
        "id": "BLD-039",
        "layer": "BUILDING_FOOTPRINT",
        "source_type": "agent_generated_design",
        "confidence": "medium",
        "geometry_role": "design_proposal",
        "building_type": "mixed_use",
        "name_zh": "概念建筑基底示意",
        "name_en": "Conceptual building footprint",
        "area_sqm_declared": 7056.0,
        "design_note_zh": "仅为体量关系示意，不含容积率、建筑高度或拆改留结论。"
      },
      "geometry": {
        "type": "Polygon",
        "coordinates": [
          [
            [
              116.34397682590468,
              39.99239428031921
            ],
            [
              116.3429933224618,
              39.99238870932521
            ],
            [
              116.34298607394608,
              39.993145181137436
            ],
            [
              116.3439695882377,
              39.99315075227985
            ],
            [
              116.34397682590468,
              39.99239428031921
            ]
          ]
        ]
      },
      "id": "BLD-039"
    },
    {
      "type": "Feature",
      "properties": {
        "id": "BLD-040",
        "layer": "BUILDING_FOOTPRINT",
        "source_type": "agent_generated_design",
        "confidence": "medium",
        "geometry_role": "design_proposal",
        "building_type": "mixed_use",
        "name_zh": "概念建筑基底示意",
        "name_en": "Conceptual building footprint",
        "area_sqm_declared": 2994.231,
        "design_note_zh": "仅为体量关系示意，不含容积率、建筑高度或拆改留结论。"
      },
      "geometry": {
        "type": "Polygon",
        "coordinates": [
          [
            [
              116.34646812435976,
              39.98628791390504
            ],
            [
              116.34582750389602,
              39.98628430000293
            ],
            [
              116.34582280345793,
              39.98677708425541
            ],
            [
              116.34646342852395,
              39.98678069822024
            ],
            [
              116.34646812435976,
              39.98628791390504
            ]
          ]
        ]
      },
      "id": "BLD-040"
    },
    {
      "type": "Feature",
      "properties": {
        "id": "BLD-041",
        "layer": "BUILDING_FOOTPRINT",
        "source_type": "agent_generated_design",
        "confidence": "medium",
        "geometry_role": "design_proposal",
        "building_type": "mixed_use",
        "name_zh": "概念建筑基底示意",
        "name_en": "Conceptual building footprint",
        "area_sqm_declared": 2994.231,
        "design_note_zh": "仅为体量关系示意，不含容积率、建筑高度或拆改留结论。"
      },
      "geometry": {
        "type": "Polygon",
        "coordinates": [
          [
            [
              116.3464473141109,
              39.988471663478286
            ],
            [
              116.34580667325159,
              39.98846804929824
            ],
            [
              116.34580197230055,
              39.98896083336244
            ],
            [
              116.34644261776263,
              39.988964447605206
            ],
            [
              116.3464473141109,
              39.988471663478286
            ]
          ]
        ]
      },
      "id": "BLD-041"
    },
    {
      "type": "Feature",
      "properties": {
        "id": "BLD-042",
        "layer": "BUILDING_FOOTPRINT",
        "source_type": "agent_generated_design",
        "confidence": "medium",
        "geometry_role": "design_proposal",
        "building_type": "mixed_use",
        "name_zh": "概念建筑基底示意",
        "name_en": "Conceptual building footprint",
        "area_sqm_declared": 2994.231,
        "design_note_zh": "仅为体量关系示意，不含容积率、建筑高度或拆改留结论。"
      },
      "geometry": {
        "type": "Polygon",
        "coordinates": [
          [
            [
              116.34642650159101,
              39.990655412217194
            ],
            [
              116.34578584033389,
              39.99065179775919
            ],
            [
              116.34578113886984,
              39.99114458163512
            ],
            [
              116.34642180473021,
              39.991148196155855
            ],
            [
              116.34642650159101,
              39.990655412217194
            ]
          ]
        ]
      },
      "id": "BLD-042"
    },
    {
      "type": "Feature",
      "properties": {
        "id": "BLD-043",
        "layer": "BUILDING_FOOTPRINT",
        "source_type": "agent_generated_design",
        "confidence": "medium",
        "geometry_role": "design_proposal",
        "building_type": "mixed_use",
        "name_zh": "概念建筑基底示意",
        "name_en": "Conceptual building footprint",
        "area_sqm_declared": 7028.58,
        "design_note_zh": "仅为体量关系示意，不含容积率、建筑高度或拆改留结论。"
      },
      "geometry": {
        "type": "Polygon",
        "coordinates": [
          [
            [
              116.34519253696823,
              40.00907942448803
            ],
            [
              116.34432293304897,
              40.009074507724996
            ],
            [
              116.34420830893525,
              40.00912453576662
            ],
            [
              116.34420155449357,
              40.00983033170677
            ],
            [
              116.34518530844639,
              40.009835894448294
            ],
            [
              116.34519253696823,
              40.00907942448803
            ]
          ]
        ]
      },
      "id": "BLD-043"
    },
    {
      "type": "Feature",
      "properties": {
        "id": "BLD-044",
        "layer": "BUILDING_FOOTPRINT",
        "source_type": "agent_generated_design",
        "confidence": "medium",
        "geometry_role": "design_proposal",
        "building_type": "ai_r_and_d",
        "name_zh": "概念建筑基底示意",
        "name_en": "Conceptual building footprint",
        "area_sqm_declared": 7028.58,
        "design_note_zh": "仅为体量关系示意，不含容积率、建筑高度或拆改留结论。"
      },
      "geometry": {
        "type": "Polygon",
        "coordinates": [
          [
            [
              116.3461685623742,
              39.99270597131317
            ],
            [
              116.34529916596809,
              39.99270106353219
            ],
            [
              116.34518457009366,
              39.9927510929065
            ],
            [
              116.34517782961333,
              39.99345689098455
            ],
            [
              116.34616134880723,
              39.99346244356457
            ],
            [
              116.3461685623742,
              39.99270597131317
            ]
          ]
        ]
      },
      "id": "BLD-044"
    },
    {
      "type": "Feature",
      "properties": {
        "id": "BLD-045",
        "layer": "BUILDING_FOOTPRINT",
        "source_type": "agent_generated_design",
        "confidence": "medium",
        "geometry_role": "design_proposal",
        "building_type": "mixed_use",
        "name_zh": "概念建筑基底示意",
        "name_en": "Conceptual building footprint",
        "area_sqm_declared": 2994.231,
        "design_note_zh": "仅为体量关系示意，不含容积率、建筑高度或拆改留结论。"
      },
      "geometry": {
        "type": "Polygon",
        "coordinates": [
          [
            [
              116.34625991964126,
              40.0081253720917
            ],
            [
              116.34561909512166,
              40.00812175540942
            ],
            [
              116.34561438955116,
              40.008614537779046
            ],
            [
              116.34625521867808,
              40.008618154524086
            ],
            [
              116.34625991964126,
              40.0081253720917
            ]
          ]
        ]
      },
      "id": "BLD-045"
    },
    {
      "type": "Feature",
      "properties": {
        "id": "BLD-046",
        "layer": "BUILDING_FOOTPRINT",
        "source_type": "agent_generated_design",
        "confidence": "medium",
        "geometry_role": "design_proposal",
        "building_type": "ai_r_and_d",
        "name_zh": "概念建筑基底示意",
        "name_en": "Conceptual building footprint",
        "area_sqm_declared": 7056.0,
        "design_note_zh": "仅为体量关系示意，不含容积率、建筑高度或拆改留结论。"
      },
      "geometry": {
        "type": "Polygon",
        "coordinates": [
          [
            [
              116.34395837858912,
              39.97740640880458
            ],
            [
              116.34297509003781,
              39.97740083937798
            ],
            [
              116.34296784516489,
              39.97815731314945
            ],
            [
              116.34395114455681,
              39.97816288272445
            ],
            [
              116.34395837858912,
              39.97740640880458
            ]
          ]
        ]
      },
      "id": "BLD-046"
    },
    {
      "type": "Feature",
      "properties": {
        "id": "BLD-047",
        "layer": "BUILDING_FOOTPRINT",
        "source_type": "agent_generated_design",
        "confidence": "medium",
        "geometry_role": "design_proposal",
        "building_type": "mixed_use",
        "name_zh": "概念建筑基底示意",
        "name_en": "Conceptual building footprint",
        "area_sqm_declared": 7056.0,
        "design_note_zh": "仅为体量关系示意，不含容积率、建筑高度或拆改留结论。"
      },
      "geometry": {
        "type": "Polygon",
        "coordinates": [
          [
            [
              116.34447844808872,
              40.01344310319894
            ],
            [
              116.34349464248756,
              40.013437534042886
            ],
            [
              116.34348739410552,
              40.01419400317542
            ],
            [
              116.34447121056685,
              40.014199572479804
            ],
            [
              116.34447844808872,
              40.01344310319894
            ]
          ]
        ]
      },
      "id": "BLD-047"
    },
    {
      "type": "Feature",
      "properties": {
        "id": "BLD-048",
        "layer": "BUILDING_FOOTPRINT",
        "source_type": "agent_generated_design",
        "confidence": "medium",
        "geometry_role": "design_proposal",
        "building_type": "talent_apartment",
        "name_zh": "概念建筑基底示意",
        "name_en": "Conceptual building footprint",
        "area_sqm_declared": 6986.539,
        "design_note_zh": "仅为体量关系示意，不含容积率、建筑高度或拆改留结论。"
      },
      "geometry": {
        "type": "Polygon",
        "coordinates": [
          [
            [
              116.34627020700495,
              39.98178907636983
            ],
            [
              116.34529170734885,
              39.98178355345896
            ],
            [
              116.34528452252842,
              39.98253629432694
            ],
            [
              116.34626303292077,
              39.982541817384245
            ],
            [
              116.34627020700495,
              39.98178907636983
            ]
          ]
        ]
      },
      "id": "BLD-048"
    },
    {
      "type": "Feature",
      "properties": {
        "id": "BLD-049",
        "layer": "BUILDING_FOOTPRINT",
        "source_type": "agent_generated_design",
        "confidence": "medium",
        "geometry_role": "design_proposal",
        "building_type": "mixed_use",
        "name_zh": "概念建筑基底示意",
        "name_en": "Conceptual building footprint",
        "area_sqm_declared": 3493.269,
        "design_note_zh": "仅为体量关系示意，不含容积率、建筑高度或拆改留结论。"
      },
      "geometry": {
        "type": "Polygon",
        "coordinates": [
          [
            [
              116.346514783977,
              39.984084566393584
            ],
            [
              116.34582285701818,
              39.984080663236064
            ],
            [
              116.34581778031966,
              39.98461293126347
            ],
            [
              116.34650971264719,
              39.98461683449414
            ],
            [
              116.346514783977,
              39.984084566393584
            ]
          ]
        ]
      },
      "id": "BLD-049"
    },
    {
      "type": "Feature",
      "properties": {
        "id": "BLD-050",
        "layer": "BUILDING_FOOTPRINT",
        "source_type": "agent_generated_design",
        "confidence": "medium",
        "geometry_role": "design_proposal",
        "building_type": "mixed_use",
        "name_zh": "概念建筑基底示意",
        "name_en": "Conceptual building footprint",
        "area_sqm_declared": 7056.0,
        "design_note_zh": "仅为体量关系示意，不含容积率、建筑高度或拆改留结论。"
      },
      "geometry": {
        "type": "Polygon",
        "coordinates": [
          [
            [
              116.344521317009,
              40.01562720231816
            ],
            [
              116.34353748003838,
              40.01562163327513
            ],
            [
              116.34353023156912,
              40.01637810212819
            ],
            [
              116.3445140794011,
              40.016383671319545
            ],
            [
              116.344521317009,
              40.01562720231816
            ]
          ]
        ]
      },
      "id": "BLD-050"
    },
    {
      "type": "Feature",
      "properties": {
        "id": "BLD-051",
        "layer": "BUILDING_FOOTPRINT",
        "source_type": "agent_generated_design",
        "confidence": "medium",
        "geometry_role": "design_proposal",
        "building_type": "mixed_use",
        "name_zh": "概念建筑基底示意",
        "name_en": "Conceptual building footprint",
        "area_sqm_declared": 7056.0,
        "design_note_zh": "仅为体量关系示意，不含容积率、建筑高度或拆改留结论。"
      },
      "geometry": {
        "type": "Polygon",
        "coordinates": [
          [
            [
              116.34705936512741,
              40.02511817602384
            ],
            [
              116.3460753913387,
              40.02511262744142
            ],
            [
              116.34606816846593,
              40.02586909543585
            ],
            [
              116.34705215312117,
              40.02587464416604
            ],
            [
              116.34705936512741,
              40.02511817602384
            ]
          ]
        ]
      },
      "id": "BLD-051"
    },
    {
      "type": "Feature",
      "properties": {
        "id": "BLD-052",
        "layer": "BUILDING_FOOTPRINT",
        "source_type": "agent_generated_design",
        "confidence": "medium",
        "geometry_role": "design_proposal",
        "building_type": "mixed_use",
        "name_zh": "概念建筑基底示意",
        "name_en": "Conceptual building footprint",
        "area_sqm_declared": 7056.0,
        "design_note_zh": "仅为体量关系示意，不含容积率、建筑高度或拆改留结论。"
      },
      "geometry": {
        "type": "Polygon",
        "coordinates": [
          [
            [
              116.34475240380993,
              40.02468051596382
            ],
            [
              116.34376843676257,
              40.02467494784309
            ],
            [
              116.34376118852188,
              40.02543141554576
            ],
            [
              116.3447451664355,
              40.02543698381479
            ],
            [
              116.34475240380993,
              40.02468051596382
            ]
          ]
        ]
      },
      "id": "BLD-052"
    },
    {
      "type": "Feature",
      "properties": {
        "id": "BLD-053",
        "layer": "BUILDING_FOOTPRINT",
        "source_type": "agent_generated_design",
        "confidence": "medium",
        "geometry_role": "design_proposal",
        "building_type": "mixed_use",
        "name_zh": "概念建筑基底示意",
        "name_en": "Conceptual building footprint",
        "area_sqm_declared": 6817.25,
        "design_note_zh": "仅为体量关系示意，不含容积率、建筑高度或拆改留结论。"
      },
      "geometry": {
        "type": "Polygon",
        "coordinates": [
          [
            [
              116.34510124604743,
              40.01782029569877
            ],
            [
              116.34413287653786,
              40.01781481904868
            ],
            [
              116.34412614335253,
              40.018518095601344
            ],
            [
              116.34421873079788,
              40.018559897135304
            ],
            [
              116.34509412820702,
              40.01856484770296
            ],
            [
              116.34510124604743,
              40.01782029569877
            ]
          ]
        ]
      },
      "id": "BLD-053"
    },
    {
      "type": "Feature",
      "properties": {
        "id": "BLD-054",
        "layer": "BUILDING_FOOTPRINT",
        "source_type": "agent_generated_design",
        "confidence": "medium",
        "geometry_role": "design_proposal",
        "building_type": "talent_apartment",
        "name_zh": "概念建筑基底示意",
        "name_en": "Conceptual building footprint",
        "area_sqm_declared": 7056.0,
        "design_note_zh": "仅为体量关系示意，不含容积率、建筑高度或拆改留结论。"
      },
      "geometry": {
        "type": "Polygon",
        "coordinates": [
          [
            [
              116.34399384522715,
              39.96867112123887
            ],
            [
              116.34301068183618,
              39.96866555311799
            ],
            [
              116.34300343959515,
              39.9694220280383
            ],
            [
              116.343986613822,
              39.96942759630755
            ],
            [
              116.34399384522715,
              39.96867112123887
            ]
          ]
        ]
      },
      "id": "BLD-054"
    },
    {
      "type": "Feature",
      "properties": {
        "id": "BLD-055",
        "layer": "BUILDING_FOOTPRINT",
        "source_type": "agent_generated_design",
        "confidence": "medium",
        "geometry_role": "design_proposal",
        "building_type": "ai_r_and_d",
        "name_zh": "概念建筑基底示意",
        "name_en": "Conceptual building footprint",
        "area_sqm_declared": 6237.981,
        "design_note_zh": "仅为体量关系示意，不含容积率、建筑高度或拆改留结论。"
      },
      "geometry": {
        "type": "Polygon",
        "coordinates": [
          [
            [
              116.34740946355025,
              39.9525159145735
            ],
            [
              116.34648526233994,
              39.952510708365416
            ],
            [
              116.34647849272355,
              39.95322198540394
            ],
            [
              116.34740270350576,
              39.953227191742464
            ],
            [
              116.34740946355025,
              39.9525159145735
            ]
          ]
        ]
      },
      "id": "BLD-055"
    },
    {
      "type": "Feature",
      "properties": {
        "id": "BLD-056",
        "layer": "BUILDING_FOOTPRINT",
        "source_type": "agent_generated_design",
        "confidence": "medium",
        "geometry_role": "design_proposal",
        "building_type": "ai_r_and_d",
        "name_zh": "概念建筑基底示意",
        "name_en": "Conceptual building footprint",
        "area_sqm_declared": 5239.904,
        "design_note_zh": "仅为体量关系示意，不含容积率、建筑高度或拆改留结论。"
      },
      "geometry": {
        "type": "Polygon",
        "coordinates": [
          [
            [
              116.34726082367125,
              39.95691252809099
            ],
            [
              116.34641372504693,
              39.95690775528459
            ],
            [
              116.3464075189552,
              39.95755965095654
            ],
            [
              116.34725462562169,
              39.95756442387254
            ],
            [
              116.34726082367125,
              39.95691252809099
            ]
          ]
        ]
      },
      "id": "BLD-056"
    },
    {
      "type": "Feature",
      "properties": {
        "id": "BLD-057",
        "layer": "BUILDING_FOOTPRINT",
        "source_type": "agent_generated_design",
        "confidence": "medium",
        "geometry_role": "design_proposal",
        "building_type": "talent_apartment",
        "name_zh": "概念建筑基底示意",
        "name_en": "Conceptual building footprint",
        "area_sqm_declared": 7056.0,
        "design_note_zh": "仅为体量关系示意，不含容积率、建筑高度或拆改留结论。"
      },
      "geometry": {
        "type": "Polygon",
        "coordinates": [
          [
            [
              116.34455541520867,
              39.99910894023273
            ],
            [
              116.34357181532819,
              39.999103373376755
            ],
            [
              116.3435645714734,
              39.99985984439768
            ],
            [
              116.34454818220628,
              39.99986541140194
            ],
            [
              116.34455541520867,
              39.99910894023273
            ]
          ]
        ]
      },
      "id": "BLD-057"
    },
    {
      "type": "Feature",
      "properties": {
        "id": "BLD-058",
        "layer": "BUILDING_FOOTPRINT",
        "source_type": "agent_generated_design",
        "confidence": "medium",
        "geometry_role": "design_proposal",
        "building_type": "talent_apartment",
        "name_zh": "概念建筑基底示意",
        "name_en": "Conceptual building footprint",
        "area_sqm_declared": 3992.308,
        "design_note_zh": "仅为体量关系示意，不含容积率、建筑高度或拆改留结论。"
      },
      "geometry": {
        "type": "Polygon",
        "coordinates": [
          [
            [
              116.34635150706916,
              40.003720049805054
            ],
            [
              116.34561159420801,
              40.0037158742679
            ],
            [
              116.34560616145767,
              40.00428489076463
            ],
            [
              116.34634608046052,
              40.004289066385454
            ],
            [
              116.34635150706916,
              40.003720049805054
            ]
          ]
        ]
      },
      "id": "BLD-058"
    },
    {
      "type": "Feature",
      "properties": {
        "id": "BLD-059",
        "layer": "BUILDING_FOOTPRINT",
        "source_type": "agent_generated_design",
        "confidence": "medium",
        "geometry_role": "design_proposal",
        "building_type": "mixed_use",
        "name_zh": "概念建筑基底示意",
        "name_en": "Conceptual building footprint",
        "area_sqm_declared": 3493.269,
        "design_note_zh": "仅为体量关系示意，不含容积率、建筑高度或拆改留结论。"
      },
      "geometry": {
        "type": "Polygon",
        "coordinates": [
          [
            [
              116.34606173484353,
              40.01010638172588
            ],
            [
              116.34536954527623,
              40.01010247376588
            ],
            [
              116.34536446037964,
              40.01063473934806
            ],
            [
              116.34605665532263,
              40.0106386473813
            ],
            [
              116.34606173484353,
              40.01010638172588
            ]
          ]
        ]
      },
      "id": "BLD-059"
    },
    {
      "type": "Feature",
      "properties": {
        "id": "BLD-060",
        "layer": "BUILDING_FOOTPRINT",
        "source_type": "agent_generated_design",
        "confidence": "medium",
        "geometry_role": "design_proposal",
        "building_type": "mixed_use",
        "name_zh": "概念建筑基底示意",
        "name_en": "Conceptual building footprint",
        "area_sqm_declared": 3493.269,
        "design_note_zh": "仅为体量关系示意，不含容积率、建筑高度或拆改留结论。"
      },
      "geometry": {
        "type": "Polygon",
        "coordinates": [
          [
            [
              116.34603742041648,
              40.012654078771526
            ],
            [
              116.34534520511698,
              40.01265017046094
            ],
            [
              116.34534011957288,
              40.01318243580583
            ],
            [
              116.34603234024877,
              40.01318634418966
            ],
            [
              116.34603742041648,
              40.012654078771526
            ]
          ]
        ]
      },
      "id": "BLD-060"
    },
    {
      "type": "Feature",
      "properties": {
        "id": "BLD-061",
        "layer": "BUILDING_FOOTPRINT",
        "source_type": "agent_generated_design",
        "confidence": "medium",
        "geometry_role": "design_proposal",
        "building_type": "ai_r_and_d",
        "name_zh": "概念建筑基底示意",
        "name_en": "Conceptual building footprint",
        "area_sqm_declared": 5988.316,
        "design_note_zh": "仅为体量关系示意，不含容积率、建筑高度或拆改留结论。"
      },
      "geometry": {
        "type": "Polygon",
        "coordinates": [
          [
            [
              116.34687633560416,
              40.00038327124738
            ],
            [
              116.34597849005556,
              40.00037820800796
            ],
            [
              116.34597013993417,
              40.000381853087006
            ],
            [
              116.34596352583686,
              40.00107506156589
            ],
            [
              116.34686969549212,
              40.001080171853594
            ],
            [
              116.34687633560416,
              40.00038327124738
            ]
          ]
        ]
      },
      "id": "BLD-061"
    },
    {
      "type": "Feature",
      "properties": {
        "id": "BLD-062",
        "layer": "BUILDING_FOOTPRINT",
        "source_type": "agent_generated_design",
        "confidence": "medium",
        "geometry_role": "design_proposal",
        "building_type": "mixed_use",
        "name_zh": "概念建筑基底示意",
        "name_en": "Conceptual building footprint",
        "area_sqm_declared": 3493.269,
        "design_note_zh": "仅为体量关系示意，不含容积率、建筑高度或拆改留结论。"
      },
      "geometry": {
        "type": "Polygon",
        "coordinates": [
          [
            [
              116.34601657701474,
              40.01483781819237
            ],
            [
              116.3453243396565,
              40.01483390958126
            ],
            [
              116.34531925355734,
              40.01536617472276
            ],
            [
              116.34601149629255,
              40.01537008340712
            ],
            [
              116.34601657701474,
              40.01483781819237
            ]
          ]
        ]
      },
      "id": "BLD-062"
    },
    {
      "type": "Feature",
      "properties": {
        "id": "BLD-063",
        "layer": "BUILDING_FOOTPRINT",
        "source_type": "agent_generated_design",
        "confidence": "medium",
        "geometry_role": "design_proposal",
        "building_type": "mixed_use",
        "name_zh": "概念建筑基底示意",
        "name_en": "Conceptual building footprint",
        "area_sqm_declared": 2994.231,
        "design_note_zh": "仅为体量关系示意，不含容积率、建筑高度或拆改留结论。"
      },
      "geometry": {
        "type": "Polygon",
        "coordinates": [
          [
            [
              116.34706929138252,
              40.009221864463655
            ],
            [
              116.34642845650617,
              40.00921825217496
            ],
            [
              116.34642375657309,
              40.0097110345307
            ],
            [
              116.347064596057,
              40.00971464688207
            ],
            [
              116.34706929138252,
              40.009221864463655
            ]
          ]
        ]
      },
      "id": "BLD-063"
    },
    {
      "type": "Feature",
      "properties": {
        "id": "BLD-064",
        "layer": "BUILDING_FOOTPRINT",
        "source_type": "agent_generated_design",
        "confidence": "medium",
        "geometry_role": "design_proposal",
        "building_type": "mixed_use",
        "name_zh": "概念建筑基底示意",
        "name_en": "Conceptual building footprint",
        "area_sqm_declared": 2994.231,
        "design_note_zh": "仅为体量关系示意，不含容积率、建筑高度或拆改留结论。"
      },
      "geometry": {
        "type": "Polygon",
        "coordinates": [
          [
            [
              116.34704848339491,
              40.01140560563135
            ],
            [
              116.34640762809961,
              40.011401993064894
            ],
            [
              116.34640292765354,
              40.01189477523232
            ],
            [
              116.34704378755691,
              40.01189838786148
            ],
            [
              116.34704848339491,
              40.01140560563135
            ]
          ]
        ]
      },
      "id": "BLD-064"
    },
    {
      "type": "Feature",
      "properties": {
        "id": "BLD-065",
        "layer": "BUILDING_FOOTPRINT",
        "source_type": "agent_generated_design",
        "confidence": "medium",
        "geometry_role": "design_proposal",
        "building_type": "mixed_use",
        "name_zh": "概念建筑基底示意",
        "name_en": "Conceptual building footprint",
        "area_sqm_declared": 3493.269,
        "design_note_zh": "仅为体量关系示意，不含容积率、建筑高度或拆改留结论。"
      },
      "geometry": {
        "type": "Polygon",
        "coordinates": [
          [
            [
              116.345995731338,
              40.01702155677877
            ],
            [
              116.34530347191858,
              40.01701764786711
            ],
            [
              116.34529838526427,
              40.01754991280521
            ],
            [
              116.34599065006124,
              40.01755382179011
            ],
            [
              116.345995731338,
              40.01702155677877
            ]
          ]
        ]
      },
      "id": "BLD-065"
    },
    {
      "type": "Feature",
      "properties": {
        "id": "BLD-066",
        "layer": "BUILDING_FOOTPRINT",
        "source_type": "agent_generated_design",
        "confidence": "medium",
        "geometry_role": "design_proposal",
        "building_type": "mixed_use",
        "name_zh": "概念建筑基底示意",
        "name_en": "Conceptual building footprint",
        "area_sqm_declared": 2994.231,
        "design_note_zh": "仅为体量关系示意，不含容积率、建筑高度或拆改留结论。"
      },
      "geometry": {
        "type": "Polygon",
        "coordinates": [
          [
            [
              116.34702767313624,
              40.013589345964625
            ],
            [
              116.34638679741971,
              40.013585733120365
            ],
            [
              116.34638209646063,
              40.014078515099506
            ],
            [
              116.3470229767857,
              40.01408212800645
            ],
            [
              116.34702767313624,
              40.013589345964625
            ]
          ]
        ]
      },
      "id": "BLD-066"
    },
    {
      "type": "Feature",
      "properties": {
        "id": "BLD-067",
        "layer": "BUILDING_FOOTPRINT",
        "source_type": "agent_generated_design",
        "confidence": "medium",
        "geometry_role": "design_proposal",
        "building_type": "ai_r_and_d",
        "name_zh": "概念建筑基底示意",
        "name_en": "Conceptual building footprint",
        "area_sqm_declared": 2994.231,
        "design_note_zh": "仅为体量关系示意，不含容积率、建筑高度或拆改留结论。"
      },
      "geometry": {
        "type": "Polygon",
        "coordinates": [
          [
            [
              116.34700686060617,
              40.01577308546346
            ],
            [
              116.34636596446623,
              40.01576947234139
            ],
            [
              116.34636126299404,
              40.01626225413222
            ],
            [
              116.34700216374304,
              40.01626586731699
            ],
            [
              116.34700686060617,
              40.01577308546346
            ]
          ]
        ]
      },
      "id": "BLD-067"
    },
    {
      "type": "Feature",
      "properties": {
        "id": "BLD-068",
        "layer": "BUILDING_FOOTPRINT",
        "source_type": "agent_generated_design",
        "confidence": "medium",
        "geometry_role": "design_proposal",
        "building_type": "mixed_use",
        "name_zh": "概念建筑基底示意",
        "name_en": "Conceptual building footprint",
        "area_sqm_declared": 7056.0,
        "design_note_zh": "仅为体量关系示意，不含容积率、建筑高度或拆改留结论。"
      },
      "geometry": {
        "type": "Polygon",
        "coordinates": [
          [
            [
              116.34651782206302,
              40.02055215271308
            ],
            [
              116.34553391397054,
              40.02054660005524
            ],
            [
              116.34552668628496,
              40.021303068565686
            ],
            [
              116.34651060524148,
              40.02130862137144
            ],
            [
              116.34651782206302,
              40.02055215271308
            ]
          ]
        ]
      },
      "id": "BLD-068"
    },
    {
      "type": "Feature",
      "properties": {
        "id": "BLD-069",
        "layer": "BUILDING_FOOTPRINT",
        "source_type": "agent_generated_design",
        "confidence": "medium",
        "geometry_role": "design_proposal",
        "building_type": "mixed_use",
        "name_zh": "概念建筑基底示意",
        "name_en": "Conceptual building footprint",
        "area_sqm_declared": 2994.231,
        "design_note_zh": "仅为体量关系示意，不含容积率、建筑高度或拆改留结论。"
      },
      "geometry": {
        "type": "Polygon",
        "coordinates": [
          [
            [
              116.34698604580447,
              40.01795682412783
            ],
            [
              116.34634512923888,
              40.017953210727946
            ],
            [
              116.34634042725352,
              40.01844599233047
            ],
            [
              116.34698134842868,
              40.01844960579306
            ],
            [
              116.34698604580447,
              40.01795682412783
            ]
          ]
        ]
      },
      "id": "BLD-069"
    },
    {
      "type": "Feature",
      "properties": {
        "id": "BLD-070",
        "layer": "BUILDING_FOOTPRINT",
        "source_type": "agent_generated_design",
        "confidence": "medium",
        "geometry_role": "design_proposal",
        "building_type": "ai_r_and_d",
        "name_zh": "概念建筑基底示意",
        "name_en": "Conceptual building footprint",
        "area_sqm_declared": 7028.58,
        "design_note_zh": "仅为体量关系示意，不含容积率、建筑高度或拆改留结论。"
      },
      "geometry": {
        "type": "Polygon",
        "coordinates": [
          [
            [
              116.3469361525706,
              39.99816995883247
            ],
            [
              116.34595256569372,
              39.998164412288155
            ],
            [
              116.34594583182871,
              39.99887020981329
            ],
            [
              116.34605947065948,
              39.99892152777754
            ],
            [
              116.34692894607859,
              39.99892643048439
            ],
            [
              116.3469361525706,
              39.99816995883247
            ]
          ]
        ]
      },
      "id": "BLD-070"
    },
    {
      "type": "Feature",
      "properties": {
        "id": "BLD-071",
        "layer": "BUILDING_FOOTPRINT",
        "source_type": "agent_generated_design",
        "confidence": "medium",
        "geometry_role": "design_proposal",
        "building_type": "talent_apartment",
        "name_zh": "概念建筑基底示意",
        "name_en": "Conceptual building footprint",
        "area_sqm_declared": 3493.269,
        "design_note_zh": "仅为体量关系示意，不含容积率、建筑高度或拆改留结论。"
      },
      "geometry": {
        "type": "Polygon",
        "coordinates": [
          [
            [
              116.34711595730678,
              40.007018525368935
            ],
            [
              116.34642379878139,
              40.007014623953935
            ],
            [
              116.34641872262813,
              40.007546889932655
            ],
            [
              116.34711088652841,
              40.007550791420776
            ],
            [
              116.34711595730678,
              40.007018525368935
            ]
          ]
        ]
      },
      "id": "BLD-071"
    },
    {
      "type": "Feature",
      "properties": {
        "id": "BLD-072",
        "layer": "BUILDING_FOOTPRINT",
        "source_type": "agent_generated_design",
        "confidence": "medium",
        "geometry_role": "design_proposal",
        "building_type": "talent_apartment",
        "name_zh": "概念建筑基底示意",
        "name_en": "Conceptual building footprint",
        "area_sqm_declared": 7028.58,
        "design_note_zh": "仅为体量关系示意，不含容积率、建筑高度或拆改留结论。"
      },
      "geometry": {
        "type": "Polygon",
        "coordinates": [
          [
            [
              116.34956036523938,
              39.980764462016815
            ],
            [
              116.34944675364436,
              39.98071314754513
            ],
            [
              116.34857750868049,
              39.98070826556243
            ],
            [
              116.34857032474072,
              39.981464739747565
            ],
            [
              116.34955367263998,
              39.98147026217436
            ],
            [
              116.34956036523938,
              39.980764462016815
            ]
          ]
        ]
      },
      "id": "BLD-072"
    },
    {
      "type": "Feature",
      "properties": {
        "id": "BLD-073",
        "layer": "BUILDING_FOOTPRINT",
        "source_type": "agent_generated_design",
        "confidence": "medium",
        "geometry_role": "design_proposal",
        "building_type": "mixed_use",
        "name_zh": "概念建筑基底示意",
        "name_en": "Conceptual building footprint",
        "area_sqm_declared": 3493.269,
        "design_note_zh": "仅为体量关系示意，不含容积率、建筑高度或拆改留结论。"
      },
      "geometry": {
        "type": "Polygon",
        "coordinates": [
          [
            [
              116.35036803293004,
              39.94497845345197
            ],
            [
              116.34967649954419,
              39.94497457642987
            ],
            [
              116.3496714597311,
              39.94550684846736
            ],
            [
              116.35036299847519,
              39.94551072556214
            ],
            [
              116.35036803293004,
              39.94497845345197
            ]
          ]
        ]
      },
      "id": "BLD-073"
    },
    {
      "type": "Feature",
      "properties": {
        "id": "BLD-074",
        "layer": "BUILDING_FOOTPRINT",
        "source_type": "agent_generated_design",
        "confidence": "medium",
        "geometry_role": "design_proposal",
        "building_type": "mixed_use",
        "name_zh": "概念建筑基底示意",
        "name_en": "Conceptual building footprint",
        "area_sqm_declared": 3493.269,
        "design_note_zh": "仅为体量关系示意，不含容积率、建筑高度或拆改留结论。"
      },
      "geometry": {
        "type": "Polygon",
        "coordinates": [
          [
            [
              116.35033016215719,
              39.94898202542209
            ],
            [
              116.34963858846481,
              39.94897814785318
            ],
            [
              116.34963354764359,
              39.94951041951797
            ],
            [
              116.35032512669531,
              39.94951429715959
            ],
            [
              116.35033016215719,
              39.94898202542209
            ]
          ]
        ]
      },
      "id": "BLD-074"
    },
    {
      "type": "Feature",
      "properties": {
        "id": "BLD-075",
        "layer": "BUILDING_FOOTPRINT",
        "source_type": "agent_generated_design",
        "confidence": "medium",
        "geometry_role": "design_proposal",
        "building_type": "talent_apartment",
        "name_zh": "概念建筑基底示意",
        "name_en": "Conceptual building footprint",
        "area_sqm_declared": 3992.308,
        "design_note_zh": "仅为体量关系示意，不含容积率、建筑高度或拆改留结论。"
      },
      "geometry": {
        "type": "Polygon",
        "coordinates": [
          [
            [
              116.35008571711205,
              39.955695909827305
            ],
            [
              116.34934632148864,
              39.95569176224517
            ],
            [
              116.34934092891613,
              39.95626078389404
            ],
            [
              116.35008033066657,
              39.95626493155931
            ],
            [
              116.35008571711205,
              39.955695909827305
            ]
          ]
        ]
      },
      "id": "BLD-075"
    },
    {
      "type": "Feature",
      "properties": {
        "id": "BLD-076",
        "layer": "BUILDING_FOOTPRINT",
        "source_type": "agent_generated_design",
        "confidence": "medium",
        "geometry_role": "design_proposal",
        "building_type": "talent_apartment",
        "name_zh": "概念建筑基底示意",
        "name_en": "Conceptual building footprint",
        "area_sqm_declared": 5489.423,
        "design_note_zh": "仅为体量关系示意，不含容积率、建筑高度或拆改留结论。"
      },
      "geometry": {
        "type": "Polygon",
        "coordinates": [
          [
            [
              116.35053890994845,
              39.957833217996395
            ],
            [
              116.3496718646742,
              39.957828357222624
            ],
            [
              116.34966554399257,
              39.95849559404075
            ],
            [
              116.35053259769239,
              39.95850045492876
            ],
            [
              116.35053890994845,
              39.957833217996395
            ]
          ]
        ]
      },
      "id": "BLD-076"
    },
    {
      "type": "Feature",
      "properties": {
        "id": "BLD-077",
        "layer": "BUILDING_FOOTPRINT",
        "source_type": "agent_generated_design",
        "confidence": "medium",
        "geometry_role": "design_proposal",
        "building_type": "talent_apartment",
        "name_zh": "概念建筑基底示意",
        "name_en": "Conceptual building footprint",
        "area_sqm_declared": 3992.308,
        "design_note_zh": "仅为体量关系示意，不含容积率、建筑高度或拆改留结论。"
      },
      "geometry": {
        "type": "Polygon",
        "coordinates": [
          [
            [
              116.34998233123443,
              39.96661471501192
            ],
            [
              116.34924281801098,
              39.96661056583436
            ],
            [
              116.34923742249583,
              39.96717958639652
            ],
            [
              116.34997694184962,
              39.967183735657244
            ],
            [
              116.34998233123443,
              39.96661471501192
            ]
          ]
        ]
      },
      "id": "BLD-077"
    },
    {
      "type": "Feature",
      "properties": {
        "id": "BLD-078",
        "layer": "BUILDING_FOOTPRINT",
        "source_type": "agent_generated_design",
        "confidence": "medium",
        "geometry_role": "design_proposal",
        "building_type": "talent_apartment",
        "name_zh": "概念建筑基底示意",
        "name_en": "Conceptual building footprint",
        "area_sqm_declared": 7056.0,
        "design_note_zh": "仅为体量关系示意，不含容积率、建筑高度或拆改留结论。"
      },
      "geometry": {
        "type": "Polygon",
        "coordinates": [
          [
            [
              116.3521704159348,
              39.973084852962785
            ],
            [
              116.35118718770461,
              39.973079353687524
            ],
            [
              116.35118003447505,
              39.97383582926319
            ],
            [
              116.35216327354355,
              39.97384132868497
            ],
            [
              116.3521704159348,
              39.973084852962785
            ]
          ]
        ]
      },
      "id": "BLD-078"
    },
    {
      "type": "Feature",
      "properties": {
        "id": "BLD-079",
        "layer": "BUILDING_FOOTPRINT",
        "source_type": "agent_generated_design",
        "confidence": "medium",
        "geometry_role": "design_proposal",
        "building_type": "mixed_use",
        "name_zh": "概念建筑基底示意",
        "name_en": "Conceptual building footprint",
        "area_sqm_declared": 7056.0,
        "design_note_zh": "仅为体量关系示意，不含容积率、建筑高度或拆改留结论。"
      },
      "geometry": {
        "type": "Polygon",
        "coordinates": [
          [
            [
              116.35173268149482,
              39.983208651904555
            ],
            [
              116.35074930824933,
              39.98320314776565
            ],
            [
              116.35074214762707,
              39.983959621950454
            ],
            [
              116.3517255317164,
              39.98396512623599
            ],
            [
              116.35173268149482,
              39.983208651904555
            ]
          ]
        ]
      },
      "id": "BLD-079"
    },
    {
      "type": "Feature",
      "properties": {
        "id": "BLD-080",
        "layer": "BUILDING_FOOTPRINT",
        "source_type": "agent_generated_design",
        "confidence": "medium",
        "geometry_role": "design_proposal",
        "building_type": "mixed_use",
        "name_zh": "概念建筑基底示意",
        "name_en": "Conceptual building footprint",
        "area_sqm_declared": 2994.231,
        "design_note_zh": "仅为体量关系示意，不含容积率、建筑高度或拆改留结论。"
      },
      "geometry": {
        "type": "Polygon",
        "coordinates": [
          [
            [
              116.34974618087202,
              39.98630635083325
            ],
            [
              116.34910555981779,
              39.98630275504711
            ],
            [
              116.34910088292953,
              39.986795539619884
            ],
            [
              116.34974150858605,
              39.98679913546842
            ],
            [
              116.34974618087202,
              39.98630635083325
            ]
          ]
        ]
      },
      "id": "BLD-080"
    },
    {
      "type": "Feature",
      "properties": {
        "id": "BLD-081",
        "layer": "BUILDING_FOOTPRINT",
        "source_type": "agent_generated_design",
        "confidence": "medium",
        "geometry_role": "design_proposal",
        "building_type": "mixed_use",
        "name_zh": "概念建筑基底示意",
        "name_en": "Conceptual building footprint",
        "area_sqm_declared": 7028.58,
        "design_note_zh": "仅为体量关系示意，不含容积率、建筑高度或拆改留结论。"
      },
      "geometry": {
        "type": "Polygon",
        "coordinates": [
          [
            [
              116.35030741793082,
              39.98841219065746
            ],
            [
              116.35019379317508,
              39.98836087687967
            ],
            [
              116.34932445115692,
              39.988355999728945
            ],
            [
              116.34931727351169,
              39.98911247302526
            ],
            [
              116.35030073120821,
              39.98911798998559
            ],
            [
              116.35030741793082,
              39.98841219065746
            ]
          ]
        ]
      },
      "id": "BLD-081"
    },
    {
      "type": "Feature",
      "properties": {
        "id": "BLD-082",
        "layer": "BUILDING_FOOTPRINT",
        "source_type": "agent_generated_design",
        "confidence": "medium",
        "geometry_role": "design_proposal",
        "building_type": "mixed_use",
        "name_zh": "概念建筑基底示意",
        "name_en": "Conceptual building footprint",
        "area_sqm_declared": 7056.0,
        "design_note_zh": "仅为体量关系示意，不含容积率、建筑高度或拆改留结论。"
      },
      "geometry": {
        "type": "Polygon",
        "coordinates": [
          [
            [
              116.35145234255114,
              39.99055179251321
            ],
            [
              116.35046886406771,
              39.99054628516103
            ],
            [
              116.35046169849062,
              39.99130275834246
            ],
            [
              116.35144518782185,
              39.991308265841354
            ],
            [
              116.35145234255114,
              39.99055179251321
            ]
          ]
        ]
      },
      "id": "BLD-082"
    },
    {
      "type": "Feature",
      "properties": {
        "id": "BLD-083",
        "layer": "BUILDING_FOOTPRINT",
        "source_type": "agent_generated_design",
        "confidence": "medium",
        "geometry_role": "design_proposal",
        "building_type": "mixed_use",
        "name_zh": "概念建筑基底示意",
        "name_en": "Conceptual building footprint",
        "area_sqm_declared": 7056.0,
        "design_note_zh": "仅为体量关系示意，不含容积率、建筑高度或拆改留结论。"
      },
      "geometry": {
        "type": "Polygon",
        "coordinates": [
          [
            [
              116.3515018098885,
              39.99273593501187
            ],
            [
              116.35051830006974,
              39.99273042783112
            ],
            [
              116.35051113448415,
              39.993486900734034
            ],
            [
              116.35149465515192,
              39.99349240806151
            ],
            [
              116.3515018098885,
              39.99273593501187
            ]
          ]
        ]
      },
      "id": "BLD-083"
    },
    {
      "type": "Feature",
      "properties": {
        "id": "BLD-084",
        "layer": "BUILDING_FOOTPRINT",
        "source_type": "agent_generated_design",
        "confidence": "medium",
        "geometry_role": "design_proposal",
        "building_type": "talent_apartment",
        "name_zh": "概念建筑基底示意",
        "name_en": "Conceptual building footprint",
        "area_sqm_declared": 7056.0,
        "design_note_zh": "仅为体量关系示意，不含容积率、建筑高度或拆改留结论。"
      },
      "geometry": {
        "type": "Polygon",
        "coordinates": [
          [
            [
              116.35160075120349,
              39.99710421756037
            ],
            [
              116.35061717870383,
              39.99709871072265
            ],
            [
              116.35061001310147,
              39.997855183068516
            ],
            [
              116.3515935964525,
              39.99786069005294
            ],
            [
              116.35160075120349,
              39.99710421756037
            ]
          ]
        ]
      },
      "id": "BLD-084"
    },
    {
      "type": "Feature",
      "properties": {
        "id": "BLD-085",
        "layer": "BUILDING_FOOTPRINT",
        "source_type": "agent_generated_design",
        "confidence": "medium",
        "geometry_role": "design_proposal",
        "building_type": "mixed_use",
        "name_zh": "概念建筑基底示意",
        "name_en": "Conceptual building footprint",
        "area_sqm_declared": 5239.904,
        "design_note_zh": "仅为体量关系示意，不含容积率、建筑高度或拆改留结论。"
      },
      "geometry": {
        "type": "Polygon",
        "coordinates": [
          [
            [
              116.35032496743865,
              40.02262771898879
            ],
            [
              116.34947705616494,
              40.02262296212291
            ],
            [
              116.34947086477743,
              40.023274850778904
            ],
            [
              116.3503187841198,
              40.02327960775398
            ],
            [
              116.35032496743865,
              40.02262771898879
            ]
          ]
        ]
      },
      "id": "BLD-085"
    },
    {
      "type": "Feature",
      "properties": {
        "id": "BLD-086",
        "layer": "BUILDING_FOOTPRINT",
        "source_type": "agent_generated_design",
        "confidence": "medium",
        "geometry_role": "design_proposal",
        "building_type": "talent_apartment",
        "name_zh": "概念建筑基底示意",
        "name_en": "Conceptual building footprint",
        "area_sqm_declared": 7056.0,
        "design_note_zh": "仅为体量关系示意，不含容积率、建筑高度或拆改留结论。"
      },
      "geometry": {
        "type": "Polygon",
        "coordinates": [
          [
            [
              116.35388950923219,
              39.941064225752534
            ],
            [
              116.35290673912294,
              39.94105874468745
            ],
            [
              116.35289961293243,
              39.94181522471151
            ],
            [
              116.35388239386269,
              39.941820705922645
            ],
            [
              116.35388950923219,
              39.941064225752534
            ]
          ]
        ]
      },
      "id": "BLD-086"
    },
    {
      "type": "Feature",
      "properties": {
        "id": "BLD-087",
        "layer": "BUILDING_FOOTPRINT",
        "source_type": "agent_generated_design",
        "confidence": "medium",
        "geometry_role": "design_proposal",
        "building_type": "talent_apartment",
        "name_zh": "概念建筑基底示意",
        "name_en": "Conceptual building footprint",
        "area_sqm_declared": 3493.269,
        "design_note_zh": "仅为体量关系示意，不含容积率、建筑高度或拆改留结论。"
      },
      "geometry": {
        "type": "Polygon",
        "coordinates": [
          [
            [
              116.35101496852523,
              39.94152426080911
            ],
            [
              116.35032346982418,
              39.94152038792234
            ],
            [
              116.35031843564032,
              39.942052660346256
            ],
            [
              116.35100993969871,
              39.94205653330563
            ],
            [
              116.35101496852523,
              39.94152426080911
            ]
          ]
        ]
      },
      "id": "BLD-087"
    },
    {
      "type": "Feature",
      "properties": {
        "id": "BLD-088",
        "layer": "BUILDING_FOOTPRINT",
        "source_type": "agent_generated_design",
        "confidence": "medium",
        "geometry_role": "design_proposal",
        "building_type": "mixed_use",
        "name_zh": "概念建筑基底示意",
        "name_en": "Conceptual building footprint",
        "area_sqm_declared": 3493.269,
        "design_note_zh": "仅为体量关系示意，不含容积率、建筑高度或拆改留结论。"
      },
      "geometry": {
        "type": "Polygon",
        "coordinates": [
          [
            [
              116.35097370076652,
              39.94589179689868
            ],
            [
              116.35028215810188,
              39.94588792341601
            ],
            [
              116.35027712281945,
              39.946420195433376
            ],
            [
              116.35096867084262,
              39.94642406898866
            ],
            [
              116.35097370076652,
              39.94589179689868
            ]
          ]
        ]
      },
      "id": "BLD-088"
    },
    {
      "type": "Feature",
      "properties": {
        "id": "BLD-089",
        "layer": "BUILDING_FOOTPRINT",
        "source_type": "agent_generated_design",
        "confidence": "medium",
        "geometry_role": "design_proposal",
        "building_type": "mixed_use",
        "name_zh": "概念建筑基底示意",
        "name_en": "Conceptual building footprint",
        "area_sqm_declared": 7028.58,
        "design_note_zh": "仅为体量关系示意，不含容积率、建筑高度或拆改留结论。"
      },
      "geometry": {
        "type": "Polygon",
        "coordinates": [
          [
            [
              116.35150882541393,
              39.94801724153532
            ],
            [
              116.35139526619979,
              39.94796592910636
            ],
            [
              116.35052643550921,
              39.947961065028046
            ],
            [
              116.35051928135859,
              39.94871754379232
            ],
            [
              116.35150216059172,
              39.94872304596476
            ],
            [
              116.35150882541393,
              39.94801724153532
            ]
          ]
        ]
      },
      "id": "BLD-089"
    },
    {
      "type": "Feature",
      "properties": {
        "id": "BLD-090",
        "layer": "BUILDING_FOOTPRINT",
        "source_type": "agent_generated_design",
        "confidence": "medium",
        "geometry_role": "design_proposal",
        "building_type": "talent_apartment",
        "name_zh": "概念建筑基底示意",
        "name_en": "Conceptual building footprint",
        "area_sqm_declared": 7056.0,
        "design_note_zh": "仅为体量关系示意，不含容积率、建筑高度或拆改留结论。"
      },
      "geometry": {
        "type": "Polygon",
        "coordinates": [
          [
            [
              116.35404538832435,
              39.95143853782847
            ],
            [
              116.35306246973127,
              39.95143305690905
            ],
            [
              116.3530553426388,
              39.95218953559861
            ],
            [
              116.35403827205849,
              39.952195016664085
            ],
            [
              116.35404538832435,
              39.95143853782847
            ]
          ]
        ]
      },
      "id": "BLD-090"
    },
    {
      "type": "Feature",
      "properties": {
        "id": "BLD-091",
        "layer": "BUILDING_FOOTPRINT",
        "source_type": "agent_generated_design",
        "confidence": "medium",
        "geometry_role": "design_proposal",
        "building_type": "talent_apartment",
        "name_zh": "概念建筑基底示意",
        "name_en": "Conceptual building footprint",
        "area_sqm_declared": 7056.0,
        "design_note_zh": "仅为体量关系示意，不含容积率、建筑高度或拆改留结论。"
      },
      "geometry": {
        "type": "Polygon",
        "coordinates": [
          [
            [
              116.35341129923248,
              39.9556207731385
            ],
            [
              116.35242832089405,
              39.95561528636881
            ],
            [
              116.35242118575943,
              39.9563717644162
            ],
            [
              116.35340417492675,
              39.956377251332086
            ],
            [
              116.35341129923248,
              39.9556207731385
            ]
          ]
        ]
      },
      "id": "BLD-091"
    },
    {
      "type": "Feature",
      "properties": {
        "id": "BLD-092",
        "layer": "BUILDING_FOOTPRINT",
        "source_type": "agent_generated_design",
        "confidence": "medium",
        "geometry_role": "design_proposal",
        "building_type": "talent_apartment",
        "name_zh": "概念建筑基底示意",
        "name_en": "Conceptual building footprint",
        "area_sqm_declared": 7056.0,
        "design_note_zh": "仅为体量关系示意，不含容积率、建筑高度或拆改留结论。"
      },
      "geometry": {
        "type": "Polygon",
        "coordinates": [
          [
            [
              116.35400421127959,
              39.960173825466164
            ],
            [
              116.35302116763503,
              39.96016834320784
            ],
            [
              116.35301403788333,
              39.960924820747934
            ],
            [
              116.35399709235925,
              39.96093030315234
            ],
            [
              116.35400421127959,
              39.960173825466164
            ]
          ]
        ]
      },
      "id": "BLD-092"
    },
    {
      "type": "Feature",
      "properties": {
        "id": "BLD-093",
        "layer": "BUILDING_FOOTPRINT",
        "source_type": "agent_generated_design",
        "confidence": "medium",
        "geometry_role": "design_proposal",
        "building_type": "talent_apartment",
        "name_zh": "概念建筑基底示意",
        "name_en": "Conceptual building footprint",
        "area_sqm_declared": 7056.0,
        "design_note_zh": "仅为体量关系示意，不含容积率、建筑高度或拆改留结论。"
      },
      "geometry": {
        "type": "Polygon",
        "coordinates": [
          [
            [
              116.35328261922643,
              39.966539441587116
            ],
            [
              116.35229948455365,
              39.96653395248787
            ],
            [
              116.35229234524088,
              39.96729042908685
            ],
            [
              116.35327549074849,
              39.96729591833235
            ],
            [
              116.35328261922643,
              39.966539441587116
            ]
          ]
        ]
      },
      "id": "BLD-093"
    },
    {
      "type": "Feature",
      "properties": {
        "id": "BLD-094",
        "layer": "BUILDING_FOOTPRINT",
        "source_type": "agent_generated_design",
        "confidence": "medium",
        "geometry_role": "design_proposal",
        "building_type": "mixed_use",
        "name_zh": "概念建筑基底示意",
        "name_en": "Conceptual building footprint",
        "area_sqm_declared": 7056.0,
        "design_note_zh": "仅为体量关系示意，不含容积率、建筑高度或拆改留结论。"
      },
      "geometry": {
        "type": "Polygon",
        "coordinates": [
          [
            [
              116.35207713909384,
              39.98450805306052
            ],
            [
              116.35109374715205,
              39.984502551696295
            ],
            [
              116.35108658999934,
              39.98525902576262
            ],
            [
              116.35206999278564,
              39.985264527273415
            ],
            [
              116.35207713909384,
              39.98450805306052
            ]
          ]
        ]
      },
      "id": "BLD-094"
    },
    {
      "type": "Feature",
      "properties": {
        "id": "BLD-095",
        "layer": "BUILDING_FOOTPRINT",
        "source_type": "agent_generated_design",
        "confidence": "medium",
        "geometry_role": "design_proposal",
        "building_type": "mixed_use",
        "name_zh": "概念建筑基底示意",
        "name_en": "Conceptual building footprint",
        "area_sqm_declared": 7056.0,
        "design_note_zh": "仅为体量关系示意，不含容积率、建筑高度或拆改留结论。"
      },
      "geometry": {
        "type": "Polygon",
        "coordinates": [
          [
            [
              116.35191574494965,
              39.98780832102718
            ],
            [
              116.35093230571881,
              39.98780281791869
            ],
            [
              116.35092514594935,
              39.988559291528794
            ],
            [
              116.3519085960265,
              39.98856479478388
            ],
            [
              116.35191574494965,
              39.98780832102718
            ]
          ]
        ]
      },
      "id": "BLD-095"
    },
    {
      "type": "Feature",
      "properties": {
        "id": "BLD-096",
        "layer": "BUILDING_FOOTPRINT",
        "source_type": "agent_generated_design",
        "confidence": "medium",
        "geometry_role": "design_proposal",
        "building_type": "mixed_use",
        "name_zh": "概念建筑基底示意",
        "name_en": "Conceptual building footprint",
        "area_sqm_declared": 7056.0,
        "design_note_zh": "仅为体量关系示意，不含容积率、建筑高度或拆改留结论。"
      },
      "geometry": {
        "type": "Polygon",
        "coordinates": [
          [
            [
              116.35240388752595,
              39.986189379103465
            ],
            [
              116.35142047141403,
              39.986183880320446
            ],
            [
              116.35141331743911,
              39.98694035421563
            ],
            [
              116.35239674439649,
              39.98694585314512
            ],
            [
              116.35240388752595,
              39.986189379103465
            ]
          ]
        ]
      },
      "id": "BLD-096"
    },
    {
      "type": "Feature",
      "properties": {
        "id": "BLD-097",
        "layer": "BUILDING_FOOTPRINT",
        "source_type": "agent_generated_design",
        "confidence": "medium",
        "geometry_role": "design_proposal",
        "building_type": "mixed_use",
        "name_zh": "概念建筑基底示意",
        "name_en": "Conceptual building footprint",
        "area_sqm_declared": 3493.269,
        "design_note_zh": "仅为体量关系示意，不含容积率、建筑高度或拆改留结论。"
      },
      "geometry": {
        "type": "Polygon",
        "coordinates": [
          [
            [
              116.350577527724,
              40.00940382253025
            ],
            [
              116.3498853446306,
              40.00939994159764
            ],
            [
              116.34988029493486,
              40.009932207723324
            ],
            [
              116.35057248340381,
              40.00993608872869
            ],
            [
              116.350577527724,
              40.00940382253025
            ]
          ]
        ]
      },
      "id": "BLD-097"
    },
    {
      "type": "Feature",
      "properties": {
        "id": "BLD-098",
        "layer": "BUILDING_FOOTPRINT",
        "source_type": "agent_generated_design",
        "confidence": "medium",
        "geometry_role": "design_proposal",
        "building_type": "mixed_use",
        "name_zh": "概念建筑基底示意",
        "name_en": "Conceptual building footprint",
        "area_sqm_declared": 2994.231,
        "design_note_zh": "仅为体量关系示意，不含容积率、建筑高度或拆改留结论。"
      },
      "geometry": {
        "type": "Polygon",
        "coordinates": [
          [
            [
              116.35032774154055,
              40.01142403567603
            ],
            [
              116.34968688565465,
              40.011420441241576
            ],
            [
              116.349682208788,
              40.011913223729124
            ],
            [
              116.35032306928198,
              40.01191681822595
            ],
            [
              116.35032774154055,
              40.01142403567603
            ]
          ]
        ]
      },
      "id": "BLD-098"
    },
    {
      "type": "Feature",
      "properties": {
        "id": "BLD-099",
        "layer": "BUILDING_FOOTPRINT",
        "source_type": "agent_generated_design",
        "confidence": "medium",
        "geometry_role": "design_proposal",
        "building_type": "mixed_use",
        "name_zh": "概念建筑基底示意",
        "name_en": "Conceptual building footprint",
        "area_sqm_declared": 2994.231,
        "design_note_zh": "仅为体量关系示意，不含容积率、建筑高度或拆改留结论。"
      },
      "geometry": {
        "type": "Polygon",
        "coordinates": [
          [
            [
              116.35030703577735,
              40.0136077774265
            ],
            [
              116.34966615947017,
              40.01360418271565
            ],
            [
              116.34966148209305,
              40.01409696501492
            ],
            [
              116.35030236300881,
              40.01410055978815
            ],
            [
              116.35030703577735,
              40.0136077774265
            ]
          ]
        ]
      },
      "id": "BLD-099"
    },
    {
      "type": "Feature",
      "properties": {
        "id": "BLD-100",
        "layer": "BUILDING_FOOTPRINT",
        "source_type": "agent_generated_design",
        "confidence": "medium",
        "geometry_role": "design_proposal",
        "building_type": "mixed_use",
        "name_zh": "概念建筑基底示意",
        "name_en": "Conceptual building footprint",
        "area_sqm_declared": 2994.231,
        "design_note_zh": "仅为体量关系示意，不含容积率、建筑高度或拆改留结论。"
      },
      "geometry": {
        "type": "Polygon",
        "coordinates": [
          [
            [
              116.35028632775418,
              40.01579151834261
            ],
            [
              116.34964543102349,
              40.01578792335536
            ],
            [
              116.34964075313587,
              40.01628070546634
            ],
            [
              116.3502816544756,
              40.01628430051598
            ],
            [
              116.35028632775418,
              40.01579151834261
            ]
          ]
        ]
      },
      "id": "BLD-100"
    },
    {
      "type": "Feature",
      "properties": {
        "id": "BLD-101",
        "layer": "BUILDING_FOOTPRINT",
        "source_type": "agent_generated_design",
        "confidence": "medium",
        "geometry_role": "design_proposal",
        "building_type": "ai_r_and_d",
        "name_zh": "概念建筑基底示意",
        "name_en": "Conceptual building footprint",
        "area_sqm_declared": 2994.231,
        "design_note_zh": "仅为体量关系示意，不含容积率、建筑高度或拆改留结论。"
      },
      "geometry": {
        "type": "Polygon",
        "coordinates": [
          [
            [
              116.35026561747074,
              40.01797525842438
            ],
            [
              116.34962470031432,
              40.0179716631607
            ],
            [
              116.34962002191612,
              40.01846444508339
            ],
            [
              116.3502609436821,
              40.01846804040946
            ],
            [
              116.35026561747074,
              40.01797525842438
            ]
          ]
        ]
      },
      "id": "BLD-101"
    },
    {
      "type": "Feature",
      "properties": {
        "id": "BLD-102",
        "layer": "BUILDING_FOOTPRINT",
        "source_type": "agent_generated_design",
        "confidence": "medium",
        "geometry_role": "design_proposal",
        "building_type": "ai_r_and_d",
        "name_zh": "概念建筑基底示意",
        "name_en": "Conceptual building footprint",
        "area_sqm_declared": 2994.231,
        "design_note_zh": "仅为体量关系示意，不含容积率、建筑高度或拆改留结论。"
      },
      "geometry": {
        "type": "Polygon",
        "coordinates": [
          [
            [
              116.3502449049268,
              40.02015899767178
            ],
            [
              116.34960396734245,
              40.02015540213164
            ],
            [
              116.34959928843357,
              40.02064818386605
            ],
            [
              116.35024023062799,
              40.02065177946857
            ],
            [
              116.3502449049268,
              40.02015899767178
            ]
          ]
        ]
      },
      "id": "BLD-102"
    },
    {
      "type": "Feature",
      "properties": {
        "id": "BLD-103",
        "layer": "BUILDING_FOOTPRINT",
        "source_type": "agent_generated_design",
        "confidence": "medium",
        "geometry_role": "design_proposal",
        "building_type": "ai_r_and_d",
        "name_zh": "概念建筑基底示意",
        "name_en": "Conceptual building footprint",
        "area_sqm_declared": 7056.0,
        "design_note_zh": "仅为体量关系示意，不含容积率、建筑高度或拆改留结论。"
      },
      "geometry": {
        "type": "Polygon",
        "coordinates": [
          [
            [
              116.3534108477377,
              40.023071146917744
            ],
            [
              116.35242690211473,
              40.02306565249817
            ],
            [
              116.35241974991213,
              40.023822121715334
            ],
            [
              116.35340370640057,
              40.02382761628124
            ],
            [
              116.3534108477377,
              40.023071146917744
            ]
          ]
        ]
      },
      "id": "BLD-103"
    },
    {
      "type": "Feature",
      "properties": {
        "id": "BLD-104",
        "layer": "BUILDING_FOOTPRINT",
        "source_type": "agent_generated_design",
        "confidence": "medium",
        "geometry_role": "design_proposal",
        "building_type": "mixed_use",
        "name_zh": "概念建筑基底示意",
        "name_en": "Conceptual building footprint",
        "area_sqm_declared": 5738.943,
        "design_note_zh": "仅为体量关系示意，不含容积率、建筑高度或拆改留结论。"
      },
      "geometry": {
        "type": "Polygon",
        "coordinates": [
          [
            [
              116.35271332013065,
              39.945462557039775
            ],
            [
              116.35182694757047,
              39.94545760484153
            ],
            [
              116.35182050906654,
              39.946139839368605
            ],
            [
              116.3527068904298,
              39.946144791685875
            ],
            [
              116.35271332013065,
              39.945462557039775
            ]
          ]
        ]
      },
      "id": "BLD-104"
    },
    {
      "type": "Feature",
      "properties": {
        "id": "BLD-105",
        "layer": "BUILDING_FOOTPRINT",
        "source_type": "agent_generated_design",
        "confidence": "medium",
        "geometry_role": "design_proposal",
        "building_type": "mixed_use",
        "name_zh": "概念建筑基底示意",
        "name_en": "Conceptual building footprint",
        "area_sqm_declared": 6083.06,
        "design_note_zh": "仅为体量关系示意，不含容积率、建筑高度或拆改留结论。"
      },
      "geometry": {
        "type": "Polygon",
        "coordinates": [
          [
            [
              116.35382709256405,
              39.9482849722779
            ],
            [
              116.35373563757842,
              39.94816098926945
            ],
            [
              116.35284538261462,
              39.94815602313431
            ],
            [
              116.35284101803686,
              39.94861918696219
            ],
            [
              116.35349833908276,
              39.94891618510526
            ],
            [
              116.35382113643163,
              39.948917984755276
            ],
            [
              116.35382709256405,
              39.9482849722779
            ]
          ]
        ]
      },
      "id": "BLD-105"
    },
    {
      "type": "Feature",
      "properties": {
        "id": "BLD-106",
        "layer": "BUILDING_FOOTPRINT",
        "source_type": "agent_generated_design",
        "confidence": "medium",
        "geometry_role": "design_proposal",
        "building_type": "mixed_use",
        "name_zh": "概念建筑基底示意",
        "name_en": "Conceptual building footprint",
        "area_sqm_declared": 7028.723,
        "design_note_zh": "仅为体量关系示意，不含容积率、建筑高度或拆改留结论。"
      },
      "geometry": {
        "type": "Polygon",
        "coordinates": [
          [
            [
              116.35508550281989,
              39.94798651603331
            ],
            [
              116.35410263343121,
              39.94798104432271
            ],
            [
              116.3540963420058,
              39.9486499833381
            ],
            [
              116.3541611862187,
              39.948737889461285
            ],
            [
              116.35507839888028,
              39.9487429954758
            ],
            [
              116.35508550281989,
              39.94798651603331
            ]
          ]
        ]
      },
      "id": "BLD-106"
    },
    {
      "type": "Feature",
      "properties": {
        "id": "BLD-107",
        "layer": "BUILDING_FOOTPRINT",
        "source_type": "agent_generated_design",
        "confidence": "medium",
        "geometry_role": "design_proposal",
        "building_type": "mixed_use",
        "name_zh": "概念建筑基底示意",
        "name_en": "Conceptual building footprint",
        "area_sqm_declared": 7028.58,
        "design_note_zh": "仅为体量关系示意，不含容积率、建筑高度或拆改留结论。"
      },
      "geometry": {
        "type": "Polygon",
        "coordinates": [
          [
            [
              116.35174050215299,
              40.01020816678737
            ],
            [
              116.35075674157171,
              40.01020265964665
            ],
            [
              116.35074957418652,
              40.01095913029785
            ],
            [
              116.35161920313386,
              40.01096399902824
            ],
            [
              116.3517338250311,
              40.01091396365356
            ],
            [
              116.35174050215299,
              40.01020816678737
            ]
          ]
        ]
      },
      "id": "BLD-107"
    },
    {
      "type": "Feature",
      "properties": {
        "id": "BLD-108",
        "layer": "BUILDING_FOOTPRINT",
        "source_type": "agent_generated_design",
        "confidence": "medium",
        "geometry_role": "design_proposal",
        "building_type": "mixed_use",
        "name_zh": "概念建筑基底示意",
        "name_en": "Conceptual building footprint",
        "area_sqm_declared": 3493.269,
        "design_note_zh": "仅为体量关系示意，不含容积率、建筑高度或拆改留结论。"
      },
      "geometry": {
        "type": "Polygon",
        "coordinates": [
          [
            [
              116.35136631245553,
              40.01268402773619
            ],
            [
              116.35067409611938,
              40.01268015125235
            ],
            [
              116.3506690519645,
              40.01321241715914
            ],
            [
              116.35136127367706,
              40.01321629371563
            ],
            [
              116.35136631245553,
              40.01268402773619
            ]
          ]
        ]
      },
      "id": "BLD-108"
    },
    {
      "type": "Feature",
      "properties": {
        "id": "BLD-109",
        "layer": "BUILDING_FOOTPRINT",
        "source_type": "agent_generated_design",
        "confidence": "medium",
        "geometry_role": "design_proposal",
        "building_type": "mixed_use",
        "name_zh": "概念建筑基底示意",
        "name_en": "Conceptual building footprint",
        "area_sqm_declared": 3493.269,
        "design_note_zh": "仅为体量关系示意，不含容积率、建筑高度或拆改留结论。"
      },
      "geometry": {
        "type": "Polygon",
        "coordinates": [
          [
            [
              116.35134908462393,
              40.01450381256394
            ],
            [
              116.35065684990555,
              40.014499935831694
            ],
            [
              116.35065180529186,
              40.01503220156902
            ],
            [
              116.35134404538717,
              40.015036078373925
            ],
            [
              116.35134908462393,
              40.01450381256394
            ]
          ]
        ]
      },
      "id": "BLD-109"
    },
    {
      "type": "Feature",
      "properties": {
        "id": "BLD-110",
        "layer": "BUILDING_FOOTPRINT",
        "source_type": "agent_generated_design",
        "confidence": "medium",
        "geometry_role": "design_proposal",
        "building_type": "mixed_use",
        "name_zh": "概念建筑基底示意",
        "name_en": "Conceptual building footprint",
        "area_sqm_declared": 3493.269,
        "design_note_zh": "仅为体量关系示意，不含容积率、建筑高度或拆改留结论。"
      },
      "geometry": {
        "type": "Polygon",
        "coordinates": [
          [
            [
              116.35132496302715,
              40.01705151034943
            ],
            [
              116.3506327025708,
              40.0170476332694
            ],
            [
              116.35062765731475,
              40.017579898769455
            ],
            [
              116.35131992314868,
              40.01758377592215
            ],
            [
              116.35132496302715,
              40.01705151034943
            ]
          ]
        ]
      },
      "id": "BLD-110"
    },
    {
      "type": "Feature",
      "properties": {
        "id": "BLD-111",
        "layer": "BUILDING_FOOTPRINT",
        "source_type": "agent_generated_design",
        "confidence": "medium",
        "geometry_role": "design_proposal",
        "building_type": "ai_r_and_d",
        "name_zh": "概念建筑基底示意",
        "name_en": "Conceptual building footprint",
        "area_sqm_declared": 2994.231,
        "design_note_zh": "仅为体量关系示意，不含容积率、建筑高度或拆改留结论。"
      },
      "geometry": {
        "type": "Polygon",
        "coordinates": [
          [
            [
              116.35107516793533,
              40.01907172240266
            ],
            [
              116.350434240418,
              40.01906813153498
            ],
            [
              116.35042956766159,
              40.019560913443335
            ],
            [
              116.35107049978875,
              40.01956450437332
            ],
            [
              116.35107516793533,
              40.01907172240266
            ]
          ]
        ]
      },
      "id": "BLD-111"
    },
    {
      "type": "Feature",
      "properties": {
        "id": "BLD-112",
        "layer": "BUILDING_FOOTPRINT",
        "source_type": "agent_generated_design",
        "confidence": "medium",
        "geometry_role": "design_proposal",
        "building_type": "ai_r_and_d",
        "name_zh": "概念建筑基底示意",
        "name_en": "Conceptual building footprint",
        "area_sqm_declared": 5620.34,
        "design_note_zh": "仅为体量关系示意，不含容积率、建筑高度或拆改留结论。"
      },
      "geometry": {
        "type": "Polygon",
        "coordinates": [
          [
            [
              116.35199435072602,
              40.02261456024163
            ],
            [
              116.35108789532732,
              40.02260948776846
            ],
            [
              116.35108129284048,
              40.02330638627721
            ],
            [
              116.35156946107392,
              40.02330911895944
            ],
            [
              116.35198951408408,
              40.023125788680765
            ],
            [
              116.35199435072602,
              40.02261456024163
            ]
          ]
        ]
      },
      "id": "BLD-112"
    },
    {
      "type": "Feature",
      "properties": {
        "id": "BLD-113",
        "layer": "BUILDING_FOOTPRINT",
        "source_type": "agent_generated_design",
        "confidence": "medium",
        "geometry_role": "design_proposal",
        "building_type": "ai_r_and_d",
        "name_zh": "概念建筑基底示意",
        "name_en": "Conceptual building footprint",
        "area_sqm_declared": 3493.269,
        "design_note_zh": "仅为体量关系示意，不含容积率、建筑高度或拆改留结论。"
      },
      "geometry": {
        "type": "Polygon",
        "coordinates": [
          [
            [
              116.35128705145459,
              40.0210550331465
            ],
            [
              116.35059475054628,
              40.0210511555199
            ],
            [
              116.35058970428058,
              40.021583420647126
            ],
            [
              116.35128201056756,
              40.0215872983464
            ],
            [
              116.35128705145459,
              40.0210550331465
            ]
          ]
        ]
      },
      "id": "BLD-113"
    },
    {
      "type": "Feature",
      "properties": {
        "id": "BLD-114",
        "layer": "BUILDING_FOOTPRINT",
        "source_type": "agent_generated_design",
        "confidence": "medium",
        "geometry_role": "design_proposal",
        "building_type": "mixed_use",
        "name_zh": "概念建筑基底示意",
        "name_en": "Conceptual building footprint",
        "area_sqm_declared": 7056.0,
        "design_note_zh": "仅为体量关系示意，不含容积率、建筑高度或拆改留结论。"
      },
      "geometry": {
        "type": "Polygon",
        "coordinates": [
          [
            [
              116.35452402801029,
              39.94400993754368
            ],
            [
              116.35354121563348,
              39.94400446152344
            ],
            [
              116.3535340956875,
              39.94476094125677
            ],
            [
              116.35451691888694,
              39.94476641742295
            ],
            [
              116.35452402801029,
              39.94400993754368
            ]
          ]
        ]
      },
      "id": "BLD-114"
    },
    {
      "type": "Feature",
      "properties": {
        "id": "BLD-115",
        "layer": "BUILDING_FOOTPRINT",
        "source_type": "agent_generated_design",
        "confidence": "medium",
        "geometry_role": "design_proposal",
        "building_type": "mixed_use",
        "name_zh": "概念建筑基底示意",
        "name_en": "Conceptual building footprint",
        "area_sqm_declared": 7056.0,
        "design_note_zh": "仅为体量关系示意，不含容积率、建筑高度或拆改留结论。"
      },
      "geometry": {
        "type": "Polygon",
        "coordinates": [
          [
            [
              116.35417839506526,
              40.02041311126606
            ],
            [
              116.35319448747313,
              40.020407623664326
            ],
            [
              116.3531873444197,
              40.021164093344254
            ],
            [
              116.35417126287584,
              40.021169581092146
            ],
            [
              116.35417839506526,
              40.02041311126606
            ]
          ]
        ]
      },
      "id": "BLD-115"
    },
    {
      "type": "Feature",
      "properties": {
        "id": "BLD-116",
        "layer": "BUILDING_FOOTPRINT",
        "source_type": "agent_generated_design",
        "confidence": "medium",
        "geometry_role": "design_proposal",
        "building_type": "mixed_use",
        "name_zh": "概念建筑基底示意",
        "name_en": "Conceptual building footprint",
        "area_sqm_declared": 6659.955,
        "design_note_zh": "仅为体量关系示意，不含容积率、建筑高度或拆改留结论。"
      },
      "geometry": {
        "type": "Polygon",
        "coordinates": [
          [
            [
              116.35401083929118,
              40.01016311003563
            ],
            [
              116.35346086721137,
              40.01016004306998
            ],
            [
              116.35302526063576,
              40.01035020617652
            ],
            [
              116.35301993660367,
              40.010914093168665
            ],
            [
              116.35400370783839,
              40.01091958117877
            ],
            [
              116.35401083929118,
              40.01016311003563
            ]
          ]
        ]
      },
      "id": "BLD-116"
    },
    {
      "type": "Feature",
      "properties": {
        "id": "BLD-117",
        "layer": "BUILDING_FOOTPRINT",
        "source_type": "agent_generated_design",
        "confidence": "medium",
        "geometry_role": "design_proposal",
        "building_type": "mixed_use",
        "name_zh": "概念建筑基底示意",
        "name_en": "Conceptual building footprint",
        "area_sqm_declared": 7056.0,
        "design_note_zh": "仅为体量关系示意，不含容积率、建筑高度或拆改留结论。"
      },
      "geometry": {
        "type": "Polygon",
        "coordinates": [
          [
            [
              116.35320162001896,
              40.01349211822791
            ],
            [
              116.35221781200592,
              40.013486623117565
            ],
            [
              116.35221065991864,
              40.01424309355767
            ],
            [
              116.35319447879192,
              40.01424858881436
            ],
            [
              116.35320162001896,
              40.01349211822791
            ]
          ]
        ]
      },
      "id": "BLD-117"
    },
    {
      "type": "Feature",
      "properties": {
        "id": "BLD-118",
        "layer": "BUILDING_FOOTPRINT",
        "source_type": "agent_generated_design",
        "confidence": "medium",
        "geometry_role": "design_proposal",
        "building_type": "mixed_use",
        "name_zh": "概念建筑基底示意",
        "name_en": "Conceptual building footprint",
        "area_sqm_declared": 7056.0,
        "design_note_zh": "仅为体量关系示意，不含容积率、建筑高度或拆改留结论。"
      },
      "geometry": {
        "type": "Polygon",
        "coordinates": [
          [
            [
              116.35325114983252,
              40.01567625193883
            ],
            [
              116.35226731044821,
              40.01567075700141
            ],
            [
              116.3522601583547,
              40.016427227162936
            ],
            [
              116.35324400860044,
              40.01643272224672
            ],
            [
              116.35325114983252,
              40.01567625193883
            ]
          ]
        ]
      },
      "id": "BLD-118"
    },
    {
      "type": "Feature",
      "properties": {
        "id": "BLD-119",
        "layer": "BUILDING_FOOTPRINT",
        "source_type": "agent_generated_design",
        "confidence": "medium",
        "geometry_role": "design_proposal",
        "building_type": "mixed_use",
        "name_zh": "概念建筑基底示意",
        "name_en": "Conceptual building footprint",
        "area_sqm_declared": 7028.58,
        "design_note_zh": "仅为体量关系示意，不含容积率、建筑高度或拆改留结论。"
      },
      "geometry": {
        "type": "Polygon",
        "coordinates": [
          [
            [
              116.35248807494382,
              40.01785584715105
            ],
            [
              116.35150420440813,
              40.017850345488235
            ],
            [
              116.35149704333669,
              40.01860681525014
            ],
            [
              116.3523667694846,
              40.01861167913817
            ],
            [
              116.35248140371661,
              40.01856164318736
            ],
            [
              116.35248807494382,
              40.01785584715105
            ]
          ]
        ]
      },
      "id": "BLD-119"
    },
    {
      "type": "Feature",
      "properties": {
        "id": "BLD-120",
        "layer": "BUILDING_FOOTPRINT",
        "source_type": "agent_generated_design",
        "confidence": "medium",
        "geometry_role": "design_proposal",
        "building_type": "mixed_use",
        "name_zh": "概念建筑基底示意",
        "name_en": "Conceptual building footprint",
        "area_sqm_declared": 3493.269,
        "design_note_zh": "仅为体量关系示意，不含容积率、建筑高度或拆改留结论。"
      },
      "geometry": {
        "type": "Polygon",
        "coordinates": [
          [
            [
              116.35191060801363,
              40.02014858263521
            ],
            [
              116.35121831618054,
              40.02014470880612
            ],
            [
              116.35121327492178,
              40.02067697408263
            ],
            [
              116.3519055721333,
              40.02068084798432
            ],
            [
              116.35191060801363,
              40.02014858263521
            ]
          ]
        ]
      },
      "id": "BLD-120"
    },
    {
      "type": "Feature",
      "properties": {
        "id": "BLD-121",
        "layer": "BUILDING_FOOTPRINT",
        "source_type": "agent_generated_design",
        "confidence": "medium",
        "geometry_role": "design_proposal",
        "building_type": "talent_apartment",
        "name_zh": "概念建筑基底示意",
        "name_en": "Conceptual building footprint",
        "area_sqm_declared": 6888.693,
        "design_note_zh": "仅为体量关系示意，不含容积率、建筑高度或拆改留结论。"
      },
      "geometry": {
        "type": "Polygon",
        "coordinates": [
          [
            [
              116.35460331760869,
              40.02374508330101
            ],
            [
              116.3539013617931,
              40.02374117159424
            ],
            [
              116.35361818078557,
              40.023864769997324
            ],
            [
              116.35361222286969,
              40.02449606823727
            ],
            [
              116.35459618927142,
              40.024501552754195
            ],
            [
              116.35460331760869,
              40.02374508330101
            ]
          ]
        ]
      },
      "id": "BLD-121"
    }
  ]
}
