{
  "type": "FeatureCollection",
  "name": "ROAD_CENTERLINE",
  "features": [
    {
      "type": "Feature",
      "properties": {
        "id": "ROAD-SPINE-001",
        "layer": "ROAD_CENTERLINE",
        "source_type": "agent_generated_design",
        "confidence": "medium",
        "geometry_role": "design_proposal",
        "road_class": "greenway",
        "network_phase": "backbone",
        "name_zh": "智脉主轴（京张遗址公园慢行主廊）",
        "name_en": "The Spine - Jingzhang park primary slow-mobility corridor",
        "design_note_zh": "概念建议线位，仅表达连通意图，不代表道路红线或轨道线位。"
      },
      "geometry": {
        "type": "LineString",
        "coordinates": [
          [
            116.34841723520876,
            40.02545156248157
          ],
          [
            116.34850000551087,
            40.01674972155629
          ],
          [
            116.34749999952184,
            39.988500011128586
          ],
          [
            116.34849999671977,
            39.946920141571596
          ],
          [
            116.34856522216423,
            39.940043097175305
          ]
        ]
      },
      "id": "ROAD-SPINE-001"
    },
    {
      "type": "Feature",
      "properties": {
        "id": "ROAD-BB-001",
        "layer": "ROAD_CENTERLINE",
        "source_type": "agent_generated_design",
        "confidence": "medium",
        "geometry_role": "design_proposal",
        "road_class": "greenway",
        "network_phase": "backbone",
        "conductance": 0.0,
        "name_zh": "智脉骨架支廊001",
        "name_en": "Backbone branch 001",
        "design_note_zh": "概念建议连通关系，供专业团队深化，不代表工程线位。"
      },
      "geometry": {
        "type": "LineString",
        "coordinates": [
          [
            116.34904943099421,
            39.939595507375834
          ],
          [
            116.3498580543809,
            39.9406919870665
          ]
        ]
      },
      "id": "ROAD-BB-001"
    },
    {
      "type": "Feature",
      "properties": {
        "id": "ROAD-BB-002",
        "layer": "ROAD_CENTERLINE",
        "source_type": "agent_generated_design",
        "confidence": "medium",
        "geometry_role": "design_proposal",
        "road_class": "greenway",
        "network_phase": "backbone",
        "conductance": 0.0471,
        "name_zh": "智脉骨架支廊002",
        "name_en": "Backbone branch 002",
        "design_note_zh": "概念建议连通关系，供专业团队深化，不代表工程线位。"
      },
      "geometry": {
        "type": "LineString",
        "coordinates": [
          [
            116.3498580543809,
            39.9406919870665
          ],
          [
            116.34902873716702,
            39.941779275714396
          ]
        ]
      },
      "id": "ROAD-BB-002"
    },
    {
      "type": "Feature",
      "properties": {
        "id": "ROAD-BB-003",
        "layer": "ROAD_CENTERLINE",
        "source_type": "agent_generated_design",
        "confidence": "medium",
        "geometry_role": "design_proposal",
        "road_class": "greenway",
        "network_phase": "backbone",
        "conductance": 0.1409,
        "name_zh": "智脉骨架支廊003",
        "name_en": "Backbone branch 003",
        "design_note_zh": "概念建议连通关系，供专业团队深化，不代表工程线位。"
      },
      "geometry": {
        "type": "LineString",
        "coordinates": [
          [
            116.34902873716702,
            39.941779275714396
          ],
          [
            116.3506667034221,
            39.94178846111753
          ]
        ]
      },
      "id": "ROAD-BB-003"
    },
    {
      "type": "Feature",
      "properties": {
        "id": "ROAD-BB-004",
        "layer": "ROAD_CENTERLINE",
        "source_type": "agent_generated_design",
        "confidence": "medium",
        "geometry_role": "design_proposal",
        "road_class": "greenway",
        "network_phase": "backbone",
        "conductance": 0.1883,
        "name_zh": "智脉骨架支廊004",
        "name_en": "Backbone branch 004",
        "design_note_zh": "概念建议连通关系，供专业团队深化，不代表工程线位。"
      },
      "geometry": {
        "type": "LineString",
        "coordinates": [
          [
            116.34902873716702,
            39.941779275714396
          ],
          [
            116.34819939354516,
            39.942866558015396
          ]
        ]
      },
      "id": "ROAD-BB-004"
    },
    {
      "type": "Feature",
      "properties": {
        "id": "ROAD-BB-005",
        "layer": "ROAD_CENTERLINE",
        "source_type": "agent_generated_design",
        "confidence": "medium",
        "geometry_role": "design_proposal",
        "road_class": "greenway",
        "network_phase": "backbone",
        "conductance": 0.1383,
        "name_zh": "智脉骨架支廊005",
        "name_en": "Backbone branch 005",
        "design_note_zh": "概念建议连通关系，供专业团队深化，不代表工程线位。"
      },
      "geometry": {
        "type": "LineString",
        "coordinates": [
          [
            116.3506667034221,
            39.94178846111753
          ],
          [
            116.35230467042787,
            39.94179762338206
          ]
        ]
      },
      "id": "ROAD-BB-005"
    },
    {
      "type": "Feature",
      "properties": {
        "id": "ROAD-BB-006",
        "layer": "ROAD_CENTERLINE",
        "source_type": "agent_generated_design",
        "confidence": "medium",
        "geometry_role": "design_proposal",
        "road_class": "greenway",
        "network_phase": "backbone",
        "conductance": 0.259,
        "name_zh": "智脉骨架支廊006",
        "name_en": "Backbone branch 006",
        "design_note_zh": "概念建议连通关系，供专业团队深化，不代表工程线位。"
      },
      "geometry": {
        "type": "LineString",
        "coordinates": [
          [
            116.34819939354516,
            39.942866558015396
          ],
          [
            116.34737002351338,
            39.943953833968834
          ]
        ]
      },
      "id": "ROAD-BB-006"
    },
    {
      "type": "Feature",
      "properties": {
        "id": "ROAD-BB-007",
        "layer": "ROAD_CENTERLINE",
        "source_type": "agent_generated_design",
        "confidence": "medium",
        "geometry_role": "design_proposal",
        "road_class": "greenway",
        "network_phase": "backbone",
        "conductance": 0.2563,
        "name_zh": "智脉骨架支廊007",
        "name_en": "Backbone branch 007",
        "design_note_zh": "概念建议连通关系，供专业团队深化，不代表工程线位。"
      },
      "geometry": {
        "type": "LineString",
        "coordinates": [
          [
            116.34737002351338,
            39.943953833968834
          ],
          [
            116.34817867029675,
            39.945050324748955
          ]
        ]
      },
      "id": "ROAD-BB-007"
    },
    {
      "type": "Feature",
      "properties": {
        "id": "ROAD-BB-008",
        "layer": "ROAD_CENTERLINE",
        "source_type": "agent_generated_design",
        "confidence": "medium",
        "geometry_role": "design_proposal",
        "road_class": "greenway",
        "network_phase": "backbone",
        "conductance": 0.0387,
        "name_zh": "智脉骨架支廊008",
        "name_en": "Backbone branch 008",
        "design_note_zh": "概念建议连通关系，供专业团队深化，不代表工程线位。"
      },
      "geometry": {
        "type": "LineString",
        "coordinates": [
          [
            116.34817867029675,
            39.945050324748955
          ],
          [
            116.34734927309857,
            39.94613759993091
          ]
        ]
      },
      "id": "ROAD-BB-008"
    },
    {
      "type": "Feature",
      "properties": {
        "id": "ROAD-BB-009",
        "layer": "ROAD_CENTERLINE",
        "source_type": "agent_generated_design",
        "confidence": "medium",
        "geometry_role": "design_proposal",
        "road_class": "greenway",
        "network_phase": "backbone",
        "conductance": 0.2757,
        "name_zh": "智脉骨架支廊009",
        "name_en": "Backbone branch 009",
        "design_note_zh": "概念建议连通关系，供专业团队深化，不代表工程线位。"
      },
      "geometry": {
        "type": "LineString",
        "coordinates": [
          [
            116.34817867029675,
            39.945050324748955
          ],
          [
            116.34898734273919,
            39.94614680988949
          ]
        ]
      },
      "id": "ROAD-BB-009"
    },
    {
      "type": "Feature",
      "properties": {
        "id": "ROAD-BB-010",
        "layer": "ROAD_CENTERLINE",
        "source_type": "agent_generated_design",
        "confidence": "medium",
        "geometry_role": "design_proposal",
        "road_class": "greenway",
        "network_phase": "backbone",
        "conductance": 0.136,
        "name_zh": "智脉骨架支廊010",
        "name_en": "Backbone branch 010",
        "design_note_zh": "概念建议连通关系，供专业团队深化，不代表工程线位。"
      },
      "geometry": {
        "type": "LineString",
        "coordinates": [
          [
            116.34734927309857,
            39.94613759993091
          ],
          [
            116.34815794478733,
            39.94723409064847
          ]
        ]
      },
      "id": "ROAD-BB-010"
    },
    {
      "type": "Feature",
      "properties": {
        "id": "ROAD-BB-011",
        "layer": "ROAD_CENTERLINE",
        "source_type": "agent_generated_design",
        "confidence": "medium",
        "geometry_role": "design_proposal",
        "road_class": "greenway",
        "network_phase": "backbone",
        "conductance": 0.1254,
        "name_zh": "智脉骨架支廊011",
        "name_en": "Backbone branch 011",
        "design_note_zh": "概念建议连通关系，供专业团队深化，不代表工程线位。"
      },
      "geometry": {
        "type": "LineString",
        "coordinates": [
          [
            116.34898734273919,
            39.94614680988949
          ],
          [
            116.35062541313259,
            39.94615599670595
          ]
        ]
      },
      "id": "ROAD-BB-011"
    },
    {
      "type": "Feature",
      "properties": {
        "id": "ROAD-BB-012",
        "layer": "ROAD_CENTERLINE",
        "source_type": "agent_generated_design",
        "confidence": "medium",
        "geometry_role": "design_proposal",
        "road_class": "greenway",
        "network_phase": "backbone",
        "conductance": 0.414,
        "name_zh": "智脉骨架支廊012",
        "name_en": "Backbone branch 012",
        "design_note_zh": "概念建议连通关系，供专业团队深化，不代表工程线位。"
      },
      "geometry": {
        "type": "LineString",
        "coordinates": [
          [
            116.34898734273919,
            39.94614680988949
          ],
          [
            116.34815794478733,
            39.94723409064847
          ]
        ]
      },
      "id": "ROAD-BB-012"
    },
    {
      "type": "Feature",
      "properties": {
        "id": "ROAD-BB-013",
        "layer": "ROAD_CENTERLINE",
        "source_type": "agent_generated_design",
        "confidence": "medium",
        "geometry_role": "design_proposal",
        "road_class": "greenway",
        "network_phase": "backbone",
        "conductance": 0.1208,
        "name_zh": "智脉骨架支廊013",
        "name_en": "Backbone branch 013",
        "design_note_zh": "概念建议连通关系，供专业团队深化，不代表工程线位。"
      },
      "geometry": {
        "type": "LineString",
        "coordinates": [
          [
            116.35062541313259,
            39.94615599670595
          ],
          [
            116.35226348427686,
            39.946165160380225
          ]
        ]
      },
      "id": "ROAD-BB-013"
    },
    {
      "type": "Feature",
      "properties": {
        "id": "ROAD-BB-014",
        "layer": "ROAD_CENTERLINE",
        "source_type": "agent_generated_design",
        "confidence": "medium",
        "geometry_role": "design_proposal",
        "road_class": "greenway",
        "network_phase": "backbone",
        "conductance": 0.1164,
        "name_zh": "智脉骨架支廊014",
        "name_en": "Backbone branch 014",
        "design_note_zh": "概念建议连通关系，供专业团队深化，不代表工程线位。"
      },
      "geometry": {
        "type": "LineString",
        "coordinates": [
          [
            116.35226348427686,
            39.946165160380225
          ],
          [
            116.35390155617009,
            39.946174300912325
          ]
        ]
      },
      "id": "ROAD-BB-014"
    },
    {
      "type": "Feature",
      "properties": {
        "id": "ROAD-BB-015",
        "layer": "ROAD_CENTERLINE",
        "source_type": "agent_generated_design",
        "confidence": "medium",
        "geometry_role": "design_proposal",
        "road_class": "greenway",
        "network_phase": "backbone",
        "conductance": 0.1331,
        "name_zh": "智脉骨架支廊015",
        "name_en": "Backbone branch 015",
        "design_note_zh": "概念建议连通关系，供专业团队深化，不代表工程线位。"
      },
      "geometry": {
        "type": "LineString",
        "coordinates": [
          [
            116.34651984948574,
            39.94722486876413
          ],
          [
            116.34815794478733,
            39.94723409064847
          ]
        ]
      },
      "id": "ROAD-BB-015"
    },
    {
      "type": "Feature",
      "properties": {
        "id": "ROAD-BB-016",
        "layer": "ROAD_CENTERLINE",
        "source_type": "agent_generated_design",
        "confidence": "medium",
        "geometry_role": "design_proposal",
        "road_class": "greenway",
        "network_phase": "backbone",
        "conductance": 0.1309,
        "name_zh": "智脉骨架支廊016",
        "name_en": "Backbone branch 016",
        "design_note_zh": "概念建议连通关系，供专业团队深化，不代表工程线位。"
      },
      "geometry": {
        "type": "LineString",
        "coordinates": [
          [
            116.34651984948574,
            39.94722486876413
          ],
          [
            116.34569039945632,
            39.94831213124795
          ]
        ]
      },
      "id": "ROAD-BB-016"
    },
    {
      "type": "Feature",
      "properties": {
        "id": "ROAD-BB-017",
        "layer": "ROAD_CENTERLINE",
        "source_type": "agent_generated_design",
        "confidence": "medium",
        "geometry_role": "design_proposal",
        "road_class": "greenway",
        "network_phase": "backbone",
        "conductance": 0.7939,
        "name_zh": "智脉骨架支廊017",
        "name_en": "Backbone branch 017",
        "design_note_zh": "概念建议连通关系，供专业团队深化，不代表工程线位。"
      },
      "geometry": {
        "type": "LineString",
        "coordinates": [
          [
            116.34815794478733,
            39.94723409064847
          ],
          [
            116.3473285204198,
            39.948321365058916
          ]
        ]
      },
      "id": "ROAD-BB-017"
    },
    {
      "type": "Feature",
      "properties": {
        "id": "ROAD-BB-018",
        "layer": "ROAD_CENTERLINE",
        "source_type": "agent_generated_design",
        "confidence": "medium",
        "geometry_role": "design_proposal",
        "road_class": "greenway",
        "network_phase": "backbone",
        "conductance": 0.7083,
        "name_zh": "智脉骨架支廊018",
        "name_en": "Backbone branch 018",
        "design_note_zh": "概念建议连通关系，供专业团队深化，不代表工程线位。"
      },
      "geometry": {
        "type": "LineString",
        "coordinates": [
          [
            116.34815794478733,
            39.94723409064847
          ],
          [
            116.34896664213804,
            39.948330575726004
          ]
        ]
      },
      "id": "ROAD-BB-018"
    },
    {
      "type": "Feature",
      "properties": {
        "id": "ROAD-BB-019",
        "layer": "ROAD_CENTERLINE",
        "source_type": "agent_generated_design",
        "confidence": "medium",
        "geometry_role": "design_proposal",
        "road_class": "greenway",
        "network_phase": "backbone",
        "conductance": 0.1285,
        "name_zh": "智脉骨架支廊019",
        "name_en": "Backbone branch 019",
        "design_note_zh": "概念建议连通关系，供专业团队深化，不代表工程线位。"
      },
      "geometry": {
        "type": "LineString",
        "coordinates": [
          [
            116.34569039945632,
            39.94831213124795
          ],
          [
            116.34486092300847,
            39.94939938738167
          ]
        ]
      },
      "id": "ROAD-BB-019"
    },
    {
      "type": "Feature",
      "properties": {
        "id": "ROAD-BB-020",
        "layer": "ROAD_CENTERLINE",
        "source_type": "agent_generated_design",
        "confidence": "medium",
        "geometry_role": "design_proposal",
        "road_class": "greenway",
        "network_phase": "backbone",
        "conductance": 0.7973,
        "name_zh": "智脉骨架支廊020",
        "name_en": "Backbone branch 020",
        "design_note_zh": "概念建议连通关系，供专业团队深化，不代表工程线位。"
      },
      "geometry": {
        "type": "LineString",
        "coordinates": [
          [
            116.3473285204198,
            39.948321365058916
          ],
          [
            116.3481372170167,
            39.94941785571392
          ]
        ]
      },
      "id": "ROAD-BB-020"
    },
    {
      "type": "Feature",
      "properties": {
        "id": "ROAD-BB-021",
        "layer": "ROAD_CENTERLINE",
        "source_type": "agent_generated_design",
        "confidence": "medium",
        "geometry_role": "design_proposal",
        "road_class": "greenway",
        "network_phase": "backbone",
        "conductance": 0.712,
        "name_zh": "智脉骨架支廊021",
        "name_en": "Backbone branch 021",
        "design_note_zh": "概念建议连通关系，供专业团队深化，不代表工程线位。"
      },
      "geometry": {
        "type": "LineString",
        "coordinates": [
          [
            116.34896664213804,
            39.948330575726004
          ],
          [
            116.3481372170167,
            39.94941785571392
          ]
        ]
      },
      "id": "ROAD-BB-021"
    },
    {
      "type": "Feature",
      "properties": {
        "id": "ROAD-BB-022",
        "layer": "ROAD_CENTERLINE",
        "source_type": "agent_generated_design",
        "confidence": "medium",
        "geometry_role": "design_proposal",
        "road_class": "greenway",
        "network_phase": "backbone",
        "conductance": 0.1262,
        "name_zh": "智脉骨架支廊022",
        "name_en": "Backbone branch 022",
        "design_note_zh": "概念建议连通关系，供专业团队深化，不代表工程线位。"
      },
      "geometry": {
        "type": "LineString",
        "coordinates": [
          [
            116.34322277713984,
            39.94939011849845
          ],
          [
            116.34486092300847,
            39.94939938738167
          ]
        ]
      },
      "id": "ROAD-BB-022"
    },
    {
      "type": "Feature",
      "properties": {
        "id": "ROAD-BB-023",
        "layer": "ROAD_CENTERLINE",
        "source_type": "agent_generated_design",
        "confidence": "medium",
        "geometry_role": "design_proposal",
        "road_class": "greenway",
        "network_phase": "backbone",
        "conductance": 0.7787,
        "name_zh": "智脉骨架支廊023",
        "name_en": "Backbone branch 023",
        "design_note_zh": "概念建议连通关系，供专业团队深化，不代表工程线位。"
      },
      "geometry": {
        "type": "LineString",
        "coordinates": [
          [
            116.3481372170167,
            39.94941785571392
          ],
          [
            116.34730776547681,
            39.95050512935284
          ]
        ]
      },
      "id": "ROAD-BB-023"
    },
    {
      "type": "Feature",
      "properties": {
        "id": "ROAD-BB-024",
        "layer": "ROAD_CENTERLINE",
        "source_type": "agent_generated_design",
        "confidence": "medium",
        "geometry_role": "design_proposal",
        "road_class": "greenway",
        "network_phase": "backbone",
        "conductance": 0.7353,
        "name_zh": "智脉骨架支廊024",
        "name_en": "Backbone branch 024",
        "design_note_zh": "概念建议连通关系，供专业团队深化，不代表工程线位。"
      },
      "geometry": {
        "type": "LineString",
        "coordinates": [
          [
            116.3481372170167,
            39.94941785571392
          ],
          [
            116.3489459392783,
            39.95051434072848
          ]
        ]
      },
      "id": "ROAD-BB-024"
    },
    {
      "type": "Feature",
      "properties": {
        "id": "ROAD-BB-025",
        "layer": "ROAD_CENTERLINE",
        "source_type": "agent_generated_design",
        "confidence": "medium",
        "geometry_role": "design_proposal",
        "road_class": "greenway",
        "network_phase": "backbone",
        "conductance": 0.7824,
        "name_zh": "智脉骨架支廊025",
        "name_en": "Backbone branch 025",
        "design_note_zh": "概念建议连通关系，供专业团队深化，不代表工程线位。"
      },
      "geometry": {
        "type": "LineString",
        "coordinates": [
          [
            116.34730776547681,
            39.95050512935284
          ],
          [
            116.34811648698452,
            39.951601619945315
          ]
        ]
      },
      "id": "ROAD-BB-025"
    },
    {
      "type": "Feature",
      "properties": {
        "id": "ROAD-BB-026",
        "layer": "ROAD_CENTERLINE",
        "source_type": "agent_generated_design",
        "confidence": "medium",
        "geometry_role": "design_proposal",
        "road_class": "greenway",
        "network_phase": "backbone",
        "conductance": 0.6302,
        "name_zh": "智脉骨架支廊026",
        "name_en": "Backbone branch 026",
        "design_note_zh": "概念建议连通关系，供专业团队深化，不代表工程线位。"
      },
      "geometry": {
        "type": "LineString",
        "coordinates": [
          [
            116.3489459392783,
            39.95051434072848
          ],
          [
            116.34811648698452,
            39.951601619945315
          ]
        ]
      },
      "id": "ROAD-BB-026"
    },
    {
      "type": "Feature",
      "properties": {
        "id": "ROAD-BB-027",
        "layer": "ROAD_CENTERLINE",
        "source_type": "agent_generated_design",
        "confidence": "medium",
        "geometry_role": "design_proposal",
        "road_class": "greenway",
        "network_phase": "backbone",
        "conductance": 0.7588,
        "name_zh": "智脉骨架支廊027",
        "name_en": "Backbone branch 027",
        "design_note_zh": "概念建议连通关系，供专业团队深化，不代表工程线位。"
      },
      "geometry": {
        "type": "LineString",
        "coordinates": [
          [
            116.34811648698452,
            39.951601619945315
          ],
          [
            116.34728700826932,
            39.95268889281267
          ]
        ]
      },
      "id": "ROAD-BB-027"
    },
    {
      "type": "Feature",
      "properties": {
        "id": "ROAD-BB-028",
        "layer": "ROAD_CENTERLINE",
        "source_type": "agent_generated_design",
        "confidence": "medium",
        "geometry_role": "design_proposal",
        "road_class": "greenway",
        "network_phase": "backbone",
        "conductance": 0.6607,
        "name_zh": "智脉骨架支廊028",
        "name_en": "Backbone branch 028",
        "design_note_zh": "概念建议连通关系，供专业团队深化，不代表工程线位。"
      },
      "geometry": {
        "type": "LineString",
        "coordinates": [
          [
            116.34811648698452,
            39.951601619945315
          ],
          [
            116.34892523415975,
            39.952698104896896
          ]
        ]
      },
      "id": "ROAD-BB-028"
    },
    {
      "type": "Feature",
      "properties": {
        "id": "ROAD-BB-029",
        "layer": "ROAD_CENTERLINE",
        "source_type": "agent_generated_design",
        "confidence": "medium",
        "geometry_role": "design_proposal",
        "road_class": "greenway",
        "network_phase": "backbone",
        "conductance": 0.7623,
        "name_zh": "智脉骨架支廊029",
        "name_en": "Backbone branch 029",
        "design_note_zh": "概念建议连通关系，供专业团队深化，不代表工程线位。"
      },
      "geometry": {
        "type": "LineString",
        "coordinates": [
          [
            116.34728700826932,
            39.95268889281267
          ],
          [
            116.34809575469055,
            39.95378538334261
          ]
        ]
      },
      "id": "ROAD-BB-029"
    },
    {
      "type": "Feature",
      "properties": {
        "id": "ROAD-BB-030",
        "layer": "ROAD_CENTERLINE",
        "source_type": "agent_generated_design",
        "confidence": "medium",
        "geometry_role": "design_proposal",
        "road_class": "greenway",
        "network_phase": "backbone",
        "conductance": 0.6645,
        "name_zh": "智脉骨架支廊030",
        "name_en": "Backbone branch 030",
        "design_note_zh": "概念建议连通关系，供专业团队深化，不代表工程线位。"
      },
      "geometry": {
        "type": "LineString",
        "coordinates": [
          [
            116.34892523415975,
            39.952698104896896
          ],
          [
            116.34809575469055,
            39.95378538334261
          ]
        ]
      },
      "id": "ROAD-BB-030"
    },
    {
      "type": "Feature",
      "properties": {
        "id": "ROAD-BB-031",
        "layer": "ROAD_CENTERLINE",
        "source_type": "agent_generated_design",
        "confidence": "medium",
        "geometry_role": "design_proposal",
        "road_class": "greenway",
        "network_phase": "backbone",
        "conductance": 0.7458,
        "name_zh": "智脉骨架支廊031",
        "name_en": "Backbone branch 031",
        "design_note_zh": "概念建议连通关系，供专业团队深化，不代表工程线位。"
      },
      "geometry": {
        "type": "LineString",
        "coordinates": [
          [
            116.34809575469055,
            39.95378538334261
          ],
          [
            116.34726624879706,
            39.9548726554384
          ]
        ]
      },
      "id": "ROAD-BB-031"
    },
    {
      "type": "Feature",
      "properties": {
        "id": "ROAD-BB-032",
        "layer": "ROAD_CENTERLINE",
        "source_type": "agent_generated_design",
        "confidence": "medium",
        "geometry_role": "design_proposal",
        "road_class": "greenway",
        "network_phase": "backbone",
        "conductance": 0.6861,
        "name_zh": "智脉骨架支廊032",
        "name_en": "Backbone branch 032",
        "design_note_zh": "概念建议连通关系，供专业团队深化，不代表工程线位。"
      },
      "geometry": {
        "type": "LineString",
        "coordinates": [
          [
            116.34809575469055,
            39.95378538334261
          ],
          [
            116.34890452678209,
            39.954881868231254
          ]
        ]
      },
      "id": "ROAD-BB-032"
    },
    {
      "type": "Feature",
      "properties": {
        "id": "ROAD-BB-033",
        "layer": "ROAD_CENTERLINE",
        "source_type": "agent_generated_design",
        "confidence": "medium",
        "geometry_role": "design_proposal",
        "road_class": "greenway",
        "network_phase": "backbone",
        "conductance": 0.7493,
        "name_zh": "智脉骨架支廊033",
        "name_en": "Backbone branch 033",
        "design_note_zh": "概念建议连通关系，供专业团队深化，不代表工程线位。"
      },
      "geometry": {
        "type": "LineString",
        "coordinates": [
          [
            116.34726624879706,
            39.9548726554384
          ],
          [
            116.34807502013453,
            39.955969145905826
          ]
        ]
      },
      "id": "ROAD-BB-033"
    },
    {
      "type": "Feature",
      "properties": {
        "id": "ROAD-BB-034",
        "layer": "ROAD_CENTERLINE",
        "source_type": "agent_generated_design",
        "confidence": "medium",
        "geometry_role": "design_proposal",
        "road_class": "greenway",
        "network_phase": "backbone",
        "conductance": 0.5823,
        "name_zh": "智脉骨架支廊034",
        "name_en": "Backbone branch 034",
        "design_note_zh": "概念建议连通关系，供专业团队深化，不代表工程线位。"
      },
      "geometry": {
        "type": "LineString",
        "coordinates": [
          [
            116.34890452678209,
            39.954881868231254
          ],
          [
            116.34807502013453,
            39.955969145905826
          ]
        ]
      },
      "id": "ROAD-BB-034"
    },
    {
      "type": "Feature",
      "properties": {
        "id": "ROAD-BB-035",
        "layer": "ROAD_CENTERLINE",
        "source_type": "agent_generated_design",
        "confidence": "medium",
        "geometry_role": "design_proposal",
        "road_class": "greenway",
        "network_phase": "backbone",
        "conductance": 0.1362,
        "name_zh": "智脉骨架支廊035",
        "name_en": "Backbone branch 035",
        "design_note_zh": "概念建议连通关系，供专业团队深化，不代表工程线位。"
      },
      "geometry": {
        "type": "LineString",
        "coordinates": [
          [
            116.34890452678209,
            39.954881868231254
          ],
          [
            116.34971332454586,
            39.95597834747795
          ]
        ]
      },
      "id": "ROAD-BB-035"
    },
    {
      "type": "Feature",
      "properties": {
        "id": "ROAD-BB-036",
        "layer": "ROAD_CENTERLINE",
        "source_type": "agent_generated_design",
        "confidence": "medium",
        "geometry_role": "design_proposal",
        "road_class": "greenway",
        "network_phase": "backbone",
        "conductance": 0.1526,
        "name_zh": "智脉骨架支廊036",
        "name_en": "Backbone branch 036",
        "design_note_zh": "概念建议连通关系，供专业团队深化，不代表工程线位。"
      },
      "geometry": {
        "type": "LineString",
        "coordinates": [
          [
            116.3447984135761,
            39.955950673311186
          ],
          [
            116.34643671647731,
            39.95595992118355
          ]
        ]
      },
      "id": "ROAD-BB-036"
    },
    {
      "type": "Feature",
      "properties": {
        "id": "ROAD-BB-037",
        "layer": "ROAD_CENTERLINE",
        "source_type": "agent_generated_design",
        "confidence": "medium",
        "geometry_role": "design_proposal",
        "road_class": "greenway",
        "network_phase": "backbone",
        "conductance": 0.1491,
        "name_zh": "智脉骨架支廊037",
        "name_en": "Backbone branch 037",
        "design_note_zh": "概念建议连通关系，供专业团队深化，不代表工程线位。"
      },
      "geometry": {
        "type": "LineString",
        "coordinates": [
          [
            116.34643671647731,
            39.95595992118355
          ],
          [
            116.34807502013453,
            39.955969145905826
          ]
        ]
      },
      "id": "ROAD-BB-037"
    },
    {
      "type": "Feature",
      "properties": {
        "id": "ROAD-BB-038",
        "layer": "ROAD_CENTERLINE",
        "source_type": "agent_generated_design",
        "confidence": "medium",
        "geometry_role": "design_proposal",
        "road_class": "greenway",
        "network_phase": "backbone",
        "conductance": 0.9275,
        "name_zh": "智脉骨架支廊038",
        "name_en": "Backbone branch 038",
        "design_note_zh": "概念建议连通关系，供专业团队深化，不代表工程线位。"
      },
      "geometry": {
        "type": "LineString",
        "coordinates": [
          [
            116.34807502013453,
            39.955969145905826
          ],
          [
            116.34724548705972,
            39.957056417229985
          ]
        ]
      },
      "id": "ROAD-BB-038"
    },
    {
      "type": "Feature",
      "properties": {
        "id": "ROAD-BB-039",
        "layer": "ROAD_CENTERLINE",
        "source_type": "agent_generated_design",
        "confidence": "medium",
        "geometry_role": "design_proposal",
        "road_class": "greenway",
        "network_phase": "backbone",
        "conductance": 0.1921,
        "name_zh": "智脉骨架支廊039",
        "name_en": "Backbone branch 039",
        "design_note_zh": "概念建议连通关系，供专业团队深化，不代表工程线位。"
      },
      "geometry": {
        "type": "LineString",
        "coordinates": [
          [
            116.34807502013453,
            39.955969145905826
          ],
          [
            116.34888381714508,
            39.95706563073154
          ]
        ]
      },
      "id": "ROAD-BB-039"
    },
    {
      "type": "Feature",
      "properties": {
        "id": "ROAD-BB-040",
        "layer": "ROAD_CENTERLINE",
        "source_type": "agent_generated_design",
        "confidence": "medium",
        "geometry_role": "design_proposal",
        "road_class": "greenway",
        "network_phase": "backbone",
        "conductance": 0.1288,
        "name_zh": "智脉骨架支廊040",
        "name_en": "Backbone branch 040",
        "design_note_zh": "概念建议连通关系，供专业团队深化，不代表工程线位。"
      },
      "geometry": {
        "type": "LineString",
        "coordinates": [
          [
            116.34971332454586,
            39.95597834747795
          ],
          [
            116.35135162970941,
            39.955987525899936
          ]
        ]
      },
      "id": "ROAD-BB-040"
    },
    {
      "type": "Feature",
      "properties": {
        "id": "ROAD-BB-041",
        "layer": "ROAD_CENTERLINE",
        "source_type": "agent_generated_design",
        "confidence": "medium",
        "geometry_role": "design_proposal",
        "road_class": "greenway",
        "network_phase": "backbone",
        "conductance": 0.9307,
        "name_zh": "智脉骨架支廊041",
        "name_en": "Backbone branch 041",
        "design_note_zh": "概念建议连通关系，供专业团队深化，不代表工程线位。"
      },
      "geometry": {
        "type": "LineString",
        "coordinates": [
          [
            116.34724548705972,
            39.957056417229985
          ],
          [
            116.34805428331613,
            39.95815290763493
          ]
        ]
      },
      "id": "ROAD-BB-041"
    },
    {
      "type": "Feature",
      "properties": {
        "id": "ROAD-BB-042",
        "layer": "ROAD_CENTERLINE",
        "source_type": "agent_generated_design",
        "confidence": "medium",
        "geometry_role": "design_proposal",
        "road_class": "greenway",
        "network_phase": "backbone",
        "conductance": 0.1909,
        "name_zh": "智脉骨架支廊042",
        "name_en": "Backbone branch 042",
        "design_note_zh": "概念建议连通关系，供专业团队深化，不代表工程线位。"
      },
      "geometry": {
        "type": "LineString",
        "coordinates": [
          [
            116.34888381714508,
            39.95706563073154
          ],
          [
            116.34969263983065,
            39.9581621099149
          ]
        ]
      },
      "id": "ROAD-BB-042"
    },
    {
      "type": "Feature",
      "properties": {
        "id": "ROAD-BB-043",
        "layer": "ROAD_CENTERLINE",
        "source_type": "agent_generated_design",
        "confidence": "medium",
        "geometry_role": "design_proposal",
        "road_class": "greenway",
        "network_phase": "backbone",
        "conductance": 0.85,
        "name_zh": "智脉骨架支廊043",
        "name_en": "Backbone branch 043",
        "design_note_zh": "概念建议连通关系，供专业团队深化，不代表工程线位。"
      },
      "geometry": {
        "type": "LineString",
        "coordinates": [
          [
            116.34805428331613,
            39.95815290763493
          ],
          [
            116.34722472305705,
            39.95924017818745
          ]
        ]
      },
      "id": "ROAD-BB-043"
    },
    {
      "type": "Feature",
      "properties": {
        "id": "ROAD-BB-044",
        "layer": "ROAD_CENTERLINE",
        "source_type": "agent_generated_design",
        "confidence": "medium",
        "geometry_role": "design_proposal",
        "road_class": "greenway",
        "network_phase": "backbone",
        "conductance": 0.1895,
        "name_zh": "智脉骨架支廊044",
        "name_en": "Backbone branch 044",
        "design_note_zh": "概念建议连通关系，供专业团队深化，不代表工程线位。"
      },
      "geometry": {
        "type": "LineString",
        "coordinates": [
          [
            116.34969263983065,
            39.9581621099149
          ],
          [
            116.35050148819312,
            39.95925858345521
          ]
        ]
      },
      "id": "ROAD-BB-044"
    },
    {
      "type": "Feature",
      "properties": {
        "id": "ROAD-BB-045",
        "layer": "ROAD_CENTERLINE",
        "source_type": "agent_generated_design",
        "confidence": "medium",
        "geometry_role": "design_proposal",
        "road_class": "greenway",
        "network_phase": "backbone",
        "conductance": 0.1882,
        "name_zh": "智脉骨架支廊045",
        "name_en": "Backbone branch 045",
        "design_note_zh": "概念建议连通关系，供专业团队深化，不代表工程线位。"
      },
      "geometry": {
        "type": "LineString",
        "coordinates": [
          [
            116.34722472305705,
            39.95924017818745
          ],
          [
            116.34639513636598,
            39.960327442388426
          ]
        ]
      },
      "id": "ROAD-BB-045"
    },
    {
      "type": "Feature",
      "properties": {
        "id": "ROAD-BB-046",
        "layer": "ROAD_CENTERLINE",
        "source_type": "agent_generated_design",
        "confidence": "medium",
        "geometry_role": "design_proposal",
        "road_class": "greenway",
        "network_phase": "backbone",
        "conductance": 0.6902,
        "name_zh": "智脉骨架支廊046",
        "name_en": "Backbone branch 046",
        "design_note_zh": "概念建议连通关系，供专业团队深化，不代表工程线位。"
      },
      "geometry": {
        "type": "LineString",
        "coordinates": [
          [
            116.34722472305705,
            39.95924017818745
          ],
          [
            116.3480335442351,
            39.96033666852993
          ]
        ]
      },
      "id": "ROAD-BB-046"
    },
    {
      "type": "Feature",
      "properties": {
        "id": "ROAD-BB-047",
        "layer": "ROAD_CENTERLINE",
        "source_type": "agent_generated_design",
        "confidence": "medium",
        "geometry_role": "design_proposal",
        "road_class": "greenway",
        "network_phase": "backbone",
        "conductance": 0.19,
        "name_zh": "智脉骨架支廊047",
        "name_en": "Backbone branch 047",
        "design_note_zh": "概念建议连通关系，供专业团队深化，不代表工程线位。"
      },
      "geometry": {
        "type": "LineString",
        "coordinates": [
          [
            116.34639513636598,
            39.960327442388426
          ],
          [
            116.34556552324102,
            39.961414700237164
          ]
        ]
      },
      "id": "ROAD-BB-047"
    },
    {
      "type": "Feature",
      "properties": {
        "id": "ROAD-BB-048",
        "layer": "ROAD_CENTERLINE",
        "source_type": "agent_generated_design",
        "confidence": "medium",
        "geometry_role": "design_proposal",
        "road_class": "greenway",
        "network_phase": "backbone",
        "conductance": 0.0,
        "name_zh": "智脉骨架支廊048",
        "name_en": "Backbone branch 048",
        "design_note_zh": "概念建议连通关系，供专业团队深化，不代表工程线位。"
      },
      "geometry": {
        "type": "LineString",
        "coordinates": [
          [
            116.3480335442351,
            39.96033666852993
          ],
          [
            116.34720395678879,
            39.96142393831078
          ]
        ]
      },
      "id": "ROAD-BB-048"
    },
    {
      "type": "Feature",
      "properties": {
        "id": "ROAD-BB-049",
        "layer": "ROAD_CENTERLINE",
        "source_type": "agent_generated_design",
        "confidence": "medium",
        "geometry_role": "design_proposal",
        "road_class": "greenway",
        "network_phase": "backbone",
        "conductance": 0.7174,
        "name_zh": "智脉骨架支廊049",
        "name_en": "Backbone branch 049",
        "design_note_zh": "概念建议连通关系，供专业团队深化，不代表工程线位。"
      },
      "geometry": {
        "type": "LineString",
        "coordinates": [
          [
            116.3480335442351,
            39.96033666852993
          ],
          [
            116.34884239109184,
            39.961433153229834
          ]
        ]
      },
      "id": "ROAD-BB-049"
    },
    {
      "type": "Feature",
      "properties": {
        "id": "ROAD-BB-050",
        "layer": "ROAD_CENTERLINE",
        "source_type": "agent_generated_design",
        "confidence": "medium",
        "geometry_role": "design_proposal",
        "road_class": "greenway",
        "network_phase": "backbone",
        "conductance": 0.1229,
        "name_zh": "智脉骨架支廊050",
        "name_en": "Backbone branch 050",
        "design_note_zh": "概念建议连通关系，供专业团队深化，不代表工程线位。"
      },
      "geometry": {
        "type": "LineString",
        "coordinates": [
          [
            116.34228865841894,
            39.961396154626364
          ],
          [
            116.34392709045044,
            39.961405439009006
          ]
        ]
      },
      "id": "ROAD-BB-050"
    },
    {
      "type": "Feature",
      "properties": {
        "id": "ROAD-BB-051",
        "layer": "ROAD_CENTERLINE",
        "source_type": "agent_generated_design",
        "confidence": "medium",
        "geometry_role": "design_proposal",
        "road_class": "greenway",
        "network_phase": "backbone",
        "conductance": 0.1177,
        "name_zh": "智脉骨架支廊051",
        "name_en": "Backbone branch 051",
        "design_note_zh": "概念建议连通关系，供专业团队深化，不代表工程线位。"
      },
      "geometry": {
        "type": "LineString",
        "coordinates": [
          [
            116.34392709045044,
            39.961405439009006
          ],
          [
            116.34556552324102,
            39.961414700237164
          ]
        ]
      },
      "id": "ROAD-BB-051"
    },
    {
      "type": "Feature",
      "properties": {
        "id": "ROAD-BB-052",
        "layer": "ROAD_CENTERLINE",
        "source_type": "agent_generated_design",
        "confidence": "medium",
        "geometry_role": "design_proposal",
        "road_class": "greenway",
        "network_phase": "backbone",
        "conductance": 0.0,
        "name_zh": "智脉骨架支廊052",
        "name_en": "Backbone branch 052",
        "design_note_zh": "概念建议连通关系，供专业团队深化，不代表工程线位。"
      },
      "geometry": {
        "type": "LineString",
        "coordinates": [
          [
            116.34720395678879,
            39.96142393831078
          ],
          [
            116.34801280289118,
            39.9625204285908
          ]
        ]
      },
      "id": "ROAD-BB-052"
    },
    {
      "type": "Feature",
      "properties": {
        "id": "ROAD-BB-053",
        "layer": "ROAD_CENTERLINE",
        "source_type": "agent_generated_design",
        "confidence": "medium",
        "geometry_role": "design_proposal",
        "road_class": "greenway",
        "network_phase": "backbone",
        "conductance": 0.595,
        "name_zh": "智脉骨架支廊053",
        "name_en": "Backbone branch 053",
        "design_note_zh": "概念建议连通关系，供专业团队深化，不代表工程线位。"
      },
      "geometry": {
        "type": "LineString",
        "coordinates": [
          [
            116.34884239109184,
            39.961433153229834
          ],
          [
            116.34801280289118,
            39.9625204285908
          ]
        ]
      },
      "id": "ROAD-BB-053"
    },
    {
      "type": "Feature",
      "properties": {
        "id": "ROAD-BB-054",
        "layer": "ROAD_CENTERLINE",
        "source_type": "agent_generated_design",
        "confidence": "medium",
        "geometry_role": "design_proposal",
        "road_class": "greenway",
        "network_phase": "backbone",
        "conductance": 0.5977,
        "name_zh": "智脉骨架支廊054",
        "name_en": "Backbone branch 054",
        "design_note_zh": "概念建议连通关系，供专业团队深化，不代表工程线位。"
      },
      "geometry": {
        "type": "LineString",
        "coordinates": [
          [
            116.34801280289118,
            39.9625204285908
          ],
          [
            116.34718318825463,
            39.96360769759994
          ]
        ]
      },
      "id": "ROAD-BB-054"
    },
    {
      "type": "Feature",
      "properties": {
        "id": "ROAD-BB-055",
        "layer": "ROAD_CENTERLINE",
        "source_type": "agent_generated_design",
        "confidence": "medium",
        "geometry_role": "design_proposal",
        "road_class": "greenway",
        "network_phase": "backbone",
        "conductance": 0.4715,
        "name_zh": "智脉骨架支廊055",
        "name_en": "Backbone branch 055",
        "design_note_zh": "概念建议连通关系，供专业团队深化，不代表工程线位。"
      },
      "geometry": {
        "type": "LineString",
        "coordinates": [
          [
            116.34718318825463,
            39.96360769759994
          ],
          [
            116.34799205928408,
            39.96470418781753
          ]
        ]
      },
      "id": "ROAD-BB-055"
    },
    {
      "type": "Feature",
      "properties": {
        "id": "ROAD-BB-056",
        "layer": "ROAD_CENTERLINE",
        "source_type": "agent_generated_design",
        "confidence": "medium",
        "geometry_role": "design_proposal",
        "road_class": "greenway",
        "network_phase": "backbone",
        "conductance": 0.1604,
        "name_zh": "智脉骨架支廊056",
        "name_en": "Backbone branch 056",
        "design_note_zh": "概念建议连通关系，供专业团队深化，不代表工程线位。"
      },
      "geometry": {
        "type": "LineString",
        "coordinates": [
          [
            116.34799205928408,
            39.96470418781753
          ],
          [
            116.34716241745433,
            39.965791456054944
          ]
        ]
      },
      "id": "ROAD-BB-056"
    },
    {
      "type": "Feature",
      "properties": {
        "id": "ROAD-BB-057",
        "layer": "ROAD_CENTERLINE",
        "source_type": "agent_generated_design",
        "confidence": "medium",
        "geometry_role": "design_proposal",
        "road_class": "greenway",
        "network_phase": "backbone",
        "conductance": 0.3332,
        "name_zh": "智脉骨架支廊057",
        "name_en": "Backbone branch 057",
        "design_note_zh": "概念建议连通关系，供专业团队深化，不代表工程线位。"
      },
      "geometry": {
        "type": "LineString",
        "coordinates": [
          [
            116.34799205928408,
            39.96470418781753
          ],
          [
            116.3488009559978,
            39.96580067239167
          ]
        ]
      },
      "id": "ROAD-BB-057"
    },
    {
      "type": "Feature",
      "properties": {
        "id": "ROAD-BB-058",
        "layer": "ROAD_CENTERLINE",
        "source_type": "agent_generated_design",
        "confidence": "medium",
        "geometry_role": "design_proposal",
        "road_class": "greenway",
        "network_phase": "backbone",
        "conductance": 0.1532,
        "name_zh": "智脉骨架支廊058",
        "name_en": "Backbone branch 058",
        "design_note_zh": "概念建议连通关系，供专业团队深化，不代表工程线位。"
      },
      "geometry": {
        "type": "LineString",
        "coordinates": [
          [
            116.34716241745433,
            39.965791456054944
          ],
          [
            116.34797131341352,
            39.966887946210086
          ]
        ]
      },
      "id": "ROAD-BB-058"
    },
    {
      "type": "Feature",
      "properties": {
        "id": "ROAD-BB-059",
        "layer": "ROAD_CENTERLINE",
        "source_type": "agent_generated_design",
        "confidence": "medium",
        "geometry_role": "design_proposal",
        "road_class": "greenway",
        "network_phase": "backbone",
        "conductance": 0.1862,
        "name_zh": "智脉骨架支廊059",
        "name_en": "Backbone branch 059",
        "design_note_zh": "概念建议连通关系，供专业团队深化，不代表工程线位。"
      },
      "geometry": {
        "type": "LineString",
        "coordinates": [
          [
            116.3488009559978,
            39.96580067239167
          ],
          [
            116.34960987839773,
            39.96689715132175
          ]
        ]
      },
      "id": "ROAD-BB-059"
    },
    {
      "type": "Feature",
      "properties": {
        "id": "ROAD-BB-060",
        "layer": "ROAD_CENTERLINE",
        "source_type": "agent_generated_design",
        "confidence": "medium",
        "geometry_role": "design_proposal",
        "road_class": "greenway",
        "network_phase": "backbone",
        "conductance": 0.0823,
        "name_zh": "智脉骨架支廊060",
        "name_en": "Backbone branch 060",
        "design_note_zh": "概念建议连通关系，供专业团队深化，不代表工程线位。"
      },
      "geometry": {
        "type": "LineString",
        "coordinates": [
          [
            116.34797131341352,
            39.966887946210086
          ],
          [
            116.34714164438759,
            39.967975213675764
          ]
        ]
      },
      "id": "ROAD-BB-060"
    },
    {
      "type": "Feature",
      "properties": {
        "id": "ROAD-BB-061",
        "layer": "ROAD_CENTERLINE",
        "source_type": "agent_generated_design",
        "confidence": "medium",
        "geometry_role": "design_proposal",
        "road_class": "greenway",
        "network_phase": "backbone",
        "conductance": 0.1133,
        "name_zh": "智脉骨架支廊061",
        "name_en": "Backbone branch 061",
        "design_note_zh": "概念建议连通关系，供专业团队深化，不代表工程线位。"
      },
      "geometry": {
        "type": "LineString",
        "coordinates": [
          [
            116.34960987839773,
            39.96689715132175
          ],
          [
            116.35124844413458,
            39.966906333274345
          ]
        ]
      },
      "id": "ROAD-BB-061"
    },
    {
      "type": "Feature",
      "properties": {
        "id": "ROAD-BB-062",
        "layer": "ROAD_CENTERLINE",
        "source_type": "agent_generated_design",
        "confidence": "medium",
        "geometry_role": "design_proposal",
        "road_class": "greenway",
        "network_phase": "backbone",
        "conductance": 0.0,
        "name_zh": "智脉骨架支廊062",
        "name_en": "Backbone branch 062",
        "design_note_zh": "概念建议连通关系，供专业团队深化，不代表工程线位。"
      },
      "geometry": {
        "type": "LineString",
        "coordinates": [
          [
            116.34714164438759,
            39.967975213675764
          ],
          [
            116.34795056527925,
            39.9690717037685
          ]
        ]
      },
      "id": "ROAD-BB-062"
    },
    {
      "type": "Feature",
      "properties": {
        "id": "ROAD-BB-063",
        "layer": "ROAD_CENTERLINE",
        "source_type": "agent_generated_design",
        "confidence": "medium",
        "geometry_role": "design_proposal",
        "road_class": "greenway",
        "network_phase": "backbone",
        "conductance": 0.0,
        "name_zh": "智脉骨架支廊063",
        "name_en": "Backbone branch 063",
        "design_note_zh": "概念建议连通关系，供专业团队深化，不代表工程线位。"
      },
      "geometry": {
        "type": "LineString",
        "coordinates": [
          [
            116.34795056527925,
            39.9690717037685
          ],
          [
            116.34712086905412,
            39.97015897046238
          ]
        ]
      },
      "id": "ROAD-BB-063"
    },
    {
      "type": "Feature",
      "properties": {
        "id": "ROAD-BB-064",
        "layer": "ROAD_CENTERLINE",
        "source_type": "agent_generated_design",
        "confidence": "medium",
        "geometry_role": "design_proposal",
        "road_class": "greenway",
        "network_phase": "backbone",
        "conductance": 0.0,
        "name_zh": "智脉骨架支廊064",
        "name_en": "Backbone branch 064",
        "design_note_zh": "概念建议连通关系，供专业团队深化，不代表工程线位。"
      },
      "geometry": {
        "type": "LineString",
        "coordinates": [
          [
            116.34712086905412,
            39.97015897046238
          ],
          [
            116.34792981488096,
            39.97125546049273
          ]
        ]
      },
      "id": "ROAD-BB-064"
    },
    {
      "type": "Feature",
      "properties": {
        "id": "ROAD-BB-065",
        "layer": "ROAD_CENTERLINE",
        "source_type": "agent_generated_design",
        "confidence": "medium",
        "geometry_role": "design_proposal",
        "road_class": "greenway",
        "network_phase": "backbone",
        "conductance": 0.1161,
        "name_zh": "智脉骨架支廊065",
        "name_en": "Backbone branch 065",
        "design_note_zh": "概念建议连通关系，供专业团队深化，不代表工程线位。"
      },
      "geometry": {
        "type": "LineString",
        "coordinates": [
          [
            116.34875951186078,
            39.970168188216974
          ],
          [
            116.34792981488096,
            39.97125546049273
          ]
        ]
      },
      "id": "ROAD-BB-065"
    },
    {
      "type": "Feature",
      "properties": {
        "id": "ROAD-BB-066",
        "layer": "ROAD_CENTERLINE",
        "source_type": "agent_generated_design",
        "confidence": "medium",
        "geometry_role": "design_proposal",
        "road_class": "greenway",
        "network_phase": "backbone",
        "conductance": 0.1137,
        "name_zh": "智脉骨架支廊066",
        "name_en": "Backbone branch 066",
        "design_note_zh": "概念建议连通关系，供专业团队深化，不代表工程线位。"
      },
      "geometry": {
        "type": "LineString",
        "coordinates": [
          [
            116.3462911463826,
            39.97124623080236
          ],
          [
            116.3471000914537,
            39.97234272641481
          ]
        ]
      },
      "id": "ROAD-BB-066"
    },
    {
      "type": "Feature",
      "properties": {
        "id": "ROAD-BB-067",
        "layer": "ROAD_CENTERLINE",
        "source_type": "agent_generated_design",
        "confidence": "medium",
        "geometry_role": "design_proposal",
        "road_class": "greenway",
        "network_phase": "backbone",
        "conductance": 0.1277,
        "name_zh": "智脉骨架支廊067",
        "name_en": "Backbone branch 067",
        "design_note_zh": "概念建议连通关系，供专业团队深化，不代表工程线位。"
      },
      "geometry": {
        "type": "LineString",
        "coordinates": [
          [
            116.34792981488096,
            39.97125546049273
          ],
          [
            116.3471000914537,
            39.97234272641481
          ]
        ]
      },
      "id": "ROAD-BB-067"
    },
    {
      "type": "Feature",
      "properties": {
        "id": "ROAD-BB-068",
        "layer": "ROAD_CENTERLINE",
        "source_type": "agent_generated_design",
        "confidence": "medium",
        "geometry_role": "design_proposal",
        "road_class": "greenway",
        "network_phase": "backbone",
        "conductance": 0.2399,
        "name_zh": "智脉骨架支廊068",
        "name_en": "Backbone branch 068",
        "design_note_zh": "概念建议连通关系，供专业团队深化，不代表工程线位。"
      },
      "geometry": {
        "type": "LineString",
        "coordinates": [
          [
            116.3471000914537,
            39.97234272641481
          ],
          [
            116.34627034157712,
            39.9734299859825
          ]
        ]
      },
      "id": "ROAD-BB-068"
    },
    {
      "type": "Feature",
      "properties": {
        "id": "ROAD-BB-069",
        "layer": "ROAD_CENTERLINE",
        "source_type": "agent_generated_design",
        "confidence": "medium",
        "geometry_role": "design_proposal",
        "road_class": "greenway",
        "network_phase": "backbone",
        "conductance": 0.0033,
        "name_zh": "智脉骨架支廊069",
        "name_en": "Backbone branch 069",
        "design_note_zh": "概念建议连通关系，供专业团队深化，不代表工程线位。"
      },
      "geometry": {
        "type": "LineString",
        "coordinates": [
          [
            116.3471000914537,
            39.97234272641481
          ],
          [
            116.34790906221838,
            39.973439216382786
          ]
        ]
      },
      "id": "ROAD-BB-069"
    },
    {
      "type": "Feature",
      "properties": {
        "id": "ROAD-BB-070",
        "layer": "ROAD_CENTERLINE",
        "source_type": "agent_generated_design",
        "confidence": "medium",
        "geometry_role": "design_proposal",
        "road_class": "greenway",
        "network_phase": "backbone",
        "conductance": 0.3191,
        "name_zh": "智脉骨架支廊070",
        "name_en": "Backbone branch 070",
        "design_note_zh": "概念建议连通关系，供专业团队深化，不代表工程线位。"
      },
      "geometry": {
        "type": "LineString",
        "coordinates": [
          [
            116.34627034157712,
            39.9734299859825
          ],
          [
            116.347079311586,
            39.974526481533005
          ]
        ]
      },
      "id": "ROAD-BB-070"
    },
    {
      "type": "Feature",
      "properties": {
        "id": "ROAD-BB-071",
        "layer": "ROAD_CENTERLINE",
        "source_type": "agent_generated_design",
        "confidence": "medium",
        "geometry_role": "design_proposal",
        "road_class": "greenway",
        "network_phase": "backbone",
        "conductance": 0.0,
        "name_zh": "智脉骨架支廊071",
        "name_en": "Backbone branch 071",
        "design_note_zh": "概念建议连通关系，供专业团队深化，不代表工程线位。"
      },
      "geometry": {
        "type": "LineString",
        "coordinates": [
          [
            116.34790906221838,
            39.973439216382786
          ],
          [
            116.347079311586,
            39.974526481533005
          ]
        ]
      },
      "id": "ROAD-BB-071"
    },
    {
      "type": "Feature",
      "properties": {
        "id": "ROAD-BB-072",
        "layer": "ROAD_CENTERLINE",
        "source_type": "agent_generated_design",
        "confidence": "medium",
        "geometry_role": "design_proposal",
        "road_class": "greenway",
        "network_phase": "backbone",
        "conductance": 0.3214,
        "name_zh": "智脉骨架支廊072",
        "name_en": "Backbone branch 072",
        "design_note_zh": "概念建议连通关系，供专业团队深化，不代表工程线位。"
      },
      "geometry": {
        "type": "LineString",
        "coordinates": [
          [
            116.347079311586,
            39.974526481533005
          ],
          [
            116.34788830729129,
            39.97562297143862
          ]
        ]
      },
      "id": "ROAD-BB-072"
    },
    {
      "type": "Feature",
      "properties": {
        "id": "ROAD-BB-073",
        "layer": "ROAD_CENTERLINE",
        "source_type": "agent_generated_design",
        "confidence": "medium",
        "geometry_role": "design_proposal",
        "road_class": "greenway",
        "network_phase": "backbone",
        "conductance": 0.4281,
        "name_zh": "智脉骨架支廊073",
        "name_en": "Backbone branch 073",
        "design_note_zh": "概念建议连通关系，供专业团队深化，不代表工程线位。"
      },
      "geometry": {
        "type": "LineString",
        "coordinates": [
          [
            116.34788830729129,
            39.97562297143862
          ],
          [
            116.34705852945076,
            39.97671023581699
          ]
        ]
      },
      "id": "ROAD-BB-073"
    },
    {
      "type": "Feature",
      "properties": {
        "id": "ROAD-BB-074",
        "layer": "ROAD_CENTERLINE",
        "source_type": "agent_generated_design",
        "confidence": "medium",
        "geometry_role": "design_proposal",
        "road_class": "greenway",
        "network_phase": "backbone",
        "conductance": 0.4332,
        "name_zh": "智脉骨架支廊074",
        "name_en": "Backbone branch 074",
        "design_note_zh": "概念建议连通关系，供专业团队深化，不代表工程线位。"
      },
      "geometry": {
        "type": "LineString",
        "coordinates": [
          [
            116.34705852945076,
            39.97671023581699
          ],
          [
            116.34622872515513,
            39.97779749384002
          ]
        ]
      },
      "id": "ROAD-BB-074"
    },
    {
      "type": "Feature",
      "properties": {
        "id": "ROAD-BB-075",
        "layer": "ROAD_CENTERLINE",
        "source_type": "agent_generated_design",
        "confidence": "medium",
        "geometry_role": "design_proposal",
        "road_class": "greenway",
        "network_phase": "backbone",
        "conductance": 0.0,
        "name_zh": "智脉骨架支廊075",
        "name_en": "Backbone branch 075",
        "design_note_zh": "概念建议连通关系，供专业团队深化，不代表工程线位。"
      },
      "geometry": {
        "type": "LineString",
        "coordinates": [
          [
            116.34705852945076,
            39.97671023581699
          ],
          [
            116.34786755009932,
            39.97780672566026
          ]
        ]
      },
      "id": "ROAD-BB-075"
    },
    {
      "type": "Feature",
      "properties": {
        "id": "ROAD-BB-076",
        "layer": "ROAD_CENTERLINE",
        "source_type": "agent_generated_design",
        "confidence": "medium",
        "geometry_role": "design_proposal",
        "road_class": "greenway",
        "network_phase": "backbone",
        "conductance": 0.5046,
        "name_zh": "智脉骨架支廊076",
        "name_en": "Backbone branch 076",
        "design_note_zh": "概念建议连通关系，供专业团队深化，不代表工程线位。"
      },
      "geometry": {
        "type": "LineString",
        "coordinates": [
          [
            116.34622872515513,
            39.97779749384002
          ],
          [
            116.34703774504771,
            39.97889398926672
          ]
        ]
      },
      "id": "ROAD-BB-076"
    },
    {
      "type": "Feature",
      "properties": {
        "id": "ROAD-BB-077",
        "layer": "ROAD_CENTERLINE",
        "source_type": "agent_generated_design",
        "confidence": "medium",
        "geometry_role": "design_proposal",
        "road_class": "greenway",
        "network_phase": "backbone",
        "conductance": 0.0073,
        "name_zh": "智脉骨架支廊077",
        "name_en": "Backbone branch 077",
        "design_note_zh": "概念建议连通关系，供专业团队深化，不代表工程线位。"
      },
      "geometry": {
        "type": "LineString",
        "coordinates": [
          [
            116.34786755009932,
            39.97780672566026
          ],
          [
            116.34703774504771,
            39.97889398926672
          ]
        ]
      },
      "id": "ROAD-BB-077"
    },
    {
      "type": "Feature",
      "properties": {
        "id": "ROAD-BB-078",
        "layer": "ROAD_CENTERLINE",
        "source_type": "agent_generated_design",
        "confidence": "medium",
        "geometry_role": "design_proposal",
        "road_class": "greenway",
        "network_phase": "backbone",
        "conductance": 0.5117,
        "name_zh": "智脉骨架支廊078",
        "name_en": "Backbone branch 078",
        "design_note_zh": "概念建议连通关系，供专业团队深化，不代表工程线位。"
      },
      "geometry": {
        "type": "LineString",
        "coordinates": [
          [
            116.34703774504771,
            39.97889398926672
          ],
          [
            116.34784679064225,
            39.979990479047665
          ]
        ]
      },
      "id": "ROAD-BB-078"
    },
    {
      "type": "Feature",
      "properties": {
        "id": "ROAD-BB-079",
        "layer": "ROAD_CENTERLINE",
        "source_type": "agent_generated_design",
        "confidence": "medium",
        "geometry_role": "design_proposal",
        "road_class": "greenway",
        "network_phase": "backbone",
        "conductance": 0.4486,
        "name_zh": "智脉骨架支廊079",
        "name_en": "Backbone branch 079",
        "design_note_zh": "概念建议连通关系，供专业团队深化，不代表工程线位。"
      },
      "geometry": {
        "type": "LineString",
        "coordinates": [
          [
            116.34784679064225,
            39.979990479047665
          ],
          [
            116.34701695837657,
            39.981077741882196
          ]
        ]
      },
      "id": "ROAD-BB-079"
    },
    {
      "type": "Feature",
      "properties": {
        "id": "ROAD-BB-080",
        "layer": "ROAD_CENTERLINE",
        "source_type": "agent_generated_design",
        "confidence": "medium",
        "geometry_role": "design_proposal",
        "road_class": "greenway",
        "network_phase": "backbone",
        "conductance": 0.4191,
        "name_zh": "智脉骨架支廊080",
        "name_en": "Backbone branch 080",
        "design_note_zh": "概念建议连通关系，供专业团队深化，不代表工程线位。"
      },
      "geometry": {
        "type": "LineString",
        "coordinates": [
          [
            116.34701695837657,
            39.981077741882196
          ],
          [
            116.34782602891981,
            39.98217423160084
          ]
        ]
      },
      "id": "ROAD-BB-080"
    },
    {
      "type": "Feature",
      "properties": {
        "id": "ROAD-BB-081",
        "layer": "ROAD_CENTERLINE",
        "source_type": "agent_generated_design",
        "confidence": "medium",
        "geometry_role": "design_proposal",
        "road_class": "greenway",
        "network_phase": "backbone",
        "conductance": 0.5253,
        "name_zh": "智脉骨架支廊081",
        "name_en": "Backbone branch 081",
        "design_note_zh": "概念建议连通关系，供专业团队深化，不代表工程线位。"
      },
      "geometry": {
        "type": "LineString",
        "coordinates": [
          [
            116.34782602891981,
            39.98217423160084
          ],
          [
            116.34699616943705,
            39.98326149366341
          ]
        ]
      },
      "id": "ROAD-BB-081"
    },
    {
      "type": "Feature",
      "properties": {
        "id": "ROAD-BB-082",
        "layer": "ROAD_CENTERLINE",
        "source_type": "agent_generated_design",
        "confidence": "medium",
        "geometry_role": "design_proposal",
        "road_class": "greenway",
        "network_phase": "backbone",
        "conductance": 0.6246,
        "name_zh": "智脉骨架支廊082",
        "name_en": "Backbone branch 082",
        "design_note_zh": "概念建议连通关系，供专业团队深化，不代表工程线位。"
      },
      "geometry": {
        "type": "LineString",
        "coordinates": [
          [
            116.34699616943705,
            39.98326149366341
          ],
          [
            116.34780526493172,
            39.98435798331976
          ]
        ]
      },
      "id": "ROAD-BB-082"
    },
    {
      "type": "Feature",
      "properties": {
        "id": "ROAD-BB-083",
        "layer": "ROAD_CENTERLINE",
        "source_type": "agent_generated_design",
        "confidence": "medium",
        "geometry_role": "design_proposal",
        "road_class": "greenway",
        "network_phase": "backbone",
        "conductance": 0.6269,
        "name_zh": "智脉骨架支廊083",
        "name_en": "Backbone branch 083",
        "design_note_zh": "概念建议连通关系，供专业团队深化，不代表工程线位。"
      },
      "geometry": {
        "type": "LineString",
        "coordinates": [
          [
            116.34780526493172,
            39.98435798331976
          ],
          [
            116.3469753782289,
            39.98544524461036
          ]
        ]
      },
      "id": "ROAD-BB-083"
    },
    {
      "type": "Feature",
      "properties": {
        "id": "ROAD-BB-084",
        "layer": "ROAD_CENTERLINE",
        "source_type": "agent_generated_design",
        "confidence": "medium",
        "geometry_role": "design_proposal",
        "road_class": "greenway",
        "network_phase": "backbone",
        "conductance": 0.6293,
        "name_zh": "智脉骨架支廊084",
        "name_en": "Backbone branch 084",
        "design_note_zh": "概念建议连通关系，供专业团队深化，不代表工程线位。"
      },
      "geometry": {
        "type": "LineString",
        "coordinates": [
          [
            116.3469753782289,
            39.98544524461036
          ],
          [
            116.34778449867767,
            39.98654173420443
          ]
        ]
      },
      "id": "ROAD-BB-084"
    },
    {
      "type": "Feature",
      "properties": {
        "id": "ROAD-BB-085",
        "layer": "ROAD_CENTERLINE",
        "source_type": "agent_generated_design",
        "confidence": "medium",
        "geometry_role": "design_proposal",
        "road_class": "greenway",
        "network_phase": "backbone",
        "conductance": 0.1363,
        "name_zh": "智脉骨架支廊085",
        "name_en": "Backbone branch 085",
        "design_note_zh": "概念建议连通关系，供专业团队深化，不代表工程线位。"
      },
      "geometry": {
        "type": "LineString",
        "coordinates": [
          [
            116.35025339479719,
            39.98546366687316
          ],
          [
            116.34942353305135,
            39.98655094569003
          ]
        ]
      },
      "id": "ROAD-BB-085"
    },
    {
      "type": "Feature",
      "properties": {
        "id": "ROAD-BB-086",
        "layer": "ROAD_CENTERLINE",
        "source_type": "agent_generated_design",
        "confidence": "medium",
        "geometry_role": "design_proposal",
        "road_class": "greenway",
        "network_phase": "backbone",
        "conductance": 0.6321,
        "name_zh": "智脉骨架支廊086",
        "name_en": "Backbone branch 086",
        "design_note_zh": "概念建议连通关系，供专业团队深化，不代表工程线位。"
      },
      "geometry": {
        "type": "LineString",
        "coordinates": [
          [
            116.34778449867767,
            39.98654173420443
          ],
          [
            116.34695458475183,
            39.98762899472302
          ]
        ]
      },
      "id": "ROAD-BB-086"
    },
    {
      "type": "Feature",
      "properties": {
        "id": "ROAD-BB-087",
        "layer": "ROAD_CENTERLINE",
        "source_type": "agent_generated_design",
        "confidence": "medium",
        "geometry_role": "design_proposal",
        "road_class": "greenway",
        "network_phase": "backbone",
        "conductance": 0.2156,
        "name_zh": "智脉骨架支廊087",
        "name_en": "Backbone branch 087",
        "design_note_zh": "概念建议连通关系，供专业团队深化，不代表工程线位。"
      },
      "geometry": {
        "type": "LineString",
        "coordinates": [
          [
            116.34942353305135,
            39.98655094569003
          ],
          [
            116.34859364483873,
            39.98763821815081
          ]
        ]
      },
      "id": "ROAD-BB-087"
    },
    {
      "type": "Feature",
      "properties": {
        "id": "ROAD-BB-088",
        "layer": "ROAD_CENTERLINE",
        "source_type": "agent_generated_design",
        "confidence": "medium",
        "geometry_role": "design_proposal",
        "road_class": "greenway",
        "network_phase": "backbone",
        "conductance": 0.7204,
        "name_zh": "智脉骨架支廊088",
        "name_en": "Backbone branch 088",
        "design_note_zh": "概念建议连通关系，供专业团队深化，不代表工程线位。"
      },
      "geometry": {
        "type": "LineString",
        "coordinates": [
          [
            116.34695458475183,
            39.98762899472302
          ],
          [
            116.34776373015742,
            39.98872548425482
          ]
        ]
      },
      "id": "ROAD-BB-088"
    },
    {
      "type": "Feature",
      "properties": {
        "id": "ROAD-BB-089",
        "layer": "ROAD_CENTERLINE",
        "source_type": "agent_generated_design",
        "confidence": "medium",
        "geometry_role": "design_proposal",
        "road_class": "greenway",
        "network_phase": "backbone",
        "conductance": 0.2194,
        "name_zh": "智脉骨架支廊089",
        "name_en": "Backbone branch 089",
        "design_note_zh": "概念建议连通关系，供专业团队深化，不代表工程线位。"
      },
      "geometry": {
        "type": "LineString",
        "coordinates": [
          [
            116.34859364483873,
            39.98763821815081
          ],
          [
            116.34776373015742,
            39.98872548425482
          ]
        ]
      },
      "id": "ROAD-BB-089"
    },
    {
      "type": "Feature",
      "properties": {
        "id": "ROAD-BB-090",
        "layer": "ROAD_CENTERLINE",
        "source_type": "agent_generated_design",
        "confidence": "medium",
        "geometry_role": "design_proposal",
        "road_class": "greenway",
        "network_phase": "backbone",
        "conductance": 0.1372,
        "name_zh": "智脉骨架支廊090",
        "name_en": "Backbone branch 090",
        "design_note_zh": "概念建议连通关系，供专业团队深化，不代表工程线位。"
      },
      "geometry": {
        "type": "LineString",
        "coordinates": [
          [
            116.34448555931279,
            39.98870699033623
          ],
          [
            116.34612464435642,
            39.98871624888393
          ]
        ]
      },
      "id": "ROAD-BB-090"
    },
    {
      "type": "Feature",
      "properties": {
        "id": "ROAD-BB-091",
        "layer": "ROAD_CENTERLINE",
        "source_type": "agent_generated_design",
        "confidence": "medium",
        "geometry_role": "design_proposal",
        "road_class": "greenway",
        "network_phase": "backbone",
        "conductance": 0.1501,
        "name_zh": "智脉骨架支廊091",
        "name_en": "Backbone branch 091",
        "design_note_zh": "概念建议连通关系，供专业团队深化，不代表工程线位。"
      },
      "geometry": {
        "type": "LineString",
        "coordinates": [
          [
            116.34612464435642,
            39.98871624888393
          ],
          [
            116.34776373015742,
            39.98872548425482
          ]
        ]
      },
      "id": "ROAD-BB-091"
    },
    {
      "type": "Feature",
      "properties": {
        "id": "ROAD-BB-092",
        "layer": "ROAD_CENTERLINE",
        "source_type": "agent_generated_design",
        "confidence": "medium",
        "geometry_role": "design_proposal",
        "road_class": "greenway",
        "network_phase": "backbone",
        "conductance": 1.0,
        "name_zh": "智脉骨架支廊092",
        "name_en": "Backbone branch 092",
        "design_note_zh": "概念建议连通关系，供专业团队深化，不代表工程线位。"
      },
      "geometry": {
        "type": "LineString",
        "coordinates": [
          [
            116.34776373015742,
            39.98872548425482
          ],
          [
            116.34693378900556,
            39.98981274400137
          ]
        ]
      },
      "id": "ROAD-BB-092"
    },
    {
      "type": "Feature",
      "properties": {
        "id": "ROAD-BB-093",
        "layer": "ROAD_CENTERLINE",
        "source_type": "agent_generated_design",
        "confidence": "medium",
        "geometry_role": "design_proposal",
        "road_class": "greenway",
        "network_phase": "backbone",
        "conductance": 0.2189,
        "name_zh": "智脉骨架支廊093",
        "name_en": "Backbone branch 093",
        "design_note_zh": "概念建议连通关系，供专业团队深化，不代表工程线位。"
      },
      "geometry": {
        "type": "LineString",
        "coordinates": [
          [
            116.34693378900556,
            39.98981274400137
          ],
          [
            116.34610382138125,
            39.990899997389775
          ]
        ]
      },
      "id": "ROAD-BB-093"
    },
    {
      "type": "Feature",
      "properties": {
        "id": "ROAD-BB-094",
        "layer": "ROAD_CENTERLINE",
        "source_type": "agent_generated_design",
        "confidence": "medium",
        "geometry_role": "design_proposal",
        "road_class": "greenway",
        "network_phase": "backbone",
        "conductance": 0.7848,
        "name_zh": "智脉骨架支廊094",
        "name_en": "Backbone branch 094",
        "design_note_zh": "概念建议连通关系，供专业团队深化，不代表工程线位。"
      },
      "geometry": {
        "type": "LineString",
        "coordinates": [
          [
            116.34693378900556,
            39.98981274400137
          ],
          [
            116.3477429593707,
            39.99090923347093
          ]
        ]
      },
      "id": "ROAD-BB-094"
    },
    {
      "type": "Feature",
      "properties": {
        "id": "ROAD-BB-095",
        "layer": "ROAD_CENTERLINE",
        "source_type": "agent_generated_design",
        "confidence": "medium",
        "geometry_role": "design_proposal",
        "road_class": "greenway",
        "network_phase": "backbone",
        "conductance": 0.2147,
        "name_zh": "智脉骨架支廊095",
        "name_en": "Backbone branch 095",
        "design_note_zh": "概念建议连通关系，供专业团队深化，不代表工程线位。"
      },
      "geometry": {
        "type": "LineString",
        "coordinates": [
          [
            116.34610382138125,
            39.990899997389775
          ],
          [
            116.34527382728255,
            39.99198724441936
          ]
        ]
      },
      "id": "ROAD-BB-095"
    },
    {
      "type": "Feature",
      "properties": {
        "id": "ROAD-BB-096",
        "layer": "ROAD_CENTERLINE",
        "source_type": "agent_generated_design",
        "confidence": "medium",
        "geometry_role": "design_proposal",
        "road_class": "greenway",
        "network_phase": "backbone",
        "conductance": 0.7817,
        "name_zh": "智脉骨架支廊096",
        "name_en": "Backbone branch 096",
        "design_note_zh": "概念建议连通关系，供专业团队深化，不代表工程线位。"
      },
      "geometry": {
        "type": "LineString",
        "coordinates": [
          [
            116.3477429593707,
            39.99090923347093
          ],
          [
            116.34691299098982,
            39.99199649244541
          ]
        ]
      },
      "id": "ROAD-BB-096"
    },
    {
      "type": "Feature",
      "properties": {
        "id": "ROAD-BB-097",
        "layer": "ROAD_CENTERLINE",
        "source_type": "agent_generated_design",
        "confidence": "medium",
        "geometry_role": "design_proposal",
        "road_class": "greenway",
        "network_phase": "backbone",
        "conductance": 0.1202,
        "name_zh": "智脉骨架支廊097",
        "name_en": "Backbone branch 097",
        "design_note_zh": "概念建议连通关系，供专业团队深化，不代表工程线位。"
      },
      "geometry": {
        "type": "LineString",
        "coordinates": [
          [
            116.34527382728255,
            39.99198724441936
          ],
          [
            116.34608299613359,
            39.993083745061284
          ]
        ]
      },
      "id": "ROAD-BB-097"
    },
    {
      "type": "Feature",
      "properties": {
        "id": "ROAD-BB-098",
        "layer": "ROAD_CENTERLINE",
        "source_type": "agent_generated_design",
        "confidence": "medium",
        "geometry_role": "design_proposal",
        "road_class": "greenway",
        "network_phase": "backbone",
        "conductance": 0.7783,
        "name_zh": "智脉骨架支廊098",
        "name_en": "Backbone branch 098",
        "design_note_zh": "概念建议连通关系，供专业团队深化，不代表工程线位。"
      },
      "geometry": {
        "type": "LineString",
        "coordinates": [
          [
            116.34691299098982,
            39.99199649244541
          ],
          [
            116.34608299613359,
            39.993083745061284
          ]
        ]
      },
      "id": "ROAD-BB-098"
    },
    {
      "type": "Feature",
      "properties": {
        "id": "ROAD-BB-099",
        "layer": "ROAD_CENTERLINE",
        "source_type": "agent_generated_design",
        "confidence": "medium",
        "geometry_role": "design_proposal",
        "road_class": "greenway",
        "network_phase": "backbone",
        "conductance": 0.0,
        "name_zh": "智脉骨架支廊099",
        "name_en": "Backbone branch 099",
        "design_note_zh": "概念建议连通关系，供专业团队深化，不代表工程线位。"
      },
      "geometry": {
        "type": "LineString",
        "coordinates": [
          [
            116.34691299098982,
            39.99199649244541
          ],
          [
            116.34772218631718,
            39.99309298185275
          ]
        ]
      },
      "id": "ROAD-BB-099"
    },
    {
      "type": "Feature",
      "properties": {
        "id": "ROAD-BB-100",
        "layer": "ROAD_CENTERLINE",
        "source_type": "agent_generated_design",
        "confidence": "medium",
        "geometry_role": "design_proposal",
        "road_class": "greenway",
        "network_phase": "backbone",
        "conductance": 0.785,
        "name_zh": "智脉骨架支廊100",
        "name_en": "Backbone branch 100",
        "design_note_zh": "概念建议连通关系，供专业团队深化，不代表工程线位。"
      },
      "geometry": {
        "type": "LineString",
        "coordinates": [
          [
            116.34608299613359,
            39.993083745061284
          ],
          [
            116.34689219070434,
            39.99418024005513
          ]
        ]
      },
      "id": "ROAD-BB-100"
    },
    {
      "type": "Feature",
      "properties": {
        "id": "ROAD-BB-101",
        "layer": "ROAD_CENTERLINE",
        "source_type": "agent_generated_design",
        "confidence": "medium",
        "geometry_role": "design_proposal",
        "road_class": "greenway",
        "network_phase": "backbone",
        "conductance": 0.0,
        "name_zh": "智脉骨架支廊101",
        "name_en": "Backbone branch 101",
        "design_note_zh": "概念建议连通关系，供专业团队深化，不代表工程线位。"
      },
      "geometry": {
        "type": "LineString",
        "coordinates": [
          [
            116.34772218631718,
            39.99309298185275
          ],
          [
            116.34689219070434,
            39.99418024005513
          ]
        ]
      },
      "id": "ROAD-BB-101"
    },
    {
      "type": "Feature",
      "properties": {
        "id": "ROAD-BB-102",
        "layer": "ROAD_CENTERLINE",
        "source_type": "agent_generated_design",
        "confidence": "medium",
        "geometry_role": "design_proposal",
        "road_class": "greenway",
        "network_phase": "backbone",
        "conductance": 0.7809,
        "name_zh": "智脉骨架支廊102",
        "name_en": "Backbone branch 102",
        "design_note_zh": "概念建议连通关系，供专业团队深化，不代表工程线位。"
      },
      "geometry": {
        "type": "LineString",
        "coordinates": [
          [
            116.34689219070434,
            39.99418024005513
          ],
          [
            116.34770141099665,
            39.99527672940024
          ]
        ]
      },
      "id": "ROAD-BB-102"
    },
    {
      "type": "Feature",
      "properties": {
        "id": "ROAD-BB-103",
        "layer": "ROAD_CENTERLINE",
        "source_type": "agent_generated_design",
        "confidence": "medium",
        "geometry_role": "design_proposal",
        "road_class": "greenway",
        "network_phase": "backbone",
        "conductance": 0.6291,
        "name_zh": "智脉骨架支廊103",
        "name_en": "Backbone branch 103",
        "design_note_zh": "概念建议连通关系，供专业团队深化，不代表工程线位。"
      },
      "geometry": {
        "type": "LineString",
        "coordinates": [
          [
            116.34770141099665,
            39.99527672940024
          ],
          [
            116.34687138814883,
            39.9963639868305
          ]
        ]
      },
      "id": "ROAD-BB-103"
    },
    {
      "type": "Feature",
      "properties": {
        "id": "ROAD-BB-104",
        "layer": "ROAD_CENTERLINE",
        "source_type": "agent_generated_design",
        "confidence": "medium",
        "geometry_role": "design_proposal",
        "road_class": "greenway",
        "network_phase": "backbone",
        "conductance": 0.6249,
        "name_zh": "智脉骨架支廊104",
        "name_en": "Backbone branch 104",
        "design_note_zh": "概念建议连通关系，供专业团队深化，不代表工程线位。"
      },
      "geometry": {
        "type": "LineString",
        "coordinates": [
          [
            116.34687138814883,
            39.9963639868305
          ],
          [
            116.34768063340879,
            39.99746047611343
          ]
        ]
      },
      "id": "ROAD-BB-104"
    },
    {
      "type": "Feature",
      "properties": {
        "id": "ROAD-BB-105",
        "layer": "ROAD_CENTERLINE",
        "source_type": "agent_generated_design",
        "confidence": "medium",
        "geometry_role": "design_proposal",
        "road_class": "greenway",
        "network_phase": "backbone",
        "conductance": 0.5417,
        "name_zh": "智脉骨架支廊105",
        "name_en": "Backbone branch 105",
        "design_note_zh": "概念建议连通关系，供专业团队深化，不代表工程线位。"
      },
      "geometry": {
        "type": "LineString",
        "coordinates": [
          [
            116.34768063340879,
            39.99746047611343
          ],
          [
            116.34685058332302,
            39.99854773277154
          ]
        ]
      },
      "id": "ROAD-BB-105"
    },
    {
      "type": "Feature",
      "properties": {
        "id": "ROAD-BB-106",
        "layer": "ROAD_CENTERLINE",
        "source_type": "agent_generated_design",
        "confidence": "medium",
        "geometry_role": "design_proposal",
        "road_class": "greenway",
        "network_phase": "backbone",
        "conductance": 0.5373,
        "name_zh": "智脉骨架支廊106",
        "name_en": "Backbone branch 106",
        "design_note_zh": "概念建议连通关系，供专业团队深化，不代表工程线位。"
      },
      "geometry": {
        "type": "LineString",
        "coordinates": [
          [
            116.34685058332302,
            39.99854773277154
          ],
          [
            116.34765985355334,
            39.99964422199229
          ]
        ]
      },
      "id": "ROAD-BB-106"
    },
    {
      "type": "Feature",
      "properties": {
        "id": "ROAD-BB-107",
        "layer": "ROAD_CENTERLINE",
        "source_type": "agent_generated_design",
        "confidence": "medium",
        "geometry_role": "design_proposal",
        "road_class": "greenway",
        "network_phase": "backbone",
        "conductance": 0.1224,
        "name_zh": "智脉骨架支廊107",
        "name_en": "Backbone branch 107",
        "design_note_zh": "概念建议连通关系，供专业团队深化，不代表工程线位。"
      },
      "geometry": {
        "type": "LineString",
        "coordinates": [
          [
            116.34602050675318,
            39.99963498306962
          ],
          [
            116.34765985355334,
            39.99964422199229
          ]
        ]
      },
      "id": "ROAD-BB-107"
    },
    {
      "type": "Feature",
      "properties": {
        "id": "ROAD-BB-108",
        "layer": "ROAD_CENTERLINE",
        "source_type": "agent_generated_design",
        "confidence": "medium",
        "geometry_role": "design_proposal",
        "road_class": "greenway",
        "network_phase": "backbone",
        "conductance": 0.3805,
        "name_zh": "智脉骨架支廊108",
        "name_en": "Backbone branch 108",
        "design_note_zh": "概念建议连通关系，供专业团队深化，不代表工程线位。"
      },
      "geometry": {
        "type": "LineString",
        "coordinates": [
          [
            116.34765985355334,
            39.99964422199229
          ],
          [
            116.3468297762266,
            40.00073147787821
          ]
        ]
      },
      "id": "ROAD-BB-108"
    },
    {
      "type": "Feature",
      "properties": {
        "id": "ROAD-BB-109",
        "layer": "ROAD_CENTERLINE",
        "source_type": "agent_generated_design",
        "confidence": "medium",
        "geometry_role": "design_proposal",
        "road_class": "greenway",
        "network_phase": "backbone",
        "conductance": 0.3752,
        "name_zh": "智脉骨架支廊109",
        "name_en": "Backbone branch 109",
        "design_note_zh": "概念建议连通关系，供专业团队深化，不代表工程线位。"
      },
      "geometry": {
        "type": "LineString",
        "coordinates": [
          [
            116.3468297762266,
            40.00073147787821
          ],
          [
            116.34763907143004,
            40.0018279670368
          ]
        ]
      },
      "id": "ROAD-BB-109"
    },
    {
      "type": "Feature",
      "properties": {
        "id": "ROAD-BB-110",
        "layer": "ROAD_CENTERLINE",
        "source_type": "agent_generated_design",
        "confidence": "medium",
        "geometry_role": "design_proposal",
        "road_class": "greenway",
        "network_phase": "backbone",
        "conductance": 0.3697,
        "name_zh": "智脉骨架支廊110",
        "name_en": "Backbone branch 110",
        "design_note_zh": "概念建议连通关系，供专业团队深化，不代表工程线位。"
      },
      "geometry": {
        "type": "LineString",
        "coordinates": [
          [
            116.34763907143004,
            40.0018279670368
          ],
          [
            116.34844839236534,
            40.00292445054471
          ]
        ]
      },
      "id": "ROAD-BB-110"
    },
    {
      "type": "Feature",
      "properties": {
        "id": "ROAD-BB-111",
        "layer": "ROAD_CENTERLINE",
        "source_type": "agent_generated_design",
        "confidence": "medium",
        "geometry_role": "design_proposal",
        "road_class": "greenway",
        "network_phase": "backbone",
        "conductance": 0.3546,
        "name_zh": "智脉骨架支廊111",
        "name_en": "Backbone branch 111",
        "design_note_zh": "概念建议连通关系，供专业团队深化，不代表工程线位。"
      },
      "geometry": {
        "type": "LineString",
        "coordinates": [
          [
            116.34844839236534,
            40.00292445054471
          ],
          [
            116.34761828703859,
            40.00401171124694
          ]
        ]
      },
      "id": "ROAD-BB-111"
    },
    {
      "type": "Feature",
      "properties": {
        "id": "ROAD-BB-112",
        "layer": "ROAD_CENTERLINE",
        "source_type": "agent_generated_design",
        "confidence": "medium",
        "geometry_role": "design_proposal",
        "road_class": "greenway",
        "network_phase": "backbone",
        "conductance": 0.1188,
        "name_zh": "智脉骨架支廊112",
        "name_en": "Backbone branch 112",
        "design_note_zh": "概念建议连通关系，供专业团队深化，不代表工程线位。"
      },
      "geometry": {
        "type": "LineString",
        "coordinates": [
          [
            116.34433938531714,
            40.003993207370286
          ],
          [
            116.34597883579885,
            40.00400247090326
          ]
        ]
      },
      "id": "ROAD-BB-112"
    },
    {
      "type": "Feature",
      "properties": {
        "id": "ROAD-BB-113",
        "layer": "ROAD_CENTERLINE",
        "source_type": "agent_generated_design",
        "confidence": "medium",
        "geometry_role": "design_proposal",
        "road_class": "greenway",
        "network_phase": "backbone",
        "conductance": 0.1993,
        "name_zh": "智脉骨架支廊113",
        "name_en": "Backbone branch 113",
        "design_note_zh": "概念建议连通关系，供专业团队深化，不代表工程线位。"
      },
      "geometry": {
        "type": "LineString",
        "coordinates": [
          [
            116.34597883579885,
            40.00400247090326
          ],
          [
            116.34761828703859,
            40.00401171124694
          ]
        ]
      },
      "id": "ROAD-BB-113"
    },
    {
      "type": "Feature",
      "properties": {
        "id": "ROAD-BB-114",
        "layer": "ROAD_CENTERLINE",
        "source_type": "agent_generated_design",
        "confidence": "medium",
        "geometry_role": "design_proposal",
        "road_class": "greenway",
        "network_phase": "backbone",
        "conductance": 0.1166,
        "name_zh": "智脉骨架支廊114",
        "name_en": "Backbone branch 114",
        "design_note_zh": "概念建议连通关系，供专业团队深化，不代表工程线位。"
      },
      "geometry": {
        "type": "LineString",
        "coordinates": [
          [
            116.34761828703859,
            40.00401171124694
          ],
          [
            116.3484276329525,
            40.0051081946923
          ]
        ]
      },
      "id": "ROAD-BB-114"
    },
    {
      "type": "Feature",
      "properties": {
        "id": "ROAD-BB-115",
        "layer": "ROAD_CENTERLINE",
        "source_type": "agent_generated_design",
        "confidence": "medium",
        "geometry_role": "design_proposal",
        "road_class": "greenway",
        "network_phase": "backbone",
        "conductance": 0.0859,
        "name_zh": "智脉骨架支廊115",
        "name_en": "Backbone branch 115",
        "design_note_zh": "概念建议连通关系，供专业团队深化，不代表工程线位。"
      },
      "geometry": {
        "type": "LineString",
        "coordinates": [
          [
            116.3484276329525,
            40.0051081946923
          ],
          [
            116.34759750037868,
            40.00619545462274
          ]
        ]
      },
      "id": "ROAD-BB-115"
    },
    {
      "type": "Feature",
      "properties": {
        "id": "ROAD-BB-116",
        "layer": "ROAD_CENTERLINE",
        "source_type": "agent_generated_design",
        "confidence": "medium",
        "geometry_role": "design_proposal",
        "road_class": "greenway",
        "network_phase": "backbone",
        "conductance": 0.0017,
        "name_zh": "智脉骨架支廊116",
        "name_en": "Backbone branch 116",
        "design_note_zh": "概念建议连通关系，供专业团队深化，不代表工程线位。"
      },
      "geometry": {
        "type": "LineString",
        "coordinates": [
          [
            116.34759750037868,
            40.00619545462274
          ],
          [
            116.34840687127392,
            40.007291938005515
          ]
        ]
      },
      "id": "ROAD-BB-116"
    },
    {
      "type": "Feature",
      "properties": {
        "id": "ROAD-BB-117",
        "layer": "ROAD_CENTERLINE",
        "source_type": "agent_generated_design",
        "confidence": "medium",
        "geometry_role": "design_proposal",
        "road_class": "greenway",
        "network_phase": "backbone",
        "conductance": 0.1293,
        "name_zh": "智脉骨架支廊117",
        "name_en": "Backbone branch 117",
        "design_note_zh": "概念建议连通关系，供专业团队深化，不代表工程线位。"
      },
      "geometry": {
        "type": "LineString",
        "coordinates": [
          [
            116.34512781210566,
            40.00727345518639
          ],
          [
            116.34593715574803,
            40.00836995539926
          ]
        ]
      },
      "id": "ROAD-BB-117"
    },
    {
      "type": "Feature",
      "properties": {
        "id": "ROAD-BB-118",
        "layer": "ROAD_CENTERLINE",
        "source_type": "agent_generated_design",
        "confidence": "medium",
        "geometry_role": "design_proposal",
        "road_class": "greenway",
        "network_phase": "backbone",
        "conductance": 0.0,
        "name_zh": "智脉骨架支廊118",
        "name_en": "Backbone branch 118",
        "design_note_zh": "概念建议连通关系，供专业团队深化，不代表工程线位。"
      },
      "geometry": {
        "type": "LineString",
        "coordinates": [
          [
            116.34840687127392,
            40.007291938005515
          ],
          [
            116.3475767114501,
            40.00837919716414
          ]
        ]
      },
      "id": "ROAD-BB-118"
    },
    {
      "type": "Feature",
      "properties": {
        "id": "ROAD-BB-119",
        "layer": "ROAD_CENTERLINE",
        "source_type": "agent_generated_design",
        "confidence": "medium",
        "geometry_role": "design_proposal",
        "road_class": "greenway",
        "network_phase": "backbone",
        "conductance": 0.1871,
        "name_zh": "智脉骨架支廊119",
        "name_en": "Backbone branch 119",
        "design_note_zh": "概念建议连通关系，供专业团队深化，不代表工程线位。"
      },
      "geometry": {
        "type": "LineString",
        "coordinates": [
          [
            116.34593715574803,
            40.00836995539926
          ],
          [
            116.3467465251297,
            40.009466449961074
          ]
        ]
      },
      "id": "ROAD-BB-119"
    },
    {
      "type": "Feature",
      "properties": {
        "id": "ROAD-BB-120",
        "layer": "ROAD_CENTERLINE",
        "source_type": "agent_generated_design",
        "confidence": "medium",
        "geometry_role": "design_proposal",
        "road_class": "greenway",
        "network_phase": "backbone",
        "conductance": 0.0057,
        "name_zh": "智脉骨架支廊120",
        "name_en": "Backbone branch 120",
        "design_note_zh": "概念建议连通关系，供专业团队深化，不代表工程线位。"
      },
      "geometry": {
        "type": "LineString",
        "coordinates": [
          [
            116.3475767114501,
            40.00837919716414
          ],
          [
            116.34838610732933,
            40.00947568048439
          ]
        ]
      },
      "id": "ROAD-BB-120"
    },
    {
      "type": "Feature",
      "properties": {
        "id": "ROAD-BB-121",
        "layer": "ROAD_CENTERLINE",
        "source_type": "agent_generated_design",
        "confidence": "medium",
        "geometry_role": "design_proposal",
        "road_class": "greenway",
        "network_phase": "backbone",
        "conductance": 0.1971,
        "name_zh": "智脉骨架支廊121",
        "name_en": "Backbone branch 121",
        "design_note_zh": "概念建议连通关系，供专业团队深化，不代表工程线位。"
      },
      "geometry": {
        "type": "LineString",
        "coordinates": [
          [
            116.3467465251297,
            40.009466449961074
          ],
          [
            116.34755592025257,
            40.01056293887116
          ]
        ]
      },
      "id": "ROAD-BB-121"
    },
    {
      "type": "Feature",
      "properties": {
        "id": "ROAD-BB-122",
        "layer": "ROAD_CENTERLINE",
        "source_type": "agent_generated_design",
        "confidence": "medium",
        "geometry_role": "design_proposal",
        "road_class": "greenway",
        "network_phase": "backbone",
        "conductance": 0.0854,
        "name_zh": "智脉骨架支廊122",
        "name_en": "Backbone branch 122",
        "design_note_zh": "概念建议连通关系，供专业团队深化，不代表工程线位。"
      },
      "geometry": {
        "type": "LineString",
        "coordinates": [
          [
            116.34838610732933,
            40.00947568048439
          ],
          [
            116.34755592025257,
            40.01056293887116
          ]
        ]
      },
      "id": "ROAD-BB-122"
    },
    {
      "type": "Feature",
      "properties": {
        "id": "ROAD-BB-123",
        "layer": "ROAD_CENTERLINE",
        "source_type": "agent_generated_design",
        "confidence": "medium",
        "geometry_role": "design_proposal",
        "road_class": "greenway",
        "network_phase": "backbone",
        "conductance": 0.4076,
        "name_zh": "智脉骨架支廊123",
        "name_en": "Backbone branch 123",
        "design_note_zh": "概念建议连通关系，供专业团队深化，不代表工程线位。"
      },
      "geometry": {
        "type": "LineString",
        "coordinates": [
          [
            116.34755592025257,
            40.01056293887116
          ],
          [
            116.34836534111852,
            40.01165942212888
          ]
        ]
      },
      "id": "ROAD-BB-123"
    },
    {
      "type": "Feature",
      "properties": {
        "id": "ROAD-BB-124",
        "layer": "ROAD_CENTERLINE",
        "source_type": "agent_generated_design",
        "confidence": "medium",
        "geometry_role": "design_proposal",
        "road_class": "greenway",
        "network_phase": "backbone",
        "conductance": 0.4179,
        "name_zh": "智脉骨架支廊124",
        "name_en": "Backbone branch 124",
        "design_note_zh": "概念建议连通关系，供专业团队深化，不代表工程线位。"
      },
      "geometry": {
        "type": "LineString",
        "coordinates": [
          [
            116.34836534111852,
            40.01165942212888
          ],
          [
            116.34753512678576,
            40.01274667974378
          ]
        ]
      },
      "id": "ROAD-BB-124"
    },
    {
      "type": "Feature",
      "properties": {
        "id": "ROAD-BB-125",
        "layer": "ROAD_CENTERLINE",
        "source_type": "agent_generated_design",
        "confidence": "medium",
        "geometry_role": "design_proposal",
        "road_class": "greenway",
        "network_phase": "backbone",
        "conductance": 0.4407,
        "name_zh": "智脉骨架支廊125",
        "name_en": "Backbone branch 125",
        "design_note_zh": "概念建议连通关系，供专业团队深化，不代表工程线位。"
      },
      "geometry": {
        "type": "LineString",
        "coordinates": [
          [
            116.34753512678576,
            40.01274667974378
          ],
          [
            116.34834457264117,
            40.01384316293898
          ]
        ]
      },
      "id": "ROAD-BB-125"
    },
    {
      "type": "Feature",
      "properties": {
        "id": "ROAD-BB-126",
        "layer": "ROAD_CENTERLINE",
        "source_type": "agent_generated_design",
        "confidence": "medium",
        "geometry_role": "design_proposal",
        "road_class": "greenway",
        "network_phase": "backbone",
        "conductance": 0.2243,
        "name_zh": "智脉骨架支廊126",
        "name_en": "Backbone branch 126",
        "design_note_zh": "概念建议连通关系，供专业团队深化，不代表工程线位。"
      },
      "geometry": {
        "type": "LineString",
        "coordinates": [
          [
            116.34917478772948,
            40.01275589973357
          ],
          [
            116.34834457264117,
            40.01384316293898
          ]
        ]
      },
      "id": "ROAD-BB-126"
    },
    {
      "type": "Feature",
      "properties": {
        "id": "ROAD-BB-127",
        "layer": "ROAD_CENTERLINE",
        "source_type": "agent_generated_design",
        "confidence": "medium",
        "geometry_role": "design_proposal",
        "road_class": "greenway",
        "network_phase": "backbone",
        "conductance": 0.7436,
        "name_zh": "智脉骨架支廊127",
        "name_en": "Backbone branch 127",
        "design_note_zh": "概念建议连通关系，供专业团队深化，不代表工程线位。"
      },
      "geometry": {
        "type": "LineString",
        "coordinates": [
          [
            116.34834457264117,
            40.01384316293898
          ],
          [
            116.34915404424437,
            40.01493964048074
          ]
        ]
      },
      "id": "ROAD-BB-127"
    },
    {
      "type": "Feature",
      "properties": {
        "id": "ROAD-BB-128",
        "layer": "ROAD_CENTERLINE",
        "source_type": "agent_generated_design",
        "confidence": "medium",
        "geometry_role": "design_proposal",
        "road_class": "greenway",
        "network_phase": "backbone",
        "conductance": 0.8142,
        "name_zh": "智脉骨架支廊128",
        "name_en": "Backbone branch 128",
        "design_note_zh": "概念建议连通关系，供专业团队深化，不代表工程线位。"
      },
      "geometry": {
        "type": "LineString",
        "coordinates": [
          [
            116.34915404424437,
            40.01493964048074
          ],
          [
            116.348323801897,
            40.0160269029147
          ]
        ]
      },
      "id": "ROAD-BB-128"
    },
    {
      "type": "Feature",
      "properties": {
        "id": "ROAD-BB-129",
        "layer": "ROAD_CENTERLINE",
        "source_type": "agent_generated_design",
        "confidence": "medium",
        "geometry_role": "design_proposal",
        "road_class": "greenway",
        "network_phase": "backbone",
        "conductance": 0.1353,
        "name_zh": "智脉骨架支廊129",
        "name_en": "Backbone branch 129",
        "design_note_zh": "概念建议连通关系，供专业团队深化，不代表工程线位。"
      },
      "geometry": {
        "type": "LineString",
        "coordinates": [
          [
            116.34504432476538,
            40.016008414409875
          ],
          [
            116.34668406295236,
            40.016017670261846
          ]
        ]
      },
      "id": "ROAD-BB-129"
    },
    {
      "type": "Feature",
      "properties": {
        "id": "ROAD-BB-130",
        "layer": "ROAD_CENTERLINE",
        "source_type": "agent_generated_design",
        "confidence": "medium",
        "geometry_role": "design_proposal",
        "road_class": "greenway",
        "network_phase": "backbone",
        "conductance": 0.2222,
        "name_zh": "智脉骨架支廊130",
        "name_en": "Backbone branch 130",
        "design_note_zh": "概念建议连通关系，供专业团队深化，不代表工程线位。"
      },
      "geometry": {
        "type": "LineString",
        "coordinates": [
          [
            116.34668406295236,
            40.016017670261846
          ],
          [
            116.348323801897,
            40.0160269029147
          ]
        ]
      },
      "id": "ROAD-BB-130"
    },
    {
      "type": "Feature",
      "properties": {
        "id": "ROAD-BB-131",
        "layer": "ROAD_CENTERLINE",
        "source_type": "agent_generated_design",
        "confidence": "medium",
        "geometry_role": "design_proposal",
        "road_class": "greenway",
        "network_phase": "backbone",
        "conductance": 0.9911,
        "name_zh": "智脉骨架支廊131",
        "name_en": "Backbone branch 131",
        "design_note_zh": "概念建议连通关系，供专业团队深化，不代表工程线位。"
      },
      "geometry": {
        "type": "LineString",
        "coordinates": [
          [
            116.348323801897,
            40.0160269029147
          ],
          [
            116.34913329849516,
            40.017123380393535
          ]
        ]
      },
      "id": "ROAD-BB-131"
    },
    {
      "type": "Feature",
      "properties": {
        "id": "ROAD-BB-132",
        "layer": "ROAD_CENTERLINE",
        "source_type": "agent_generated_design",
        "confidence": "medium",
        "geometry_role": "design_proposal",
        "road_class": "greenway",
        "network_phase": "backbone",
        "conductance": 0.1226,
        "name_zh": "智脉骨架支廊132",
        "name_en": "Backbone branch 132",
        "design_note_zh": "概念建议连通关系，供专业团队深化，不代表工程线位。"
      },
      "geometry": {
        "type": "LineString",
        "coordinates": [
          [
            116.34585376834812,
            40.01710491437792
          ],
          [
            116.34749353304328,
            40.017114158985734
          ]
        ]
      },
      "id": "ROAD-BB-132"
    },
    {
      "type": "Feature",
      "properties": {
        "id": "ROAD-BB-133",
        "layer": "ROAD_CENTERLINE",
        "source_type": "agent_generated_design",
        "confidence": "medium",
        "geometry_role": "design_proposal",
        "road_class": "greenway",
        "network_phase": "backbone",
        "conductance": 0.1332,
        "name_zh": "智脉骨架支廊133",
        "name_en": "Backbone branch 133",
        "design_note_zh": "概念建议连通关系，供专业团队深化，不代表工程线位。"
      },
      "geometry": {
        "type": "LineString",
        "coordinates": [
          [
            116.34749353304328,
            40.017114158985734
          ],
          [
            116.34913329849516,
            40.017123380393535
          ]
        ]
      },
      "id": "ROAD-BB-133"
    },
    {
      "type": "Feature",
      "properties": {
        "id": "ROAD-BB-134",
        "layer": "ROAD_CENTERLINE",
        "source_type": "agent_generated_design",
        "confidence": "medium",
        "geometry_role": "design_proposal",
        "road_class": "greenway",
        "network_phase": "backbone",
        "conductance": 0.6454,
        "name_zh": "智脉骨架支廊134",
        "name_en": "Backbone branch 134",
        "design_note_zh": "概念建议连通关系，供专业团队深化，不代表工程线位。"
      },
      "geometry": {
        "type": "LineString",
        "coordinates": [
          [
            116.34913329849516,
            40.017123380393535
          ],
          [
            116.34830302888572,
            40.01821064205598
          ]
        ]
      },
      "id": "ROAD-BB-134"
    },
    {
      "type": "Feature",
      "properties": {
        "id": "ROAD-BB-135",
        "layer": "ROAD_CENTERLINE",
        "source_type": "agent_generated_design",
        "confidence": "medium",
        "geometry_role": "design_proposal",
        "road_class": "greenway",
        "network_phase": "backbone",
        "conductance": 0.2464,
        "name_zh": "智脉骨架支廊135",
        "name_en": "Backbone branch 135",
        "design_note_zh": "概念建议连通关系，供专业团队深化，不代表工程线位。"
      },
      "geometry": {
        "type": "LineString",
        "coordinates": [
          [
            116.34913329849516,
            40.017123380393535
          ],
          [
            116.34994282084584,
            40.01821985221783
          ]
        ]
      },
      "id": "ROAD-BB-135"
    },
    {
      "type": "Feature",
      "properties": {
        "id": "ROAD-BB-136",
        "layer": "ROAD_CENTERLINE",
        "source_type": "agent_generated_design",
        "confidence": "medium",
        "geometry_role": "design_proposal",
        "road_class": "greenway",
        "network_phase": "backbone",
        "conductance": 0.274,
        "name_zh": "智脉骨架支廊136",
        "name_en": "Backbone branch 136",
        "design_note_zh": "概念建议连通关系，供专业团队深化，不代表工程线位。"
      },
      "geometry": {
        "type": "LineString",
        "coordinates": [
          [
            116.34830302888572,
            40.01821064205598
          ],
          [
            116.34747273276707,
            40.01929789735507
          ]
        ]
      },
      "id": "ROAD-BB-136"
    },
    {
      "type": "Feature",
      "properties": {
        "id": "ROAD-BB-137",
        "layer": "ROAD_CENTERLINE",
        "source_type": "agent_generated_design",
        "confidence": "medium",
        "geometry_role": "design_proposal",
        "road_class": "greenway",
        "network_phase": "backbone",
        "conductance": 0.3454,
        "name_zh": "智脉骨架支廊137",
        "name_en": "Backbone branch 137",
        "design_note_zh": "概念建议连通关系，供专业团队深化，不代表工程线位。"
      },
      "geometry": {
        "type": "LineString",
        "coordinates": [
          [
            116.34830302888572,
            40.01821064205598
          ],
          [
            116.34911255048154,
            40.01930711947193
          ]
        ]
      },
      "id": "ROAD-BB-137"
    },
    {
      "type": "Feature",
      "properties": {
        "id": "ROAD-BB-138",
        "layer": "ROAD_CENTERLINE",
        "source_type": "agent_generated_design",
        "confidence": "medium",
        "geometry_role": "design_proposal",
        "road_class": "greenway",
        "network_phase": "backbone",
        "conductance": 0.2354,
        "name_zh": "智脉骨架支廊138",
        "name_en": "Backbone branch 138",
        "design_note_zh": "概念建议连通关系，供专业团队深化，不代表工程线位。"
      },
      "geometry": {
        "type": "LineString",
        "coordinates": [
          [
            116.34994282084584,
            40.01821985221783
          ],
          [
            116.35075236895092,
            40.01931631838694
          ]
        ]
      },
      "id": "ROAD-BB-138"
    },
    {
      "type": "Feature",
      "properties": {
        "id": "ROAD-BB-139",
        "layer": "ROAD_CENTERLINE",
        "source_type": "agent_generated_design",
        "confidence": "medium",
        "geometry_role": "design_proposal",
        "road_class": "greenway",
        "network_phase": "backbone",
        "conductance": 0.1339,
        "name_zh": "智脉骨架支廊139",
        "name_en": "Backbone branch 139",
        "design_note_zh": "概念建议连通关系，供专业团队深化，不代表工程线位。"
      },
      "geometry": {
        "type": "LineString",
        "coordinates": [
          [
            116.34419309961037,
            40.01927938351596
          ],
          [
            116.34583291580937,
            40.0192886520364
          ]
        ]
      },
      "id": "ROAD-BB-139"
    },
    {
      "type": "Feature",
      "properties": {
        "id": "ROAD-BB-140",
        "layer": "ROAD_CENTERLINE",
        "source_type": "agent_generated_design",
        "confidence": "medium",
        "geometry_role": "design_proposal",
        "road_class": "greenway",
        "network_phase": "backbone",
        "conductance": 0.1445,
        "name_zh": "智脉骨架支廊140",
        "name_en": "Backbone branch 140",
        "design_note_zh": "概念建议连通关系，供专业团队深化，不代表工程线位。"
      },
      "geometry": {
        "type": "LineString",
        "coordinates": [
          [
            116.34583291580937,
            40.0192886520364
          ],
          [
            116.34747273276707,
            40.01929789735507
          ]
        ]
      },
      "id": "ROAD-BB-140"
    },
    {
      "type": "Feature",
      "properties": {
        "id": "ROAD-BB-141",
        "layer": "ROAD_CENTERLINE",
        "source_type": "agent_generated_design",
        "confidence": "medium",
        "geometry_role": "design_proposal",
        "road_class": "greenway",
        "network_phase": "backbone",
        "conductance": 0.0272,
        "name_zh": "智脉骨架支廊141",
        "name_en": "Backbone branch 141",
        "design_note_zh": "概念建议连通关系，供专业团队深化，不代表工程线位。"
      },
      "geometry": {
        "type": "LineString",
        "coordinates": [
          [
            116.34911255048154,
            40.01930711947193
          ],
          [
            116.34828225360707,
            40.02039438036286
          ]
        ]
      },
      "id": "ROAD-BB-141"
    },
    {
      "type": "Feature",
      "properties": {
        "id": "ROAD-BB-142",
        "layer": "ROAD_CENTERLINE",
        "source_type": "agent_generated_design",
        "confidence": "medium",
        "geometry_role": "design_proposal",
        "road_class": "greenway",
        "network_phase": "backbone",
        "conductance": 0.2819,
        "name_zh": "智脉骨架支廊142",
        "name_en": "Backbone branch 142",
        "design_note_zh": "概念建议连通关系，供专业团队深化，不代表工程线位。"
      },
      "geometry": {
        "type": "LineString",
        "coordinates": [
          [
            116.34911255048154,
            40.01930711947193
          ],
          [
            116.3499220978327,
            40.0204035912329
          ]
        ]
      },
      "id": "ROAD-BB-142"
    },
    {
      "type": "Feature",
      "properties": {
        "id": "ROAD-BB-143",
        "layer": "ROAD_CENTERLINE",
        "source_type": "agent_generated_design",
        "confidence": "medium",
        "geometry_role": "design_proposal",
        "road_class": "greenway",
        "network_phase": "backbone",
        "conductance": 0.1485,
        "name_zh": "智脉骨架支廊143",
        "name_en": "Backbone branch 143",
        "design_note_zh": "概念建议连通关系，供专业团队深化，不代表工程线位。"
      },
      "geometry": {
        "type": "LineString",
        "coordinates": [
          [
            116.35075236895092,
            40.01931631838694
          ],
          [
            116.35156194281231,
            40.020412778900194
          ]
        ]
      },
      "id": "ROAD-BB-143"
    },
    {
      "type": "Feature",
      "properties": {
        "id": "ROAD-BB-144",
        "layer": "ROAD_CENTERLINE",
        "source_type": "agent_generated_design",
        "confidence": "medium",
        "geometry_role": "design_proposal",
        "road_class": "greenway",
        "network_phase": "backbone",
        "conductance": 0.0205,
        "name_zh": "智脉骨架支廊144",
        "name_en": "Backbone branch 144",
        "design_note_zh": "概念建议连通关系，供专业团队深化，不代表工程线位。"
      },
      "geometry": {
        "type": "LineString",
        "coordinates": [
          [
            116.34828225360707,
            40.02039438036286
          ],
          [
            116.3490918002033,
            40.02149085771592
          ]
        ]
      },
      "id": "ROAD-BB-144"
    },
    {
      "type": "Feature",
      "properties": {
        "id": "ROAD-BB-145",
        "layer": "ROAD_CENTERLINE",
        "source_type": "agent_generated_design",
        "confidence": "medium",
        "geometry_role": "design_proposal",
        "road_class": "greenway",
        "network_phase": "backbone",
        "conductance": 0.2701,
        "name_zh": "智脉骨架支廊145",
        "name_en": "Backbone branch 145",
        "design_note_zh": "概念建议连通关系，供专业团队深化，不代表工程线位。"
      },
      "geometry": {
        "type": "LineString",
        "coordinates": [
          [
            116.3499220978327,
            40.0204035912329
          ],
          [
            116.35073167094107,
            40.021500057338244
          ]
        ]
      },
      "id": "ROAD-BB-145"
    },
    {
      "type": "Feature",
      "properties": {
        "id": "ROAD-BB-146",
        "layer": "ROAD_CENTERLINE",
        "source_type": "agent_generated_design",
        "confidence": "medium",
        "geometry_role": "design_proposal",
        "road_class": "greenway",
        "network_phase": "backbone",
        "conductance": 0.138,
        "name_zh": "智脉骨架支廊146",
        "name_en": "Backbone branch 146",
        "design_note_zh": "概念建议连通关系，供专业团队深化，不代表工程线位。"
      },
      "geometry": {
        "type": "LineString",
        "coordinates": [
          [
            116.35156194281231,
            40.020412778900194
          ],
          [
            116.35320178854401,
            40.02042194336471
          ]
        ]
      },
      "id": "ROAD-BB-146"
    },
    {
      "type": "Feature",
      "properties": {
        "id": "ROAD-BB-147",
        "layer": "ROAD_CENTERLINE",
        "source_type": "agent_generated_design",
        "confidence": "medium",
        "geometry_role": "design_proposal",
        "road_class": "greenway",
        "network_phase": "backbone",
        "conductance": 0.0,
        "name_zh": "智脉骨架支廊147",
        "name_en": "Backbone branch 147",
        "design_note_zh": "概念建议连通关系，供专业团队深化，不代表工程线位。"
      },
      "geometry": {
        "type": "LineString",
        "coordinates": [
          [
            116.3490918002033,
            40.02149085771592
          ],
          [
            116.34826147606077,
            40.022578117835295
          ]
        ]
      },
      "id": "ROAD-BB-147"
    },
    {
      "type": "Feature",
      "properties": {
        "id": "ROAD-BB-148",
        "layer": "ROAD_CENTERLINE",
        "source_type": "agent_generated_design",
        "confidence": "medium",
        "geometry_role": "design_proposal",
        "road_class": "greenway",
        "network_phase": "backbone",
        "conductance": 0.2579,
        "name_zh": "智脉骨架支廊148",
        "name_en": "Backbone branch 148",
        "design_note_zh": "概念建议连通关系，供专业团队深化，不代表工程线位。"
      },
      "geometry": {
        "type": "LineString",
        "coordinates": [
          [
            116.35073167094107,
            40.021500057338244
          ],
          [
            116.35154126980856,
            40.02259651778732
          ]
        ]
      },
      "id": "ROAD-BB-148"
    },
    {
      "type": "Feature",
      "properties": {
        "id": "ROAD-BB-149",
        "layer": "ROAD_CENTERLINE",
        "source_type": "agent_generated_design",
        "confidence": "medium",
        "geometry_role": "design_proposal",
        "road_class": "greenway",
        "network_phase": "backbone",
        "conductance": 0.0,
        "name_zh": "智脉骨架支廊149",
        "name_en": "Backbone branch 149",
        "design_note_zh": "概念建议连通关系，供专业团队深化，不代表工程线位。"
      },
      "geometry": {
        "type": "LineString",
        "coordinates": [
          [
            116.34826147606077,
            40.022578117835295
          ],
          [
            116.34743112540328,
            40.02366537159036
          ]
        ]
      },
      "id": "ROAD-BB-149"
    },
    {
      "type": "Feature",
      "properties": {
        "id": "ROAD-BB-150",
        "layer": "ROAD_CENTERLINE",
        "source_type": "agent_generated_design",
        "confidence": "medium",
        "geometry_role": "design_proposal",
        "road_class": "greenway",
        "network_phase": "backbone",
        "conductance": 0.2373,
        "name_zh": "智脉骨架支廊150",
        "name_en": "Backbone branch 150",
        "design_note_zh": "概念建议连通关系，供专业团队深化，不代表工程线位。"
      },
      "geometry": {
        "type": "LineString",
        "coordinates": [
          [
            116.35154126980856,
            40.02259651778732
          ],
          [
            116.35235089443708,
            40.023692972579454
          ]
        ]
      },
      "id": "ROAD-BB-150"
    },
    {
      "type": "Feature",
      "properties": {
        "id": "ROAD-BB-151",
        "layer": "ROAD_CENTERLINE",
        "source_type": "agent_generated_design",
        "confidence": "medium",
        "geometry_role": "design_proposal",
        "road_class": "greenway",
        "network_phase": "backbone",
        "conductance": 0.0,
        "name_zh": "智脉骨架支廊151",
        "name_en": "Backbone branch 151",
        "design_note_zh": "概念建议连通关系，供专业团队深化，不代表工程线位。"
      },
      "geometry": {
        "type": "LineString",
        "coordinates": [
          [
            116.34743112540328,
            40.02366537159036
          ],
          [
            116.34824069624658,
            40.02476185447328
          ]
        ]
      },
      "id": "ROAD-BB-151"
    },
    {
      "type": "Feature",
      "properties": {
        "id": "ROAD-BB-152",
        "layer": "ROAD_CENTERLINE",
        "source_type": "agent_generated_design",
        "confidence": "medium",
        "geometry_role": "design_proposal",
        "road_class": "greenway",
        "network_phase": "backbone",
        "conductance": 0.0,
        "name_zh": "智脉骨架支廊152",
        "name_en": "Backbone branch 152",
        "design_note_zh": "概念建议连通关系，供专业团队深化，不代表工程线位。"
      },
      "geometry": {
        "type": "LineString",
        "coordinates": [
          [
            116.34824069624658,
            40.02476185447328
          ],
          [
            116.34905029285173,
            40.02585833170061
          ]
        ]
      },
      "id": "ROAD-BB-152"
    },
    {
      "type": "Feature",
      "properties": {
        "id": "ROAD-CP-001",
        "layer": "ROAD_CENTERLINE",
        "source_type": "agent_generated_design",
        "confidence": "medium",
        "geometry_role": "design_proposal",
        "road_class": "pedestrian",
        "network_phase": "capillary",
        "conductance": 0.3033,
        "name_zh": "智脉毛细连接001",
        "name_en": "Capillary link 001",
        "design_note_zh": "概念建议连通关系，供专业团队深化，不代表工程线位。"
      },
      "geometry": {
        "type": "LineString",
        "coordinates": [
          [
            116.34902873716702,
            39.941779275714396
          ],
          [
            116.34983738545662,
            39.942875755341575
          ]
        ]
      },
      "id": "ROAD-CP-001"
    },
    {
      "type": "Feature",
      "properties": {
        "id": "ROAD-CP-002",
        "layer": "ROAD_CENTERLINE",
        "source_type": "agent_generated_design",
        "confidence": "medium",
        "geometry_role": "design_proposal",
        "road_class": "pedestrian",
        "network_phase": "capillary",
        "conductance": 0.2999,
        "name_zh": "智脉毛细连接002",
        "name_en": "Capillary link 002",
        "design_note_zh": "概念建议连通关系，供专业团队深化，不代表工程线位。"
      },
      "geometry": {
        "type": "LineString",
        "coordinates": [
          [
            116.35230467042787,
            39.94179762338206
          ],
          [
            116.35147537811976,
            39.94288492952828
          ]
        ]
      },
      "id": "ROAD-CP-002"
    },
    {
      "type": "Feature",
      "properties": {
        "id": "ROAD-CP-003",
        "layer": "ROAD_CENTERLINE",
        "source_type": "agent_generated_design",
        "confidence": "medium",
        "geometry_role": "design_proposal",
        "road_class": "pedestrian",
        "network_phase": "capillary",
        "conductance": 0.3532,
        "name_zh": "智脉毛细连接003",
        "name_en": "Capillary link 003",
        "design_note_zh": "概念建议连通关系，供专业团队深化，不代表工程线位。"
      },
      "geometry": {
        "type": "LineString",
        "coordinates": [
          [
            116.34656140238727,
            39.94285733754977
          ],
          [
            116.34819939354516,
            39.942866558015396
          ]
        ]
      },
      "id": "ROAD-CP-003"
    },
    {
      "type": "Feature",
      "properties": {
        "id": "ROAD-CP-004",
        "layer": "ROAD_CENTERLINE",
        "source_type": "agent_generated_design",
        "confidence": "medium",
        "geometry_role": "design_proposal",
        "road_class": "pedestrian",
        "network_phase": "capillary",
        "conductance": 0.3064,
        "name_zh": "智脉毛细连接004",
        "name_en": "Capillary link 004",
        "design_note_zh": "概念建议连通关系，供专业团队深化，不代表工程线位。"
      },
      "geometry": {
        "type": "LineString",
        "coordinates": [
          [
            116.34819939354516,
            39.942866558015396
          ],
          [
            116.34900804108212,
            39.94396304321895
          ]
        ]
      },
      "id": "ROAD-CP-004"
    },
    {
      "type": "Feature",
      "properties": {
        "id": "ROAD-CP-005",
        "layer": "ROAD_CENTERLINE",
        "source_type": "agent_generated_design",
        "confidence": "medium",
        "geometry_role": "design_proposal",
        "road_class": "pedestrian",
        "network_phase": "capillary",
        "conductance": 0.3484,
        "name_zh": "智脉毛细连接005",
        "name_en": "Capillary link 005",
        "design_note_zh": "概念建议连通关系，供专业团队深化，不代表工程线位。"
      },
      "geometry": {
        "type": "LineString",
        "coordinates": [
          [
            116.34983738545662,
            39.942875755341575
          ],
          [
            116.34900804108212,
            39.94396304321895
          ]
        ]
      },
      "id": "ROAD-CP-005"
    },
    {
      "type": "Feature",
      "properties": {
        "id": "ROAD-CP-006",
        "layer": "ROAD_CENTERLINE",
        "source_type": "agent_generated_design",
        "confidence": "medium",
        "geometry_role": "design_proposal",
        "road_class": "pedestrian",
        "network_phase": "capillary",
        "conductance": 0.3252,
        "name_zh": "智脉毛细连接006",
        "name_en": "Capillary link 006",
        "design_note_zh": "概念建议连通关系，供专业团队深化，不代表工程线位。"
      },
      "geometry": {
        "type": "LineString",
        "coordinates": [
          [
            116.35147537811976,
            39.94288492952828
          ],
          [
            116.35064605940353,
            39.94397222932872
          ]
        ]
      },
      "id": "ROAD-CP-006"
    },
    {
      "type": "Feature",
      "properties": {
        "id": "ROAD-CP-007",
        "layer": "ROAD_CENTERLINE",
        "source_type": "agent_generated_design",
        "confidence": "medium",
        "geometry_role": "design_proposal",
        "road_class": "pedestrian",
        "network_phase": "capillary",
        "conductance": 0.3006,
        "name_zh": "智脉毛细连接007",
        "name_en": "Capillary link 007",
        "design_note_zh": "概念建议连通关系，供专业团队深化，不代表工程线位。"
      },
      "geometry": {
        "type": "LineString",
        "coordinates": [
          [
            116.34737002351338,
            39.943953833968834
          ],
          [
            116.34654062706984,
            39.94504110357399
          ]
        ]
      },
      "id": "ROAD-CP-007"
    },
    {
      "type": "Feature",
      "properties": {
        "id": "ROAD-CP-008",
        "layer": "ROAD_CENTERLINE",
        "source_type": "agent_generated_design",
        "confidence": "medium",
        "geometry_role": "design_proposal",
        "road_class": "pedestrian",
        "network_phase": "capillary",
        "conductance": 0.2843,
        "name_zh": "智脉毛细连接008",
        "name_en": "Capillary link 008",
        "design_note_zh": "概念建议连通关系，供专业团队深化，不代表工程线位。"
      },
      "geometry": {
        "type": "LineString",
        "coordinates": [
          [
            116.34900804108212,
            39.94396304321895
          ],
          [
            116.35064605940353,
            39.94397222932872
          ]
        ]
      },
      "id": "ROAD-CP-008"
    },
    {
      "type": "Feature",
      "properties": {
        "id": "ROAD-CP-009",
        "layer": "ROAD_CENTERLINE",
        "source_type": "agent_generated_design",
        "confidence": "medium",
        "geometry_role": "design_proposal",
        "road_class": "pedestrian",
        "network_phase": "capillary",
        "conductance": 0.4035,
        "name_zh": "智脉毛细连接009",
        "name_en": "Capillary link 009",
        "design_note_zh": "概念建议连通关系，供专业团队深化，不代表工程线位。"
      },
      "geometry": {
        "type": "LineString",
        "coordinates": [
          [
            116.34900804108212,
            39.94396304321895
          ],
          [
            116.34817867029675,
            39.945050324748955
          ]
        ]
      },
      "id": "ROAD-CP-009"
    },
    {
      "type": "Feature",
      "properties": {
        "id": "ROAD-CP-010",
        "layer": "ROAD_CENTERLINE",
        "source_type": "agent_generated_design",
        "confidence": "medium",
        "geometry_role": "design_proposal",
        "road_class": "pedestrian",
        "network_phase": "capillary",
        "conductance": 0.277,
        "name_zh": "智脉毛细连接010",
        "name_en": "Capillary link 010",
        "design_note_zh": "概念建议连通关系，供专业团队深化，不代表工程线位。"
      },
      "geometry": {
        "type": "LineString",
        "coordinates": [
          [
            116.35064605940353,
            39.94397222932872
          ],
          [
            116.3498167142773,
            39.945059522782685
          ]
        ]
      },
      "id": "ROAD-CP-010"
    },
    {
      "type": "Feature",
      "properties": {
        "id": "ROAD-CP-011",
        "layer": "ROAD_CENTERLINE",
        "source_type": "agent_generated_design",
        "confidence": "medium",
        "geometry_role": "design_proposal",
        "road_class": "pedestrian",
        "network_phase": "capillary",
        "conductance": 0.3786,
        "name_zh": "智脉毛细连接011",
        "name_en": "Capillary link 011",
        "design_note_zh": "概念建议连通关系，供专业团队深化，不代表工程线位。"
      },
      "geometry": {
        "type": "LineString",
        "coordinates": [
          [
            116.34654062706984,
            39.94504110357399
          ],
          [
            116.34734927309857,
            39.94613759993091
          ]
        ]
      },
      "id": "ROAD-CP-011"
    },
    {
      "type": "Feature",
      "properties": {
        "id": "ROAD-CP-012",
        "layer": "ROAD_CENTERLINE",
        "source_type": "agent_generated_design",
        "confidence": "medium",
        "geometry_role": "design_proposal",
        "road_class": "pedestrian",
        "network_phase": "capillary",
        "conductance": 0.4476,
        "name_zh": "智脉毛细连接012",
        "name_en": "Capillary link 012",
        "design_note_zh": "概念建议连通关系，供专业团队深化，不代表工程线位。"
      },
      "geometry": {
        "type": "LineString",
        "coordinates": [
          [
            116.3498167142773,
            39.945059522782685
          ],
          [
            116.34898734273919,
            39.94614680988949
          ]
        ]
      },
      "id": "ROAD-CP-012"
    },
    {
      "type": "Feature",
      "properties": {
        "id": "ROAD-CP-013",
        "layer": "ROAD_CENTERLINE",
        "source_type": "agent_generated_design",
        "confidence": "medium",
        "geometry_role": "design_proposal",
        "road_class": "pedestrian",
        "network_phase": "capillary",
        "conductance": 0.2768,
        "name_zh": "智脉毛细连接013",
        "name_en": "Capillary link 013",
        "design_note_zh": "概念建议连通关系，供专业团队深化，不代表工程线位。"
      },
      "geometry": {
        "type": "LineString",
        "coordinates": [
          [
            116.35473085072204,
            39.945086978036194
          ],
          [
            116.35390155617009,
            39.946174300912325
          ]
        ]
      },
      "id": "ROAD-CP-013"
    },
    {
      "type": "Feature",
      "properties": {
        "id": "ROAD-CP-014",
        "layer": "ROAD_CENTERLINE",
        "source_type": "agent_generated_design",
        "confidence": "medium",
        "geometry_role": "design_proposal",
        "road_class": "pedestrian",
        "network_phase": "capillary",
        "conductance": 0.2946,
        "name_zh": "智脉毛细连接014",
        "name_en": "Capillary link 014",
        "design_note_zh": "概念建议连通关系，供专业团队深化，不代表工程线位。"
      },
      "geometry": {
        "type": "LineString",
        "coordinates": [
          [
            116.35062541313259,
            39.94615599670595
          ],
          [
            116.34979604084269,
            39.94724328938978
          ]
        ]
      },
      "id": "ROAD-CP-014"
    },
    {
      "type": "Feature",
      "properties": {
        "id": "ROAD-CP-015",
        "layer": "ROAD_CENTERLINE",
        "source_type": "agent_generated_design",
        "confidence": "medium",
        "geometry_role": "design_proposal",
        "road_class": "pedestrian",
        "network_phase": "capillary",
        "conductance": 0.3776,
        "name_zh": "智脉毛细连接015",
        "name_en": "Capillary link 015",
        "design_note_zh": "概念建议连通关系，供专业团队深化，不代表工程线位。"
      },
      "geometry": {
        "type": "LineString",
        "coordinates": [
          [
            116.34488175493976,
            39.94721562373684
          ],
          [
            116.34651984948574,
            39.94722486876413
          ]
        ]
      },
      "id": "ROAD-CP-015"
    },
    {
      "type": "Feature",
      "properties": {
        "id": "ROAD-CP-016",
        "layer": "ROAD_CENTERLINE",
        "source_type": "agent_generated_design",
        "confidence": "medium",
        "geometry_role": "design_proposal",
        "road_class": "pedestrian",
        "network_phase": "capillary",
        "conductance": 0.3243,
        "name_zh": "智脉毛细连接016",
        "name_en": "Capillary link 016",
        "design_note_zh": "概念建议连通关系，供专业团队深化，不代表工程线位。"
      },
      "geometry": {
        "type": "LineString",
        "coordinates": [
          [
            116.34651984948574,
            39.94722486876413
          ],
          [
            116.3473285204198,
            39.948321365058916
          ]
        ]
      },
      "id": "ROAD-CP-016"
    },
    {
      "type": "Feature",
      "properties": {
        "id": "ROAD-CP-017",
        "layer": "ROAD_CENTERLINE",
        "source_type": "agent_generated_design",
        "confidence": "medium",
        "geometry_role": "design_proposal",
        "road_class": "pedestrian",
        "network_phase": "capillary",
        "conductance": 0.7479,
        "name_zh": "智脉毛细连接017",
        "name_en": "Capillary link 017",
        "design_note_zh": "概念建议连通关系，供专业团队深化，不代表工程线位。"
      },
      "geometry": {
        "type": "LineString",
        "coordinates": [
          [
            116.34815794478733,
            39.94723409064847
          ],
          [
            116.34979604084269,
            39.94724328938978
          ]
        ]
      },
      "id": "ROAD-CP-017"
    },
    {
      "type": "Feature",
      "properties": {
        "id": "ROAD-CP-018",
        "layer": "ROAD_CENTERLINE",
        "source_type": "agent_generated_design",
        "confidence": "medium",
        "geometry_role": "design_proposal",
        "road_class": "pedestrian",
        "network_phase": "capillary",
        "conductance": 0.4303,
        "name_zh": "智脉毛细连接018",
        "name_en": "Capillary link 018",
        "design_note_zh": "概念建议连通关系，供专业团队深化，不代表工程线位。"
      },
      "geometry": {
        "type": "LineString",
        "coordinates": [
          [
            116.34979604084269,
            39.94724328938978
          ],
          [
            116.35143413764992,
            39.947252464988075
          ]
        ]
      },
      "id": "ROAD-CP-018"
    },
    {
      "type": "Feature",
      "properties": {
        "id": "ROAD-CP-019",
        "layer": "ROAD_CENTERLINE",
        "source_type": "agent_generated_design",
        "confidence": "medium",
        "geometry_role": "design_proposal",
        "road_class": "pedestrian",
        "network_phase": "capillary",
        "conductance": 0.3109,
        "name_zh": "智脉毛细连接019",
        "name_en": "Capillary link 019",
        "design_note_zh": "概念建议连通关系，供专业团队深化，不代表工程线位。"
      },
      "geometry": {
        "type": "LineString",
        "coordinates": [
          [
            116.34979604084269,
            39.94724328938978
          ],
          [
            116.34896664213804,
            39.948330575726004
          ]
        ]
      },
      "id": "ROAD-CP-019"
    },
    {
      "type": "Feature",
      "properties": {
        "id": "ROAD-CP-020",
        "layer": "ROAD_CENTERLINE",
        "source_type": "agent_generated_design",
        "confidence": "medium",
        "geometry_role": "design_proposal",
        "road_class": "pedestrian",
        "network_phase": "capillary",
        "conductance": 0.4684,
        "name_zh": "智脉毛细连接020",
        "name_en": "Capillary link 020",
        "design_note_zh": "概念建议连通关系，供专业团队深化，不代表工程线位。"
      },
      "geometry": {
        "type": "LineString",
        "coordinates": [
          [
            116.34979604084269,
            39.94724328938978
          ],
          [
            116.3506047646091,
            39.94833976324917
          ]
        ]
      },
      "id": "ROAD-CP-020"
    },
    {
      "type": "Feature",
      "properties": {
        "id": "ROAD-CP-021",
        "layer": "ROAD_CENTERLINE",
        "source_type": "agent_generated_design",
        "confidence": "medium",
        "geometry_role": "design_proposal",
        "road_class": "pedestrian",
        "network_phase": "capillary",
        "conductance": 0.3521,
        "name_zh": "智脉毛细连接021",
        "name_en": "Capillary link 021",
        "design_note_zh": "概念建议连通关系，供专业团队深化，不代表工程线位。"
      },
      "geometry": {
        "type": "LineString",
        "coordinates": [
          [
            116.34405227924948,
            39.94830287429314
          ],
          [
            116.34322277713984,
            39.94939011849845
          ]
        ]
      },
      "id": "ROAD-CP-021"
    },
    {
      "type": "Feature",
      "properties": {
        "id": "ROAD-CP-022",
        "layer": "ROAD_CENTERLINE",
        "source_type": "agent_generated_design",
        "confidence": "medium",
        "geometry_role": "design_proposal",
        "road_class": "pedestrian",
        "network_phase": "capillary",
        "conductance": 0.4817,
        "name_zh": "智脉毛细连接022",
        "name_en": "Capillary link 022",
        "design_note_zh": "概念建议连通关系，供专业团队深化，不代表工程线位。"
      },
      "geometry": {
        "type": "LineString",
        "coordinates": [
          [
            116.3473285204198,
            39.948321365058916
          ],
          [
            116.34649906963472,
            39.949408633120164
          ]
        ]
      },
      "id": "ROAD-CP-022"
    },
    {
      "type": "Feature",
      "properties": {
        "id": "ROAD-CP-023",
        "layer": "ROAD_CENTERLINE",
        "source_type": "agent_generated_design",
        "confidence": "medium",
        "geometry_role": "design_proposal",
        "road_class": "pedestrian",
        "network_phase": "capillary",
        "conductance": 0.7092,
        "name_zh": "智脉毛细连接023",
        "name_en": "Capillary link 023",
        "design_note_zh": "概念建议连通关系，供专业团队深化，不代表工程线位。"
      },
      "geometry": {
        "type": "LineString",
        "coordinates": [
          [
            116.34896664213804,
            39.948330575726004
          ],
          [
            116.34977536515252,
            39.94942705516288
          ]
        ]
      },
      "id": "ROAD-CP-023"
    },
    {
      "type": "Feature",
      "properties": {
        "id": "ROAD-CP-024",
        "layer": "ROAD_CENTERLINE",
        "source_type": "agent_generated_design",
        "confidence": "medium",
        "geometry_role": "design_proposal",
        "road_class": "pedestrian",
        "network_phase": "capillary",
        "conductance": 0.4237,
        "name_zh": "智脉毛细连接024",
        "name_en": "Capillary link 024",
        "design_note_zh": "概念建议连通关系，供专业团队深化，不代表工程线位。"
      },
      "geometry": {
        "type": "LineString",
        "coordinates": [
          [
            116.3506047646091,
            39.94833976324917
          ],
          [
            116.34977536515252,
            39.94942705516288
          ]
        ]
      },
      "id": "ROAD-CP-024"
    },
    {
      "type": "Feature",
      "properties": {
        "id": "ROAD-CP-025",
        "layer": "ROAD_CENTERLINE",
        "source_type": "agent_generated_design",
        "confidence": "medium",
        "geometry_role": "design_proposal",
        "road_class": "pedestrian",
        "network_phase": "capillary",
        "conductance": 0.3028,
        "name_zh": "智脉毛细连接025",
        "name_en": "Capillary link 025",
        "design_note_zh": "概念建议连通关系，供专业团队深化，不代表工程线位。"
      },
      "geometry": {
        "type": "LineString",
        "coordinates": [
          [
            116.34486092300847,
            39.94939938738167
          ],
          [
            116.34403142014023,
            39.950486637164616
          ]
        ]
      },
      "id": "ROAD-CP-025"
    },
    {
      "type": "Feature",
      "properties": {
        "id": "ROAD-CP-026",
        "layer": "ROAD_CENTERLINE",
        "source_type": "agent_generated_design",
        "confidence": "medium",
        "geometry_role": "design_proposal",
        "road_class": "pedestrian",
        "network_phase": "capillary",
        "conductance": 0.3767,
        "name_zh": "智脉毛细连接026",
        "name_en": "Capillary link 026",
        "design_note_zh": "概念建议连通关系，供专业团队深化，不代表工程线位。"
      },
      "geometry": {
        "type": "LineString",
        "coordinates": [
          [
            116.34649906963472,
            39.949408633120164
          ],
          [
            116.3481372170167,
            39.94941785571392
          ]
        ]
      },
      "id": "ROAD-CP-026"
    },
    {
      "type": "Feature",
      "properties": {
        "id": "ROAD-CP-027",
        "layer": "ROAD_CENTERLINE",
        "source_type": "agent_generated_design",
        "confidence": "medium",
        "geometry_role": "design_proposal",
        "road_class": "pedestrian",
        "network_phase": "capillary",
        "conductance": 0.734,
        "name_zh": "智脉毛细连接027",
        "name_en": "Capillary link 027",
        "design_note_zh": "概念建议连通关系，供专业团队深化，不代表工程线位。"
      },
      "geometry": {
        "type": "LineString",
        "coordinates": [
          [
            116.34977536515252,
            39.94942705516288
          ],
          [
            116.3489459392783,
            39.95051434072848
          ]
        ]
      },
      "id": "ROAD-CP-027"
    },
    {
      "type": "Feature",
      "properties": {
        "id": "ROAD-CP-028",
        "layer": "ROAD_CENTERLINE",
        "source_type": "agent_generated_design",
        "confidence": "medium",
        "geometry_role": "design_proposal",
        "road_class": "pedestrian",
        "network_phase": "capillary",
        "conductance": 0.2934,
        "name_zh": "智脉毛细连接028",
        "name_en": "Capillary link 028",
        "design_note_zh": "概念建议连通关系，供专业团队深化，不代表工程线位。"
      },
      "geometry": {
        "type": "LineString",
        "coordinates": [
          [
            116.3489459392783,
            39.95051434072848
          ],
          [
            116.35058411383272,
            39.950523528958435
          ]
        ]
      },
      "id": "ROAD-CP-028"
    },
    {
      "type": "Feature",
      "properties": {
        "id": "ROAD-CP-029",
        "layer": "ROAD_CENTERLINE",
        "source_type": "agent_generated_design",
        "confidence": "medium",
        "geometry_role": "design_proposal",
        "road_class": "pedestrian",
        "network_phase": "capillary",
        "conductance": 0.7372,
        "name_zh": "智脉毛细连接029",
        "name_en": "Capillary link 029",
        "design_note_zh": "概念建议连通关系，供专业团队深化，不代表工程线位。"
      },
      "geometry": {
        "type": "LineString",
        "coordinates": [
          [
            116.3489459392783,
            39.95051434072848
          ],
          [
            116.3497546872065,
            39.95161082010195
          ]
        ]
      },
      "id": "ROAD-CP-029"
    },
    {
      "type": "Feature",
      "properties": {
        "id": "ROAD-CP-030",
        "layer": "ROAD_CENTERLINE",
        "source_type": "agent_generated_design",
        "confidence": "medium",
        "geometry_role": "design_proposal",
        "road_class": "pedestrian",
        "network_phase": "capillary",
        "conductance": 0.7248,
        "name_zh": "智脉毛细连接030",
        "name_en": "Capillary link 030",
        "design_note_zh": "概念建议连通关系，供专业团队深化，不代表工程线位。"
      },
      "geometry": {
        "type": "LineString",
        "coordinates": [
          [
            116.3497546872065,
            39.95161082010195
          ],
          [
            116.34892523415975,
            39.952698104896896
          ]
        ]
      },
      "id": "ROAD-CP-030"
    },
    {
      "type": "Feature",
      "properties": {
        "id": "ROAD-CP-031",
        "layer": "ROAD_CENTERLINE",
        "source_type": "agent_generated_design",
        "confidence": "medium",
        "geometry_role": "design_proposal",
        "road_class": "pedestrian",
        "network_phase": "capillary",
        "conductance": 0.2836,
        "name_zh": "智脉毛细连接031",
        "name_en": "Capillary link 031",
        "design_note_zh": "概念建议连通关系，供专业团队深化，不代表工程线位。"
      },
      "geometry": {
        "type": "LineString",
        "coordinates": [
          [
            116.3440105587551,
            39.952670399201914
          ],
          [
            116.3448192523269,
            39.95376691216887
          ]
        ]
      },
      "id": "ROAD-CP-031"
    },
    {
      "type": "Feature",
      "properties": {
        "id": "ROAD-CP-032",
        "layer": "ROAD_CENTERLINE",
        "source_type": "agent_generated_design",
        "confidence": "medium",
        "geometry_role": "design_proposal",
        "road_class": "pedestrian",
        "network_phase": "capillary",
        "conductance": 0.7359,
        "name_zh": "智脉毛细连接032",
        "name_en": "Capillary link 032",
        "design_note_zh": "概念建议连通关系，供专业团队深化，不代表工程线位。"
      },
      "geometry": {
        "type": "LineString",
        "coordinates": [
          [
            116.34892523415975,
            39.952698104896896
          ],
          [
            116.34973400700437,
            39.95379458420698
          ]
        ]
      },
      "id": "ROAD-CP-032"
    },
    {
      "type": "Feature",
      "properties": {
        "id": "ROAD-CP-033",
        "layer": "ROAD_CENTERLINE",
        "source_type": "agent_generated_design",
        "confidence": "medium",
        "geometry_role": "design_proposal",
        "road_class": "pedestrian",
        "network_phase": "capillary",
        "conductance": 0.2877,
        "name_zh": "智脉毛细连接033",
        "name_en": "Capillary link 033",
        "design_note_zh": "概念建议连通关系，供专业团队深化，不代表工程线位。"
      },
      "geometry": {
        "type": "LineString",
        "coordinates": [
          [
            116.3448192523269,
            39.95376691216887
          ],
          [
            116.34398969509385,
            39.95485416040502
          ]
        ]
      },
      "id": "ROAD-CP-033"
    },
    {
      "type": "Feature",
      "properties": {
        "id": "ROAD-CP-034",
        "layer": "ROAD_CENTERLINE",
        "source_type": "agent_generated_design",
        "confidence": "medium",
        "geometry_role": "design_proposal",
        "road_class": "pedestrian",
        "network_phase": "capillary",
        "conductance": 0.6953,
        "name_zh": "智脉毛细连接034",
        "name_en": "Capillary link 034",
        "design_note_zh": "概念建议连通关系，供专业团队深化，不代表工程线位。"
      },
      "geometry": {
        "type": "LineString",
        "coordinates": [
          [
            116.34973400700437,
            39.95379458420698
          ],
          [
            116.34890452678209,
            39.954881868231254
          ]
        ]
      },
      "id": "ROAD-CP-034"
    },
    {
      "type": "Feature",
      "properties": {
        "id": "ROAD-CP-035",
        "layer": "ROAD_CENTERLINE",
        "source_type": "agent_generated_design",
        "confidence": "medium",
        "geometry_role": "design_proposal",
        "road_class": "pedestrian",
        "network_phase": "capillary",
        "conductance": 0.299,
        "name_zh": "智脉毛细连接035",
        "name_en": "Capillary link 035",
        "design_note_zh": "概念建议连通关系，供专业团队深化，不代表工程线位。"
      },
      "geometry": {
        "type": "LineString",
        "coordinates": [
          [
            116.34398969509385,
            39.95485416040502
          ],
          [
            116.3447984135761,
            39.955950673311186
          ]
        ]
      },
      "id": "ROAD-CP-035"
    },
    {
      "type": "Feature",
      "properties": {
        "id": "ROAD-CP-036",
        "layer": "ROAD_CENTERLINE",
        "source_type": "agent_generated_design",
        "confidence": "medium",
        "geometry_role": "design_proposal",
        "road_class": "pedestrian",
        "network_phase": "capillary",
        "conductance": 0.3389,
        "name_zh": "智脉毛细连接036",
        "name_en": "Capillary link 036",
        "design_note_zh": "概念建议连通关系，供专业团队深化，不代表工程线位。"
      },
      "geometry": {
        "type": "LineString",
        "coordinates": [
          [
            116.3447984135761,
            39.955950673311186
          ],
          [
            116.34396882915618,
            39.957037920773914
          ]
        ]
      },
      "id": "ROAD-CP-036"
    },
    {
      "type": "Feature",
      "properties": {
        "id": "ROAD-CP-037",
        "layer": "ROAD_CENTERLINE",
        "source_type": "agent_generated_design",
        "confidence": "medium",
        "geometry_role": "design_proposal",
        "road_class": "pedestrian",
        "network_phase": "capillary",
        "conductance": 0.6545,
        "name_zh": "智脉毛细连接037",
        "name_en": "Capillary link 037",
        "design_note_zh": "概念建议连通关系，供专业团队深化，不代表工程线位。"
      },
      "geometry": {
        "type": "LineString",
        "coordinates": [
          [
            116.34971332454586,
            39.95597834747795
          ],
          [
            116.34888381714508,
            39.95706563073154
          ]
        ]
      },
      "id": "ROAD-CP-037"
    },
    {
      "type": "Feature",
      "properties": {
        "id": "ROAD-CP-038",
        "layer": "ROAD_CENTERLINE",
        "source_type": "agent_generated_design",
        "confidence": "medium",
        "geometry_role": "design_proposal",
        "road_class": "pedestrian",
        "network_phase": "capillary",
        "conductance": 0.3013,
        "name_zh": "智脉毛细连接038",
        "name_en": "Capillary link 038",
        "design_note_zh": "概念建议连通关系，供专业团队深化，不代表工程线位。"
      },
      "geometry": {
        "type": "LineString",
        "coordinates": [
          [
            116.34396882915618,
            39.957037920773914
          ],
          [
            116.34313921830534,
            39.95812516188376
          ]
        ]
      },
      "id": "ROAD-CP-038"
    },
    {
      "type": "Feature",
      "properties": {
        "id": "ROAD-CP-039",
        "layer": "ROAD_CENTERLINE",
        "source_type": "agent_generated_design",
        "confidence": "medium",
        "geometry_role": "design_proposal",
        "road_class": "pedestrian",
        "network_phase": "capillary",
        "conductance": 0.6887,
        "name_zh": "智脉毛细连接039",
        "name_en": "Capillary link 039",
        "design_note_zh": "概念建议连通关系，供专业团队深化，不代表工程线位。"
      },
      "geometry": {
        "type": "LineString",
        "coordinates": [
          [
            116.34888381714508,
            39.95706563073154
          ],
          [
            116.34805428331613,
            39.95815290763493
          ]
        ]
      },
      "id": "ROAD-CP-039"
    },
    {
      "type": "Feature",
      "properties": {
        "id": "ROAD-CP-040",
        "layer": "ROAD_CENTERLINE",
        "source_type": "agent_generated_design",
        "confidence": "medium",
        "geometry_role": "design_proposal",
        "road_class": "pedestrian",
        "network_phase": "capillary",
        "conductance": 0.3114,
        "name_zh": "智脉毛细连接040",
        "name_en": "Capillary link 040",
        "design_note_zh": "概念建议连通关系，供专业团队深化，不代表工程线位。"
      },
      "geometry": {
        "type": "LineString",
        "coordinates": [
          [
            116.34313921830534,
            39.95812516188376
          ],
          [
            116.34230958102171,
            39.95921239664004
          ]
        ]
      },
      "id": "ROAD-CP-040"
    },
    {
      "type": "Feature",
      "properties": {
        "id": "ROAD-CP-041",
        "layer": "ROAD_CENTERLINE",
        "source_type": "agent_generated_design",
        "confidence": "medium",
        "geometry_role": "design_proposal",
        "road_class": "pedestrian",
        "network_phase": "capillary",
        "conductance": 0.6518,
        "name_zh": "智脉毛细连接041",
        "name_en": "Capillary link 041",
        "design_note_zh": "概念建议连通关系，供专业团队深化，不代表工程线位。"
      },
      "geometry": {
        "type": "LineString",
        "coordinates": [
          [
            116.34805428331613,
            39.95815290763493
          ],
          [
            116.34886310524841,
            39.959249392397744
          ]
        ]
      },
      "id": "ROAD-CP-041"
    },
    {
      "type": "Feature",
      "properties": {
        "id": "ROAD-CP-042",
        "layer": "ROAD_CENTERLINE",
        "source_type": "agent_generated_design",
        "confidence": "medium",
        "geometry_role": "design_proposal",
        "road_class": "pedestrian",
        "network_phase": "capillary",
        "conductance": 0.5819,
        "name_zh": "智脉毛细连接042",
        "name_en": "Capillary link 042",
        "design_note_zh": "概念建议连通关系，供专业团队深化，不代表工程线位。"
      },
      "geometry": {
        "type": "LineString",
        "coordinates": [
          [
            116.34969263983065,
            39.9581621099149
          ],
          [
            116.34886310524841,
            39.959249392397744
          ]
        ]
      },
      "id": "ROAD-CP-042"
    },
    {
      "type": "Feature",
      "properties": {
        "id": "ROAD-CP-043",
        "layer": "ROAD_CENTERLINE",
        "source_type": "agent_generated_design",
        "confidence": "medium",
        "geometry_role": "design_proposal",
        "road_class": "pedestrian",
        "network_phase": "capillary",
        "conductance": 0.5525,
        "name_zh": "智脉毛细连接043",
        "name_en": "Capillary link 043",
        "design_note_zh": "概念建议连通关系，供专业团队深化，不代表工程线位。"
      },
      "geometry": {
        "type": "LineString",
        "coordinates": [
          [
            116.34886310524841,
            39.959249392397744
          ],
          [
            116.3480335442351,
            39.96033666852993
          ]
        ]
      },
      "id": "ROAD-CP-043"
    },
    {
      "type": "Feature",
      "properties": {
        "id": "ROAD-CP-044",
        "layer": "ROAD_CENTERLINE",
        "source_type": "agent_generated_design",
        "confidence": "medium",
        "geometry_role": "design_proposal",
        "road_class": "pedestrian",
        "network_phase": "capillary",
        "conductance": 0.5774,
        "name_zh": "智脉毛细连接044",
        "name_en": "Capillary link 044",
        "design_note_zh": "概念建议连通关系，供专业团队深化，不代表工程线位。"
      },
      "geometry": {
        "type": "LineString",
        "coordinates": [
          [
            116.34886310524841,
            39.959249392397744
          ],
          [
            116.34967195285851,
            39.96034587151774
          ]
        ]
      },
      "id": "ROAD-CP-044"
    },
    {
      "type": "Feature",
      "properties": {
        "id": "ROAD-CP-045",
        "layer": "ROAD_CENTERLINE",
        "source_type": "agent_generated_design",
        "confidence": "medium",
        "geometry_role": "design_proposal",
        "road_class": "pedestrian",
        "network_phase": "capillary",
        "conductance": 0.2832,
        "name_zh": "智脉毛细连接045",
        "name_en": "Capillary link 045",
        "design_note_zh": "概念建议连通关系，供专业团队深化，不代表工程线位。"
      },
      "geometry": {
        "type": "LineString",
        "coordinates": [
          [
            116.34311832289823,
            39.96030892064448
          ],
          [
            116.34228865841894,
            39.961396154626364
          ]
        ]
      },
      "id": "ROAD-CP-045"
    },
    {
      "type": "Feature",
      "properties": {
        "id": "ROAD-CP-046",
        "layer": "ROAD_CENTERLINE",
        "source_type": "agent_generated_design",
        "confidence": "medium",
        "geometry_role": "design_proposal",
        "road_class": "pedestrian",
        "network_phase": "capillary",
        "conductance": 0.3912,
        "name_zh": "智脉毛细连接046",
        "name_en": "Capillary link 046",
        "design_note_zh": "概念建议连通关系，供专业团队深化，不代表工程线位。"
      },
      "geometry": {
        "type": "LineString",
        "coordinates": [
          [
            116.34639513636598,
            39.960327442388426
          ],
          [
            116.34720395678879,
            39.96142393831078
          ]
        ]
      },
      "id": "ROAD-CP-046"
    },
    {
      "type": "Feature",
      "properties": {
        "id": "ROAD-CP-047",
        "layer": "ROAD_CENTERLINE",
        "source_type": "agent_generated_design",
        "confidence": "medium",
        "geometry_role": "design_proposal",
        "road_class": "pedestrian",
        "network_phase": "capillary",
        "conductance": 0.4855,
        "name_zh": "智脉毛细连接047",
        "name_en": "Capillary link 047",
        "design_note_zh": "概念建议连通关系，供专业团队深化，不代表工程线位。"
      },
      "geometry": {
        "type": "LineString",
        "coordinates": [
          [
            116.34967195285851,
            39.96034587151774
          ],
          [
            116.34884239109184,
            39.961433153229834
          ]
        ]
      },
      "id": "ROAD-CP-047"
    },
    {
      "type": "Feature",
      "properties": {
        "id": "ROAD-CP-048",
        "layer": "ROAD_CENTERLINE",
        "source_type": "agent_generated_design",
        "confidence": "medium",
        "geometry_role": "design_proposal",
        "road_class": "pedestrian",
        "network_phase": "capillary",
        "conductance": 0.3084,
        "name_zh": "智脉毛细连接048",
        "name_en": "Capillary link 048",
        "design_note_zh": "概念建议连通关系，供专业团队深化，不代表工程线位。"
      },
      "geometry": {
        "type": "LineString",
        "coordinates": [
          [
            116.34228865841894,
            39.961396154626364
          ],
          [
            116.34309742521116,
            39.962492678570946
          ]
        ]
      },
      "id": "ROAD-CP-048"
    },
    {
      "type": "Feature",
      "properties": {
        "id": "ROAD-CP-049",
        "layer": "ROAD_CENTERLINE",
        "source_type": "agent_generated_design",
        "confidence": "medium",
        "geometry_role": "design_proposal",
        "road_class": "pedestrian",
        "network_phase": "capillary",
        "conductance": 0.4624,
        "name_zh": "智脉毛细连接049",
        "name_en": "Capillary link 049",
        "design_note_zh": "概念建议连通关系，供专业团队深化，不代表工程线位。"
      },
      "geometry": {
        "type": "LineString",
        "coordinates": [
          [
            116.34720395678879,
            39.96142393831078
          ],
          [
            116.34637434290758,
            39.96251120173961
          ]
        ]
      },
      "id": "ROAD-CP-049"
    },
    {
      "type": "Feature",
      "properties": {
        "id": "ROAD-CP-050",
        "layer": "ROAD_CENTERLINE",
        "source_type": "agent_generated_design",
        "confidence": "medium",
        "geometry_role": "design_proposal",
        "road_class": "pedestrian",
        "network_phase": "capillary",
        "conductance": 0.4606,
        "name_zh": "智脉毛细连接050",
        "name_en": "Capillary link 050",
        "design_note_zh": "概念建议连通关系，供专业团队深化，不代表工程线位。"
      },
      "geometry": {
        "type": "LineString",
        "coordinates": [
          [
            116.34884239109184,
            39.961433153229834
          ],
          [
            116.34965126362917,
            39.962529632286504
          ]
        ]
      },
      "id": "ROAD-CP-050"
    },
    {
      "type": "Feature",
      "properties": {
        "id": "ROAD-CP-051",
        "layer": "ROAD_CENTERLINE",
        "source_type": "agent_generated_design",
        "confidence": "medium",
        "geometry_role": "design_proposal",
        "road_class": "pedestrian",
        "network_phase": "capillary",
        "conductance": 0.4436,
        "name_zh": "智脉毛细连接051",
        "name_en": "Capillary link 051",
        "design_note_zh": "概念建议连通关系，供专业团队深化，不代表工程线位。"
      },
      "geometry": {
        "type": "LineString",
        "coordinates": [
          [
            116.34637434290758,
            39.96251120173961
          ],
          [
            116.34718318825463,
            39.96360769759994
          ]
        ]
      },
      "id": "ROAD-CP-051"
    },
    {
      "type": "Feature",
      "properties": {
        "id": "ROAD-CP-052",
        "layer": "ROAD_CENTERLINE",
        "source_type": "agent_generated_design",
        "confidence": "medium",
        "geometry_role": "design_proposal",
        "road_class": "pedestrian",
        "network_phase": "capillary",
        "conductance": 0.4328,
        "name_zh": "智脉毛细连接052",
        "name_en": "Capillary link 052",
        "design_note_zh": "概念建议连通关系，供专业团队深化，不代表工程线位。"
      },
      "geometry": {
        "type": "LineString",
        "coordinates": [
          [
            116.34801280289118,
            39.9625204285908
          ],
          [
            116.34882167467507,
            39.963616913227824
          ]
        ]
      },
      "id": "ROAD-CP-052"
    },
    {
      "type": "Feature",
      "properties": {
        "id": "ROAD-CP-053",
        "layer": "ROAD_CENTERLINE",
        "source_type": "agent_generated_design",
        "confidence": "medium",
        "geometry_role": "design_proposal",
        "road_class": "pedestrian",
        "network_phase": "capillary",
        "conductance": 0.4416,
        "name_zh": "智脉毛细连接053",
        "name_en": "Capillary link 053",
        "design_note_zh": "概念建议连通关系，供专业团队深化，不代表工程线位。"
      },
      "geometry": {
        "type": "LineString",
        "coordinates": [
          [
            116.34965126362917,
            39.962529632286504
          ],
          [
            116.34882167467507,
            39.963616913227824
          ]
        ]
      },
      "id": "ROAD-CP-053"
    },
    {
      "type": "Feature",
      "properties": {
        "id": "ROAD-CP-054",
        "layer": "ROAD_CENTERLINE",
        "source_type": "agent_generated_design",
        "confidence": "medium",
        "geometry_role": "design_proposal",
        "road_class": "pedestrian",
        "network_phase": "capillary",
        "conductance": 0.5038,
        "name_zh": "智脉毛细连接054",
        "name_en": "Capillary link 054",
        "design_note_zh": "概念建议连通关系，供专业团队深化，不代表工程线位。"
      },
      "geometry": {
        "type": "LineString",
        "coordinates": [
          [
            116.34718318825463,
            39.96360769759994
          ],
          [
            116.34635354718031,
            39.9646949602566
          ]
        ]
      },
      "id": "ROAD-CP-054"
    },
    {
      "type": "Feature",
      "properties": {
        "id": "ROAD-CP-055",
        "layer": "ROAD_CENTERLINE",
        "source_type": "agent_generated_design",
        "confidence": "medium",
        "geometry_role": "design_proposal",
        "road_class": "pedestrian",
        "network_phase": "capillary",
        "conductance": 0.4643,
        "name_zh": "智脉毛细连接055",
        "name_en": "Capillary link 055",
        "design_note_zh": "概念建议连通关系，供专业团队深化，不代表工程线位。"
      },
      "geometry": {
        "type": "LineString",
        "coordinates": [
          [
            116.34882167467507,
            39.963616913227824
          ],
          [
            116.34799205928408,
            39.96470418781753
          ]
        ]
      },
      "id": "ROAD-CP-055"
    },
    {
      "type": "Feature",
      "properties": {
        "id": "ROAD-CP-056",
        "layer": "ROAD_CENTERLINE",
        "source_type": "agent_generated_design",
        "confidence": "medium",
        "geometry_role": "design_proposal",
        "road_class": "pedestrian",
        "network_phase": "capillary",
        "conductance": 0.4046,
        "name_zh": "智脉毛细连接056",
        "name_en": "Capillary link 056",
        "design_note_zh": "概念建议连通关系，供专业团队深化，不代表工程线位。"
      },
      "geometry": {
        "type": "LineString",
        "coordinates": [
          [
            116.34882167467507,
            39.963616913227824
          ],
          [
            116.34963057214233,
            39.9647133922212
          ]
        ]
      },
      "id": "ROAD-CP-056"
    },
    {
      "type": "Feature",
      "properties": {
        "id": "ROAD-CP-057",
        "layer": "ROAD_CENTERLINE",
        "source_type": "agent_generated_design",
        "confidence": "medium",
        "geometry_role": "design_proposal",
        "road_class": "pedestrian",
        "network_phase": "capillary",
        "conductance": 0.507,
        "name_zh": "智脉毛细连接057",
        "name_en": "Capillary link 057",
        "design_note_zh": "概念建议连通关系，供专业团队深化，不代表工程线位。"
      },
      "geometry": {
        "type": "LineString",
        "coordinates": [
          [
            116.34635354718031,
            39.9646949602566
          ],
          [
            116.34716241745433,
            39.965791456054944
          ]
        ]
      },
      "id": "ROAD-CP-057"
    },
    {
      "type": "Feature",
      "properties": {
        "id": "ROAD-CP-058",
        "layer": "ROAD_CENTERLINE",
        "source_type": "agent_generated_design",
        "confidence": "medium",
        "geometry_role": "design_proposal",
        "road_class": "pedestrian",
        "network_phase": "capillary",
        "conductance": 0.4419,
        "name_zh": "智脉毛细连接058",
        "name_en": "Capillary link 058",
        "design_note_zh": "概念建议连通关系，供专业团队深化，不代表工程线位。"
      },
      "geometry": {
        "type": "LineString",
        "coordinates": [
          [
            116.34963057214233,
            39.9647133922212
          ],
          [
            116.3488009559978,
            39.96580067239167
          ]
        ]
      },
      "id": "ROAD-CP-058"
    },
    {
      "type": "Feature",
      "properties": {
        "id": "ROAD-CP-059",
        "layer": "ROAD_CENTERLINE",
        "source_type": "agent_generated_design",
        "confidence": "medium",
        "geometry_role": "design_proposal",
        "road_class": "pedestrian",
        "network_phase": "capillary",
        "conductance": 0.5003,
        "name_zh": "智脉毛细连接059",
        "name_en": "Capillary link 059",
        "design_note_zh": "概念建议连通关系，供专业团队深化，不代表工程线位。"
      },
      "geometry": {
        "type": "LineString",
        "coordinates": [
          [
            116.34716241745433,
            39.965791456054944
          ],
          [
            116.34633274918392,
            39.9668787179394
          ]
        ]
      },
      "id": "ROAD-CP-059"
    },
    {
      "type": "Feature",
      "properties": {
        "id": "ROAD-CP-060",
        "layer": "ROAD_CENTERLINE",
        "source_type": "agent_generated_design",
        "confidence": "medium",
        "geometry_role": "design_proposal",
        "road_class": "pedestrian",
        "network_phase": "capillary",
        "conductance": 0.4583,
        "name_zh": "智脉毛细连接060",
        "name_en": "Capillary link 060",
        "design_note_zh": "概念建议连通关系，供专业团队深化，不代表工程线位。"
      },
      "geometry": {
        "type": "LineString",
        "coordinates": [
          [
            116.3488009559978,
            39.96580067239167
          ],
          [
            116.34797131341352,
            39.966887946210086
          ]
        ]
      },
      "id": "ROAD-CP-060"
    },
    {
      "type": "Feature",
      "properties": {
        "id": "ROAD-CP-061",
        "layer": "ROAD_CENTERLINE",
        "source_type": "agent_generated_design",
        "confidence": "medium",
        "geometry_role": "design_proposal",
        "road_class": "pedestrian",
        "network_phase": "capillary",
        "conductance": 0.507,
        "name_zh": "智脉毛细连接061",
        "name_en": "Capillary link 061",
        "design_note_zh": "概念建议连通关系，供专业团队深化，不代表工程线位。"
      },
      "geometry": {
        "type": "LineString",
        "coordinates": [
          [
            116.34633274918392,
            39.9668787179394
          ],
          [
            116.34714164438759,
            39.967975213675764
          ]
        ]
      },
      "id": "ROAD-CP-061"
    },
    {
      "type": "Feature",
      "properties": {
        "id": "ROAD-CP-062",
        "layer": "ROAD_CENTERLINE",
        "source_type": "agent_generated_design",
        "confidence": "medium",
        "geometry_role": "design_proposal",
        "road_class": "pedestrian",
        "network_phase": "capillary",
        "conductance": 0.5199,
        "name_zh": "智脉毛细连接062",
        "name_en": "Capillary link 062",
        "design_note_zh": "概念建议连通关系，供专业团队深化，不代表工程线位。"
      },
      "geometry": {
        "type": "LineString",
        "coordinates": [
          [
            116.34797131341352,
            39.966887946210086
          ],
          [
            116.3487802350598,
            39.9679844307214
          ]
        ]
      },
      "id": "ROAD-CP-062"
    },
    {
      "type": "Feature",
      "properties": {
        "id": "ROAD-CP-063",
        "layer": "ROAD_CENTERLINE",
        "source_type": "agent_generated_design",
        "confidence": "medium",
        "geometry_role": "design_proposal",
        "road_class": "pedestrian",
        "network_phase": "capillary",
        "conductance": 0.5552,
        "name_zh": "智脉毛细连接063",
        "name_en": "Capillary link 063",
        "design_note_zh": "概念建议连通关系，供专业团队深化，不代表工程线位。"
      },
      "geometry": {
        "type": "LineString",
        "coordinates": [
          [
            116.34960987839773,
            39.96689715132175
          ],
          [
            116.3487802350598,
            39.9679844307214
          ]
        ]
      },
      "id": "ROAD-CP-063"
    },
    {
      "type": "Feature",
      "properties": {
        "id": "ROAD-CP-064",
        "layer": "ROAD_CENTERLINE",
        "source_type": "agent_generated_design",
        "confidence": "medium",
        "geometry_role": "design_proposal",
        "road_class": "pedestrian",
        "network_phase": "capillary",
        "conductance": 0.5381,
        "name_zh": "智脉毛细连接064",
        "name_en": "Capillary link 064",
        "design_note_zh": "概念建议连通关系，供专业团队深化，不代表工程线位。"
      },
      "geometry": {
        "type": "LineString",
        "coordinates": [
          [
            116.34714164438759,
            39.967975213675764
          ],
          [
            116.34631194891809,
            39.96906247478799
          ]
        ]
      },
      "id": "ROAD-CP-064"
    },
    {
      "type": "Feature",
      "properties": {
        "id": "ROAD-CP-065",
        "layer": "ROAD_CENTERLINE",
        "source_type": "agent_generated_design",
        "confidence": "medium",
        "geometry_role": "design_proposal",
        "road_class": "pedestrian",
        "network_phase": "capillary",
        "conductance": 0.5576,
        "name_zh": "智脉毛细连接065",
        "name_en": "Capillary link 065",
        "design_note_zh": "概念建议连通关系，供专业团队深化，不代表工程线位。"
      },
      "geometry": {
        "type": "LineString",
        "coordinates": [
          [
            116.3487802350598,
            39.9679844307214
          ],
          [
            116.34795056527925,
            39.9690717037685
          ]
        ]
      },
      "id": "ROAD-CP-065"
    },
    {
      "type": "Feature",
      "properties": {
        "id": "ROAD-CP-066",
        "layer": "ROAD_CENTERLINE",
        "source_type": "agent_generated_design",
        "confidence": "medium",
        "geometry_role": "design_proposal",
        "road_class": "pedestrian",
        "network_phase": "capillary",
        "conductance": 0.4709,
        "name_zh": "智脉毛细连接066",
        "name_en": "Capillary link 066",
        "design_note_zh": "概念建议连通关系，供专业团队深化，不代表工程线位。"
      },
      "geometry": {
        "type": "LineString",
        "coordinates": [
          [
            116.3487802350598,
            39.9679844307214
          ],
          [
            116.34958918239506,
            39.96908090958819
          ]
        ]
      },
      "id": "ROAD-CP-066"
    },
    {
      "type": "Feature",
      "properties": {
        "id": "ROAD-CP-067",
        "layer": "ROAD_CENTERLINE",
        "source_type": "agent_generated_design",
        "confidence": "medium",
        "geometry_role": "design_proposal",
        "road_class": "pedestrian",
        "network_phase": "capillary",
        "conductance": 0.568,
        "name_zh": "智脉毛细连接067",
        "name_en": "Capillary link 067",
        "design_note_zh": "概念建议连通关系，供专业团队深化，不代表工程线位。"
      },
      "geometry": {
        "type": "LineString",
        "coordinates": [
          [
            116.34631194891809,
            39.96906247478799
          ],
          [
            116.34712086905412,
            39.97015897046238
          ]
        ]
      },
      "id": "ROAD-CP-067"
    },
    {
      "type": "Feature",
      "properties": {
        "id": "ROAD-CP-068",
        "layer": "ROAD_CENTERLINE",
        "source_type": "agent_generated_design",
        "confidence": "medium",
        "geometry_role": "design_proposal",
        "road_class": "pedestrian",
        "network_phase": "capillary",
        "conductance": 0.5335,
        "name_zh": "智脉毛细连接068",
        "name_en": "Capillary link 068",
        "design_note_zh": "概念建议连通关系，供专业团队深化，不代表工程线位。"
      },
      "geometry": {
        "type": "LineString",
        "coordinates": [
          [
            116.34795056527925,
            39.9690717037685
          ],
          [
            116.34875951186078,
            39.970168188216974
          ]
        ]
      },
      "id": "ROAD-CP-068"
    },
    {
      "type": "Feature",
      "properties": {
        "id": "ROAD-CP-069",
        "layer": "ROAD_CENTERLINE",
        "source_type": "agent_generated_design",
        "confidence": "medium",
        "geometry_role": "design_proposal",
        "road_class": "pedestrian",
        "network_phase": "capillary",
        "conductance": 0.5345,
        "name_zh": "智脉毛细连接069",
        "name_en": "Capillary link 069",
        "design_note_zh": "概念建议连通关系，供专业团队深化，不代表工程线位。"
      },
      "geometry": {
        "type": "LineString",
        "coordinates": [
          [
            116.34958918239506,
            39.96908090958819
          ],
          [
            116.34875951186078,
            39.970168188216974
          ]
        ]
      },
      "id": "ROAD-CP-069"
    },
    {
      "type": "Feature",
      "properties": {
        "id": "ROAD-CP-070",
        "layer": "ROAD_CENTERLINE",
        "source_type": "agent_generated_design",
        "confidence": "medium",
        "geometry_role": "design_proposal",
        "road_class": "pedestrian",
        "network_phase": "capillary",
        "conductance": 0.5622,
        "name_zh": "智脉毛细连接070",
        "name_en": "Capillary link 070",
        "design_note_zh": "概念建议连通关系，供专业团队深化，不代表工程线位。"
      },
      "geometry": {
        "type": "LineString",
        "coordinates": [
          [
            116.34712086905412,
            39.97015897046238
          ],
          [
            116.3462911463826,
            39.97124623080236
          ]
        ]
      },
      "id": "ROAD-CP-070"
    },
    {
      "type": "Feature",
      "properties": {
        "id": "ROAD-CP-071",
        "layer": "ROAD_CENTERLINE",
        "source_type": "agent_generated_design",
        "confidence": "medium",
        "geometry_role": "design_proposal",
        "road_class": "pedestrian",
        "network_phase": "capillary",
        "conductance": 0.5289,
        "name_zh": "智脉毛细连接071",
        "name_en": "Capillary link 071",
        "design_note_zh": "概念建议连通关系，供专业团队深化，不代表工程线位。"
      },
      "geometry": {
        "type": "LineString",
        "coordinates": [
          [
            116.34875951186078,
            39.970168188216974
          ],
          [
            116.3495684841341,
            39.97126466702051
          ]
        ]
      },
      "id": "ROAD-CP-071"
    },
    {
      "type": "Feature",
      "properties": {
        "id": "ROAD-CP-072",
        "layer": "ROAD_CENTERLINE",
        "source_type": "agent_generated_design",
        "confidence": "medium",
        "geometry_role": "design_proposal",
        "road_class": "pedestrian",
        "network_phase": "capillary",
        "conductance": 0.5837,
        "name_zh": "智脉毛细连接072",
        "name_en": "Capillary link 072",
        "design_note_zh": "概念建议连通关系，供专业团队深化，不代表工程线位。"
      },
      "geometry": {
        "type": "LineString",
        "coordinates": [
          [
            116.34792981488096,
            39.97125546049273
          ],
          [
            116.34873878640045,
            39.97235194487839
          ]
        ]
      },
      "id": "ROAD-CP-072"
    },
    {
      "type": "Feature",
      "properties": {
        "id": "ROAD-CP-073",
        "layer": "ROAD_CENTERLINE",
        "source_type": "agent_generated_design",
        "confidence": "medium",
        "geometry_role": "design_proposal",
        "road_class": "pedestrian",
        "network_phase": "capillary",
        "conductance": 0.5834,
        "name_zh": "智脉毛细连接073",
        "name_en": "Capillary link 073",
        "design_note_zh": "概念建议连通关系，供专业团队深化，不代表工程线位。"
      },
      "geometry": {
        "type": "LineString",
        "coordinates": [
          [
            116.3495684841341,
            39.97126466702051
          ],
          [
            116.34873878640045,
            39.97235194487839
          ]
        ]
      },
      "id": "ROAD-CP-073"
    },
    {
      "type": "Feature",
      "properties": {
        "id": "ROAD-CP-074",
        "layer": "ROAD_CENTERLINE",
        "source_type": "agent_generated_design",
        "confidence": "medium",
        "geometry_role": "design_proposal",
        "road_class": "pedestrian",
        "network_phase": "capillary",
        "conductance": 0.6375,
        "name_zh": "智脉毛细连接074",
        "name_en": "Capillary link 074",
        "design_note_zh": "概念建议连通关系，供专业团队深化，不代表工程线位。"
      },
      "geometry": {
        "type": "LineString",
        "coordinates": [
          [
            116.34873878640045,
            39.97235194487839
          ],
          [
            116.34790906221838,
            39.973439216382786
          ]
        ]
      },
      "id": "ROAD-CP-074"
    },
    {
      "type": "Feature",
      "properties": {
        "id": "ROAD-CP-075",
        "layer": "ROAD_CENTERLINE",
        "source_type": "agent_generated_design",
        "confidence": "medium",
        "geometry_role": "design_proposal",
        "road_class": "pedestrian",
        "network_phase": "capillary",
        "conductance": 0.5891,
        "name_zh": "智脉毛细连接075",
        "name_en": "Capillary link 075",
        "design_note_zh": "概念建议连通关系，供专业团队深化，不代表工程线位。"
      },
      "geometry": {
        "type": "LineString",
        "coordinates": [
          [
            116.34873878640045,
            39.97235194487839
          ],
          [
            116.34954778361454,
            39.97344842361869
          ]
        ]
      },
      "id": "ROAD-CP-075"
    },
    {
      "type": "Feature",
      "properties": {
        "id": "ROAD-CP-076",
        "layer": "ROAD_CENTERLINE",
        "source_type": "agent_generated_design",
        "confidence": "medium",
        "geometry_role": "design_proposal",
        "road_class": "pedestrian",
        "network_phase": "capillary",
        "conductance": 0.6138,
        "name_zh": "智脉毛细连接076",
        "name_en": "Capillary link 076",
        "design_note_zh": "概念建议连通关系，供专业团队深化，不代表工程线位。"
      },
      "geometry": {
        "type": "LineString",
        "coordinates": [
          [
            116.34790906221838,
            39.973439216382786
          ],
          [
            116.34871805867857,
            39.97453570070563
          ]
        ]
      },
      "id": "ROAD-CP-076"
    },
    {
      "type": "Feature",
      "properties": {
        "id": "ROAD-CP-077",
        "layer": "ROAD_CENTERLINE",
        "source_type": "agent_generated_design",
        "confidence": "medium",
        "geometry_role": "design_proposal",
        "road_class": "pedestrian",
        "network_phase": "capillary",
        "conductance": 0.6698,
        "name_zh": "智脉毛细连接077",
        "name_en": "Capillary link 077",
        "design_note_zh": "概念建议连通关系，供专业团队深化，不代表工程线位。"
      },
      "geometry": {
        "type": "LineString",
        "coordinates": [
          [
            116.34954778361454,
            39.97344842361869
          ],
          [
            116.34871805867857,
            39.97453570070563
          ]
        ]
      },
      "id": "ROAD-CP-077"
    },
    {
      "type": "Feature",
      "properties": {
        "id": "ROAD-CP-078",
        "layer": "ROAD_CENTERLINE",
        "source_type": "agent_generated_design",
        "confidence": "medium",
        "geometry_role": "design_proposal",
        "road_class": "pedestrian",
        "network_phase": "capillary",
        "conductance": 0.6792,
        "name_zh": "智脉毛细连接078",
        "name_en": "Capillary link 078",
        "design_note_zh": "概念建议连通关系，供专业团队深化，不代表工程线位。"
      },
      "geometry": {
        "type": "LineString",
        "coordinates": [
          [
            116.347079311586,
            39.974526481533005
          ],
          [
            116.3462495345014,
            39.97561374032839
          ]
        ]
      },
      "id": "ROAD-CP-078"
    },
    {
      "type": "Feature",
      "properties": {
        "id": "ROAD-CP-079",
        "layer": "ROAD_CENTERLINE",
        "source_type": "agent_generated_design",
        "confidence": "medium",
        "geometry_role": "design_proposal",
        "road_class": "pedestrian",
        "network_phase": "capillary",
        "conductance": 0.6811,
        "name_zh": "智脉毛细连接079",
        "name_en": "Capillary link 079",
        "design_note_zh": "概念建议连通关系，供专业团队深化，不代表工程线位。"
      },
      "geometry": {
        "type": "LineString",
        "coordinates": [
          [
            116.34871805867857,
            39.97453570070563
          ],
          [
            116.34788830729129,
            39.97562297143862
          ]
        ]
      },
      "id": "ROAD-CP-079"
    },
    {
      "type": "Feature",
      "properties": {
        "id": "ROAD-CP-080",
        "layer": "ROAD_CENTERLINE",
        "source_type": "agent_generated_design",
        "confidence": "medium",
        "geometry_role": "design_proposal",
        "road_class": "pedestrian",
        "network_phase": "capillary",
        "conductance": 0.6047,
        "name_zh": "智脉毛细连接080",
        "name_en": "Capillary link 080",
        "design_note_zh": "概念建议连通关系，供专业团队深化，不代表工程线位。"
      },
      "geometry": {
        "type": "LineString",
        "coordinates": [
          [
            116.34871805867857,
            39.97453570070563
          ],
          [
            116.34952708083611,
            39.97563217938271
          ]
        ]
      },
      "id": "ROAD-CP-080"
    },
    {
      "type": "Feature",
      "properties": {
        "id": "ROAD-CP-081",
        "layer": "ROAD_CENTERLINE",
        "source_type": "agent_generated_design",
        "confidence": "medium",
        "geometry_role": "design_proposal",
        "road_class": "pedestrian",
        "network_phase": "capillary",
        "conductance": 0.7072,
        "name_zh": "智脉毛细连接081",
        "name_en": "Capillary link 081",
        "design_note_zh": "概念建议连通关系，供专业团队深化，不代表工程线位。"
      },
      "geometry": {
        "type": "LineString",
        "coordinates": [
          [
            116.3462495345014,
            39.97561374032839
          ],
          [
            116.34705852945076,
            39.97671023581699
          ]
        ]
      },
      "id": "ROAD-CP-081"
    },
    {
      "type": "Feature",
      "properties": {
        "id": "ROAD-CP-082",
        "layer": "ROAD_CENTERLINE",
        "source_type": "agent_generated_design",
        "confidence": "medium",
        "geometry_role": "design_proposal",
        "road_class": "pedestrian",
        "network_phase": "capillary",
        "conductance": 0.6643,
        "name_zh": "智脉毛细连接082",
        "name_en": "Capillary link 082",
        "design_note_zh": "概念建议连通关系，供专业团队深化，不代表工程线位。"
      },
      "geometry": {
        "type": "LineString",
        "coordinates": [
          [
            116.34788830729129,
            39.97562297143862
          ],
          [
            116.34869732869481,
            39.976719455698685
          ]
        ]
      },
      "id": "ROAD-CP-082"
    },
    {
      "type": "Feature",
      "properties": {
        "id": "ROAD-CP-083",
        "layer": "ROAD_CENTERLINE",
        "source_type": "agent_generated_design",
        "confidence": "medium",
        "geometry_role": "design_proposal",
        "road_class": "pedestrian",
        "network_phase": "capillary",
        "conductance": 0.6298,
        "name_zh": "智脉毛细连接083",
        "name_en": "Capillary link 083",
        "design_note_zh": "概念建议连通关系，供专业团队深化，不代表工程线位。"
      },
      "geometry": {
        "type": "LineString",
        "coordinates": [
          [
            116.34952708083611,
            39.97563217938271
          ],
          [
            116.34869732869481,
            39.976719455698685
          ]
        ]
      },
      "id": "ROAD-CP-083"
    },
    {
      "type": "Feature",
      "properties": {
        "id": "ROAD-CP-084",
        "layer": "ROAD_CENTERLINE",
        "source_type": "agent_generated_design",
        "confidence": "medium",
        "geometry_role": "design_proposal",
        "road_class": "pedestrian",
        "network_phase": "capillary",
        "conductance": 0.6803,
        "name_zh": "智脉毛细连接084",
        "name_en": "Capillary link 084",
        "design_note_zh": "概念建议连通关系，供专业团队深化，不代表工程线位。"
      },
      "geometry": {
        "type": "LineString",
        "coordinates": [
          [
            116.34869732869481,
            39.976719455698685
          ],
          [
            116.34786755009932,
            39.97780672566026
          ]
        ]
      },
      "id": "ROAD-CP-084"
    },
    {
      "type": "Feature",
      "properties": {
        "id": "ROAD-CP-085",
        "layer": "ROAD_CENTERLINE",
        "source_type": "agent_generated_design",
        "confidence": "medium",
        "geometry_role": "design_proposal",
        "road_class": "pedestrian",
        "network_phase": "capillary",
        "conductance": 0.6127,
        "name_zh": "智脉毛细连接085",
        "name_en": "Capillary link 085",
        "design_note_zh": "概念建议连通关系，供专业团队深化，不代表工程线位。"
      },
      "geometry": {
        "type": "LineString",
        "coordinates": [
          [
            116.34869732869481,
            39.976719455698685
          ],
          [
            116.34950637579854,
            39.97781593431255
          ]
        ]
      },
      "id": "ROAD-CP-085"
    },
    {
      "type": "Feature",
      "properties": {
        "id": "ROAD-CP-086",
        "layer": "ROAD_CENTERLINE",
        "source_type": "agent_generated_design",
        "confidence": "medium",
        "geometry_role": "design_proposal",
        "road_class": "pedestrian",
        "network_phase": "capillary",
        "conductance": 0.6696,
        "name_zh": "智脉毛细连接086",
        "name_en": "Capillary link 086",
        "design_note_zh": "概念建议连通关系，供专业团队深化，不代表工程线位。"
      },
      "geometry": {
        "type": "LineString",
        "coordinates": [
          [
            116.34786755009932,
            39.97780672566026
          ],
          [
            116.34867659644895,
            39.97890320985756
          ]
        ]
      },
      "id": "ROAD-CP-086"
    },
    {
      "type": "Feature",
      "properties": {
        "id": "ROAD-CP-087",
        "layer": "ROAD_CENTERLINE",
        "source_type": "agent_generated_design",
        "confidence": "medium",
        "geometry_role": "design_proposal",
        "road_class": "pedestrian",
        "network_phase": "capillary",
        "conductance": 0.6196,
        "name_zh": "智脉毛细连接087",
        "name_en": "Capillary link 087",
        "design_note_zh": "概念建议连通关系，供专业团队深化，不代表工程线位。"
      },
      "geometry": {
        "type": "LineString",
        "coordinates": [
          [
            116.34950637579854,
            39.97781593431255
          ],
          [
            116.34867659644895,
            39.97890320985756
          ]
        ]
      },
      "id": "ROAD-CP-087"
    },
    {
      "type": "Feature",
      "properties": {
        "id": "ROAD-CP-088",
        "layer": "ROAD_CENTERLINE",
        "source_type": "agent_generated_design",
        "confidence": "medium",
        "geometry_role": "design_proposal",
        "road_class": "pedestrian",
        "network_phase": "capillary",
        "conductance": 0.7436,
        "name_zh": "智脉毛细连接088",
        "name_en": "Capillary link 088",
        "design_note_zh": "概念建议连通关系，供专业团队深化，不代表工程线位。"
      },
      "geometry": {
        "type": "LineString",
        "coordinates": [
          [
            116.34703774504771,
            39.97889398926672
          ],
          [
            116.34620791353811,
            39.9799812465174
          ]
        ]
      },
      "id": "ROAD-CP-088"
    },
    {
      "type": "Feature",
      "properties": {
        "id": "ROAD-CP-089",
        "layer": "ROAD_CENTERLINE",
        "source_type": "agent_generated_design",
        "confidence": "medium",
        "geometry_role": "design_proposal",
        "road_class": "pedestrian",
        "network_phase": "capillary",
        "conductance": 0.6925,
        "name_zh": "智脉毛细连接089",
        "name_en": "Capillary link 089",
        "design_note_zh": "概念建议连通关系，供专业团队深化，不代表工程线位。"
      },
      "geometry": {
        "type": "LineString",
        "coordinates": [
          [
            116.34867659644895,
            39.97890320985756
          ],
          [
            116.34784679064225,
            39.979990479047665
          ]
        ]
      },
      "id": "ROAD-CP-089"
    },
    {
      "type": "Feature",
      "properties": {
        "id": "ROAD-CP-090",
        "layer": "ROAD_CENTERLINE",
        "source_type": "agent_generated_design",
        "confidence": "medium",
        "geometry_role": "design_proposal",
        "road_class": "pedestrian",
        "network_phase": "capillary",
        "conductance": 0.5921,
        "name_zh": "智脉毛细连接090",
        "name_en": "Capillary link 090",
        "design_note_zh": "概念建议连通关系，供专业团队深化，不代表工程线位。"
      },
      "geometry": {
        "type": "LineString",
        "coordinates": [
          [
            116.34867659644895,
            39.97890320985756
          ],
          [
            116.34948566850154,
            39.97999968840822
          ]
        ]
      },
      "id": "ROAD-CP-090"
    },
    {
      "type": "Feature",
      "properties": {
        "id": "ROAD-CP-091",
        "layer": "ROAD_CENTERLINE",
        "source_type": "agent_generated_design",
        "confidence": "medium",
        "geometry_role": "design_proposal",
        "road_class": "pedestrian",
        "network_phase": "capillary",
        "conductance": 0.7621,
        "name_zh": "智脉毛细连接091",
        "name_en": "Capillary link 091",
        "design_note_zh": "概念建议连通关系，供专业团队深化，不代表工程线位。"
      },
      "geometry": {
        "type": "LineString",
        "coordinates": [
          [
            116.34620791353811,
            39.9799812465174
          ],
          [
            116.34701695837657,
            39.981077741882196
          ]
        ]
      },
      "id": "ROAD-CP-091"
    },
    {
      "type": "Feature",
      "properties": {
        "id": "ROAD-CP-092",
        "layer": "ROAD_CENTERLINE",
        "source_type": "agent_generated_design",
        "confidence": "medium",
        "geometry_role": "design_proposal",
        "road_class": "pedestrian",
        "network_phase": "capillary",
        "conductance": 0.6017,
        "name_zh": "智脉毛细连接092",
        "name_en": "Capillary link 092",
        "design_note_zh": "概念建议连通关系，供专业团队深化，不代表工程线位。"
      },
      "geometry": {
        "type": "LineString",
        "coordinates": [
          [
            116.34784679064225,
            39.979990479047665
          ],
          [
            116.34865586194068,
            39.98108696318221
          ]
        ]
      },
      "id": "ROAD-CP-092"
    },
    {
      "type": "Feature",
      "properties": {
        "id": "ROAD-CP-093",
        "layer": "ROAD_CENTERLINE",
        "source_type": "agent_generated_design",
        "confidence": "medium",
        "geometry_role": "design_proposal",
        "road_class": "pedestrian",
        "network_phase": "capillary",
        "conductance": 0.5813,
        "name_zh": "智脉毛细连接093",
        "name_en": "Capillary link 093",
        "design_note_zh": "概念建议连通关系，供专业团队深化，不代表工程线位。"
      },
      "geometry": {
        "type": "LineString",
        "coordinates": [
          [
            116.34948566850154,
            39.97999968840822
          ],
          [
            116.34865586194068,
            39.98108696318221
          ]
        ]
      },
      "id": "ROAD-CP-093"
    },
    {
      "type": "Feature",
      "properties": {
        "id": "ROAD-CP-094",
        "layer": "ROAD_CENTERLINE",
        "source_type": "agent_generated_design",
        "confidence": "medium",
        "geometry_role": "design_proposal",
        "road_class": "pedestrian",
        "network_phase": "capillary",
        "conductance": 0.7674,
        "name_zh": "智脉毛细连接094",
        "name_en": "Capillary link 094",
        "design_note_zh": "概念建议连通关系，供专业团队深化，不代表工程线位。"
      },
      "geometry": {
        "type": "LineString",
        "coordinates": [
          [
            116.34701695837657,
            39.981077741882196
          ],
          [
            116.34618709964998,
            39.98216499836048
          ]
        ]
      },
      "id": "ROAD-CP-094"
    },
    {
      "type": "Feature",
      "properties": {
        "id": "ROAD-CP-095",
        "layer": "ROAD_CENTERLINE",
        "source_type": "agent_generated_design",
        "confidence": "medium",
        "geometry_role": "design_proposal",
        "road_class": "pedestrian",
        "network_phase": "capillary",
        "conductance": 0.8609,
        "name_zh": "智脉毛细连接095",
        "name_en": "Capillary link 095",
        "design_note_zh": "概念建议连通关系，供专业团队深化，不代表工程线位。"
      },
      "geometry": {
        "type": "LineString",
        "coordinates": [
          [
            116.34865586194068,
            39.98108696318221
          ],
          [
            116.34782602891981,
            39.98217423160084
          ]
        ]
      },
      "id": "ROAD-CP-095"
    },
    {
      "type": "Feature",
      "properties": {
        "id": "ROAD-CP-096",
        "layer": "ROAD_CENTERLINE",
        "source_type": "agent_generated_design",
        "confidence": "medium",
        "geometry_role": "design_proposal",
        "road_class": "pedestrian",
        "network_phase": "capillary",
        "conductance": 0.7964,
        "name_zh": "智脉毛细连接096",
        "name_en": "Capillary link 096",
        "design_note_zh": "概念建议连通关系，供专业团队深化，不代表工程线位。"
      },
      "geometry": {
        "type": "LineString",
        "coordinates": [
          [
            116.34618709964998,
            39.98216499836048
          ],
          [
            116.34699616943705,
            39.98326149366341
          ]
        ]
      },
      "id": "ROAD-CP-096"
    },
    {
      "type": "Feature",
      "properties": {
        "id": "ROAD-CP-097",
        "layer": "ROAD_CENTERLINE",
        "source_type": "agent_generated_design",
        "confidence": "medium",
        "geometry_role": "design_proposal",
        "road_class": "pedestrian",
        "network_phase": "capillary",
        "conductance": 0.8615,
        "name_zh": "智脉毛细连接097",
        "name_en": "Capillary link 097",
        "design_note_zh": "概念建议连通关系，供专业团队深化，不代表工程线位。"
      },
      "geometry": {
        "type": "LineString",
        "coordinates": [
          [
            116.34782602891981,
            39.98217423160084
          ],
          [
            116.34863512516975,
            39.98327071567265
          ]
        ]
      },
      "id": "ROAD-CP-097"
    },
    {
      "type": "Feature",
      "properties": {
        "id": "ROAD-CP-098",
        "layer": "ROAD_CENTERLINE",
        "source_type": "agent_generated_design",
        "confidence": "medium",
        "geometry_role": "design_proposal",
        "road_class": "pedestrian",
        "network_phase": "capillary",
        "conductance": 0.35,
        "name_zh": "智脉毛细连接098",
        "name_en": "Capillary link 098",
        "design_note_zh": "概念建议连通关系，供专业团队深化，不代表工程线位。"
      },
      "geometry": {
        "type": "LineString",
        "coordinates": [
          [
            116.34371826024226,
            39.98324298012786
          ],
          [
            116.34452730280651,
            39.984339492245525
          ]
        ]
      },
      "id": "ROAD-CP-098"
    },
    {
      "type": "Feature",
      "properties": {
        "id": "ROAD-CP-099",
        "layer": "ROAD_CENTERLINE",
        "source_type": "agent_generated_design",
        "confidence": "medium",
        "geometry_role": "design_proposal",
        "road_class": "pedestrian",
        "network_phase": "capillary",
        "conductance": 0.8012,
        "name_zh": "智脉毛细连接099",
        "name_en": "Capillary link 099",
        "design_note_zh": "概念建议连通关系，供专业团队深化，不代表工程线位。"
      },
      "geometry": {
        "type": "LineString",
        "coordinates": [
          [
            116.34699616943705,
            39.98326149366341
          ],
          [
            116.34616628349052,
            39.98434874936927
          ]
        ]
      },
      "id": "ROAD-CP-099"
    },
    {
      "type": "Feature",
      "properties": {
        "id": "ROAD-CP-100",
        "layer": "ROAD_CENTERLINE",
        "source_type": "agent_generated_design",
        "confidence": "medium",
        "geometry_role": "design_proposal",
        "road_class": "pedestrian",
        "network_phase": "capillary",
        "conductance": 0.6204,
        "name_zh": "智脉毛细连接100",
        "name_en": "Capillary link 100",
        "design_note_zh": "概念建议连通关系，供专业团队深化，不代表工程线位。"
      },
      "geometry": {
        "type": "LineString",
        "coordinates": [
          [
            116.34863512516975,
            39.98327071567265
          ],
          [
            116.34780526493172,
            39.98435798331976
          ]
        ]
      },
      "id": "ROAD-CP-100"
    },
    {
      "type": "Feature",
      "properties": {
        "id": "ROAD-CP-101",
        "layer": "ROAD_CENTERLINE",
        "source_type": "agent_generated_design",
        "confidence": "medium",
        "geometry_role": "design_proposal",
        "road_class": "pedestrian",
        "network_phase": "capillary",
        "conductance": 0.649,
        "name_zh": "智脉毛细连接101",
        "name_en": "Capillary link 101",
        "design_note_zh": "概念建议连通关系，供专业团队深化，不代表工程线位。"
      },
      "geometry": {
        "type": "LineString",
        "coordinates": [
          [
            116.34863512516975,
            39.98327071567265
          ],
          [
            116.34944424712823,
            39.984367194096976
          ]
        ]
      },
      "id": "ROAD-CP-101"
    },
    {
      "type": "Feature",
      "properties": {
        "id": "ROAD-CP-102",
        "layer": "ROAD_CENTERLINE",
        "source_type": "agent_generated_design",
        "confidence": "medium",
        "geometry_role": "design_proposal",
        "road_class": "pedestrian",
        "network_phase": "capillary",
        "conductance": 0.3027,
        "name_zh": "智脉毛细连接102",
        "name_en": "Capillary link 102",
        "design_note_zh": "概念建议连通关系，供专业团队深化，不代表工程线位。"
      },
      "geometry": {
        "type": "LineString",
        "coordinates": [
          [
            116.34288832288162,
            39.98433021194856
          ],
          [
            116.34369736468587,
            39.985426729650925
          ]
        ]
      },
      "id": "ROAD-CP-102"
    },
    {
      "type": "Feature",
      "properties": {
        "id": "ROAD-CP-103",
        "layer": "ROAD_CENTERLINE",
        "source_type": "agent_generated_design",
        "confidence": "medium",
        "geometry_role": "design_proposal",
        "road_class": "pedestrian",
        "network_phase": "capillary",
        "conductance": 0.3855,
        "name_zh": "智脉毛细连接103",
        "name_en": "Capillary link 103",
        "design_note_zh": "概念建议连通关系，供专业团队深化，不代表工程线位。"
      },
      "geometry": {
        "type": "LineString",
        "coordinates": [
          [
            116.34452730280651,
            39.984339492245525
          ],
          [
            116.34533637107829,
            39.98543599871771
          ]
        ]
      },
      "id": "ROAD-CP-103"
    },
    {
      "type": "Feature",
      "properties": {
        "id": "ROAD-CP-104",
        "layer": "ROAD_CENTERLINE",
        "source_type": "agent_generated_design",
        "confidence": "medium",
        "geometry_role": "design_proposal",
        "road_class": "pedestrian",
        "network_phase": "capillary",
        "conductance": 0.5614,
        "name_zh": "智脉毛细连接104",
        "name_en": "Capillary link 104",
        "design_note_zh": "概念建议连通关系，供专业团队深化，不代表工程线位。"
      },
      "geometry": {
        "type": "LineString",
        "coordinates": [
          [
            116.34616628349052,
            39.98434874936927
          ],
          [
            116.34533637107829,
            39.98543599871771
          ]
        ]
      },
      "id": "ROAD-CP-104"
    },
    {
      "type": "Feature",
      "properties": {
        "id": "ROAD-CP-105",
        "layer": "ROAD_CENTERLINE",
        "source_type": "agent_generated_design",
        "confidence": "medium",
        "geometry_role": "design_proposal",
        "road_class": "pedestrian",
        "network_phase": "capillary",
        "conductance": 0.6448,
        "name_zh": "智脉毛细连接105",
        "name_en": "Capillary link 105",
        "design_note_zh": "概念建议连通关系，供专业团队深化，不代表工程线位。"
      },
      "geometry": {
        "type": "LineString",
        "coordinates": [
          [
            116.34616628349052,
            39.98434874936927
          ],
          [
            116.3469753782289,
            39.98544524461036
          ]
        ]
      },
      "id": "ROAD-CP-105"
    },
    {
      "type": "Feature",
      "properties": {
        "id": "ROAD-CP-106",
        "layer": "ROAD_CENTERLINE",
        "source_type": "agent_generated_design",
        "confidence": "medium",
        "geometry_role": "design_proposal",
        "road_class": "pedestrian",
        "network_phase": "capillary",
        "conductance": 0.6662,
        "name_zh": "智脉毛细连接106",
        "name_en": "Capillary link 106",
        "design_note_zh": "概念建议连通关系，供专业团队深化，不代表工程线位。"
      },
      "geometry": {
        "type": "LineString",
        "coordinates": [
          [
            116.34780526493172,
            39.98435798331976
          ],
          [
            116.34861438613584,
            39.98545446732886
          ]
        ]
      },
      "id": "ROAD-CP-106"
    },
    {
      "type": "Feature",
      "properties": {
        "id": "ROAD-CP-107",
        "layer": "ROAD_CENTERLINE",
        "source_type": "agent_generated_design",
        "confidence": "medium",
        "geometry_role": "design_proposal",
        "road_class": "pedestrian",
        "network_phase": "capillary",
        "conductance": 0.4963,
        "name_zh": "智脉毛细连接107",
        "name_en": "Capillary link 107",
        "design_note_zh": "概念建议连通关系，供专业团队深化，不代表工程线位。"
      },
      "geometry": {
        "type": "LineString",
        "coordinates": [
          [
            116.34944424712823,
            39.984367194096976
          ],
          [
            116.34861438613584,
            39.98545446732886
          ]
        ]
      },
      "id": "ROAD-CP-107"
    },
    {
      "type": "Feature",
      "properties": {
        "id": "ROAD-CP-108",
        "layer": "ROAD_CENTERLINE",
        "source_type": "agent_generated_design",
        "confidence": "medium",
        "geometry_role": "design_proposal",
        "road_class": "pedestrian",
        "network_phase": "capillary",
        "conductance": 0.4589,
        "name_zh": "智脉毛细连接108",
        "name_en": "Capillary link 108",
        "design_note_zh": "概念建议连通关系，供专业团队深化，不代表工程线位。"
      },
      "geometry": {
        "type": "LineString",
        "coordinates": [
          [
            116.34944424712823,
            39.984367194096976
          ],
          [
            116.35025339479719,
            39.98546366687316
          ]
        ]
      },
      "id": "ROAD-CP-108"
    },
    {
      "type": "Feature",
      "properties": {
        "id": "ROAD-CP-109",
        "layer": "ROAD_CENTERLINE",
        "source_type": "agent_generated_design",
        "confidence": "medium",
        "geometry_role": "design_proposal",
        "road_class": "pedestrian",
        "network_phase": "capillary",
        "conductance": 0.3616,
        "name_zh": "智脉毛细连接109",
        "name_en": "Capillary link 109",
        "design_note_zh": "概念建议连通关系，供专业团队深化，不代表工程线位。"
      },
      "geometry": {
        "type": "LineString",
        "coordinates": [
          [
            116.34369736468587,
            39.985426729650925
          ],
          [
            116.34450643219847,
            39.986523241708056
          ]
        ]
      },
      "id": "ROAD-CP-109"
    },
    {
      "type": "Feature",
      "properties": {
        "id": "ROAD-CP-110",
        "layer": "ROAD_CENTERLINE",
        "source_type": "agent_generated_design",
        "confidence": "medium",
        "geometry_role": "design_proposal",
        "road_class": "pedestrian",
        "network_phase": "capillary",
        "conductance": 0.388,
        "name_zh": "智脉毛细连接110",
        "name_en": "Capillary link 110",
        "design_note_zh": "概念建议连通关系，供专业团队深化，不代表工程线位。"
      },
      "geometry": {
        "type": "LineString",
        "coordinates": [
          [
            116.34533637107829,
            39.98543599871771
          ],
          [
            116.34450643219847,
            39.986523241708056
          ]
        ]
      },
      "id": "ROAD-CP-110"
    },
    {
      "type": "Feature",
      "properties": {
        "id": "ROAD-CP-111",
        "layer": "ROAD_CENTERLINE",
        "source_type": "agent_generated_design",
        "confidence": "medium",
        "geometry_role": "design_proposal",
        "road_class": "pedestrian",
        "network_phase": "capillary",
        "conductance": 0.6371,
        "name_zh": "智脉毛细连接111",
        "name_en": "Capillary link 111",
        "design_note_zh": "概念建议连通关系，供专业团队深化，不代表工程线位。"
      },
      "geometry": {
        "type": "LineString",
        "coordinates": [
          [
            116.34533637107829,
            39.98543599871771
          ],
          [
            116.34614546505942,
            39.986532499543756
          ]
        ]
      },
      "id": "ROAD-CP-111"
    },
    {
      "type": "Feature",
      "properties": {
        "id": "ROAD-CP-112",
        "layer": "ROAD_CENTERLINE",
        "source_type": "agent_generated_design",
        "confidence": "medium",
        "geometry_role": "design_proposal",
        "road_class": "pedestrian",
        "network_phase": "capillary",
        "conductance": 0.6274,
        "name_zh": "智脉毛细连接112",
        "name_en": "Capillary link 112",
        "design_note_zh": "概念建议连通关系，供专业团队深化，不代表工程线位。"
      },
      "geometry": {
        "type": "LineString",
        "coordinates": [
          [
            116.3469753782289,
            39.98544524461036
          ],
          [
            116.34614546505942,
            39.986532499543756
          ]
        ]
      },
      "id": "ROAD-CP-112"
    },
    {
      "type": "Feature",
      "properties": {
        "id": "ROAD-CP-113",
        "layer": "ROAD_CENTERLINE",
        "source_type": "agent_generated_design",
        "confidence": "medium",
        "geometry_role": "design_proposal",
        "road_class": "pedestrian",
        "network_phase": "capillary",
        "conductance": 0.6657,
        "name_zh": "智脉毛细连接113",
        "name_en": "Capillary link 113",
        "design_note_zh": "概念建议连通关系，供专业团队深化，不代表工程线位。"
      },
      "geometry": {
        "type": "LineString",
        "coordinates": [
          [
            116.34861438613584,
            39.98545446732886
          ],
          [
            116.34778449867767,
            39.98654173420443
          ]
        ]
      },
      "id": "ROAD-CP-113"
    },
    {
      "type": "Feature",
      "properties": {
        "id": "ROAD-CP-114",
        "layer": "ROAD_CENTERLINE",
        "source_type": "agent_generated_design",
        "confidence": "medium",
        "geometry_role": "design_proposal",
        "road_class": "pedestrian",
        "network_phase": "capillary",
        "conductance": 0.505,
        "name_zh": "智脉毛细连接114",
        "name_en": "Capillary link 114",
        "design_note_zh": "概念建议连通关系，供专业团队深化，不代表工程线位。"
      },
      "geometry": {
        "type": "LineString",
        "coordinates": [
          [
            116.34861438613584,
            39.98545446732886
          ],
          [
            116.34942353305135,
            39.98655094569003
          ]
        ]
      },
      "id": "ROAD-CP-114"
    },
    {
      "type": "Feature",
      "properties": {
        "id": "ROAD-CP-115",
        "layer": "ROAD_CENTERLINE",
        "source_type": "agent_generated_design",
        "confidence": "medium",
        "geometry_role": "design_proposal",
        "road_class": "pedestrian",
        "network_phase": "capillary",
        "conductance": 0.3058,
        "name_zh": "智脉毛细连接115",
        "name_en": "Capillary link 115",
        "design_note_zh": "概念建议连通关系，供专业团队深化，不代表工程线位。"
      },
      "geometry": {
        "type": "LineString",
        "coordinates": [
          [
            116.35025339479719,
            39.98546366687316
          ],
          [
            116.3510625681785,
            39.98656013400054
          ]
        ]
      },
      "id": "ROAD-CP-115"
    },
    {
      "type": "Feature",
      "properties": {
        "id": "ROAD-CP-116",
        "layer": "ROAD_CENTERLINE",
        "source_type": "agent_generated_design",
        "confidence": "medium",
        "geometry_role": "design_proposal",
        "road_class": "pedestrian",
        "network_phase": "capillary",
        "conductance": 0.5124,
        "name_zh": "智脉毛细连接116",
        "name_en": "Capillary link 116",
        "design_note_zh": "概念建议连通关系，供专业团队深化，不代表工程线位。"
      },
      "geometry": {
        "type": "LineString",
        "coordinates": [
          [
            116.34450643219847,
            39.986523241708056
          ],
          [
            116.34531552542134,
            39.98761974811928
          ]
        ]
      },
      "id": "ROAD-CP-116"
    },
    {
      "type": "Feature",
      "properties": {
        "id": "ROAD-CP-117",
        "layer": "ROAD_CENTERLINE",
        "source_type": "agent_generated_design",
        "confidence": "medium",
        "geometry_role": "design_proposal",
        "road_class": "pedestrian",
        "network_phase": "capillary",
        "conductance": 0.387,
        "name_zh": "智脉毛细连接117",
        "name_en": "Capillary link 117",
        "design_note_zh": "概念建议连通关系，供专业团队深化，不代表工程线位。"
      },
      "geometry": {
        "type": "LineString",
        "coordinates": [
          [
            116.34614546505942,
            39.986532499543756
          ],
          [
            116.34531552542134,
            39.98761974811928
          ]
        ]
      },
      "id": "ROAD-CP-117"
    },
    {
      "type": "Feature",
      "properties": {
        "id": "ROAD-CP-118",
        "layer": "ROAD_CENTERLINE",
        "source_type": "agent_generated_design",
        "confidence": "medium",
        "geometry_role": "design_proposal",
        "road_class": "pedestrian",
        "network_phase": "capillary",
        "conductance": 0.7888,
        "name_zh": "智脉毛细连接118",
        "name_en": "Capillary link 118",
        "design_note_zh": "概念建议连通关系，供专业团队深化，不代表工程线位。"
      },
      "geometry": {
        "type": "LineString",
        "coordinates": [
          [
            116.34614546505942,
            39.986532499543756
          ],
          [
            116.34695458475183,
            39.98762899472302
          ]
        ]
      },
      "id": "ROAD-CP-118"
    },
    {
      "type": "Feature",
      "properties": {
        "id": "ROAD-CP-119",
        "layer": "ROAD_CENTERLINE",
        "source_type": "agent_generated_design",
        "confidence": "medium",
        "geometry_role": "design_proposal",
        "road_class": "pedestrian",
        "network_phase": "capillary",
        "conductance": 0.6931,
        "name_zh": "智脉毛细连接119",
        "name_en": "Capillary link 119",
        "design_note_zh": "概念建议连通关系，供专业团队深化，不代表工程线位。"
      },
      "geometry": {
        "type": "LineString",
        "coordinates": [
          [
            116.34778449867767,
            39.98654173420443
          ],
          [
            116.34859364483873,
            39.98763821815081
          ]
        ]
      },
      "id": "ROAD-CP-119"
    },
    {
      "type": "Feature",
      "properties": {
        "id": "ROAD-CP-120",
        "layer": "ROAD_CENTERLINE",
        "source_type": "agent_generated_design",
        "confidence": "medium",
        "geometry_role": "design_proposal",
        "road_class": "pedestrian",
        "network_phase": "capillary",
        "conductance": 0.3344,
        "name_zh": "智脉毛细连接120",
        "name_en": "Capillary link 120",
        "design_note_zh": "概念建议连通关系，供专业团队深化，不代表工程线位。"
      },
      "geometry": {
        "type": "LineString",
        "coordinates": [
          [
            116.34942353305135,
            39.98655094569003
          ],
          [
            116.35023270568011,
            39.98764741840263
          ]
        ]
      },
      "id": "ROAD-CP-120"
    },
    {
      "type": "Feature",
      "properties": {
        "id": "ROAD-CP-121",
        "layer": "ROAD_CENTERLINE",
        "source_type": "agent_generated_design",
        "confidence": "medium",
        "geometry_role": "design_proposal",
        "road_class": "pedestrian",
        "network_phase": "capillary",
        "conductance": 0.3952,
        "name_zh": "智脉毛细连接121",
        "name_en": "Capillary link 121",
        "design_note_zh": "概念建议连通关系，供专业团队深化，不代表工程线位。"
      },
      "geometry": {
        "type": "LineString",
        "coordinates": [
          [
            116.3510625681785,
            39.98656013400054
          ],
          [
            116.35023270568011,
            39.98764741840263
          ]
        ]
      },
      "id": "ROAD-CP-121"
    },
    {
      "type": "Feature",
      "properties": {
        "id": "ROAD-CP-122",
        "layer": "ROAD_CENTERLINE",
        "source_type": "agent_generated_design",
        "confidence": "medium",
        "geometry_role": "design_proposal",
        "road_class": "pedestrian",
        "network_phase": "capillary",
        "conductance": 0.2929,
        "name_zh": "智脉毛细连接122",
        "name_en": "Capillary link 122",
        "design_note_zh": "概念建议连通关系，供专业团队深化，不代表工程线位。"
      },
      "geometry": {
        "type": "LineString",
        "coordinates": [
          [
            116.34367646684916,
            39.98761047833964
          ],
          [
            116.34448555931279,
            39.98870699033623
          ]
        ]
      },
      "id": "ROAD-CP-122"
    },
    {
      "type": "Feature",
      "properties": {
        "id": "ROAD-CP-123",
        "layer": "ROAD_CENTERLINE",
        "source_type": "agent_generated_design",
        "confidence": "medium",
        "geometry_role": "design_proposal",
        "road_class": "pedestrian",
        "network_phase": "capillary",
        "conductance": 0.2911,
        "name_zh": "智脉毛细连接123",
        "name_en": "Capillary link 123",
        "design_note_zh": "概念建议连通关系，供专业团队深化，不代表工程线位。"
      },
      "geometry": {
        "type": "LineString",
        "coordinates": [
          [
            116.34531552542134,
            39.98761974811928
          ],
          [
            116.34695458475183,
            39.98762899472302
          ]
        ]
      },
      "id": "ROAD-CP-123"
    },
    {
      "type": "Feature",
      "properties": {
        "id": "ROAD-CP-124",
        "layer": "ROAD_CENTERLINE",
        "source_type": "agent_generated_design",
        "confidence": "medium",
        "geometry_role": "design_proposal",
        "road_class": "pedestrian",
        "network_phase": "capillary",
        "conductance": 0.6167,
        "name_zh": "智脉毛细连接124",
        "name_en": "Capillary link 124",
        "design_note_zh": "概念建议连通关系，供专业团队深化，不代表工程线位。"
      },
      "geometry": {
        "type": "LineString",
        "coordinates": [
          [
            116.34531552542134,
            39.98761974811928
          ],
          [
            116.34612464435642,
            39.98871624888393
          ]
        ]
      },
      "id": "ROAD-CP-124"
    },
    {
      "type": "Feature",
      "properties": {
        "id": "ROAD-CP-125",
        "layer": "ROAD_CENTERLINE",
        "source_type": "agent_generated_design",
        "confidence": "medium",
        "geometry_role": "design_proposal",
        "road_class": "pedestrian",
        "network_phase": "capillary",
        "conductance": 0.5009,
        "name_zh": "智脉毛细连接125",
        "name_en": "Capillary link 125",
        "design_note_zh": "概念建议连通关系，供专业团队深化，不代表工程线位。"
      },
      "geometry": {
        "type": "LineString",
        "coordinates": [
          [
            116.35023270568011,
            39.98764741840263
          ],
          [
            116.34940281671395,
            39.988734696448866
          ]
        ]
      },
      "id": "ROAD-CP-125"
    },
    {
      "type": "Feature",
      "properties": {
        "id": "ROAD-CP-126",
        "layer": "ROAD_CENTERLINE",
        "source_type": "agent_generated_design",
        "confidence": "medium",
        "geometry_role": "design_proposal",
        "road_class": "pedestrian",
        "network_phase": "capillary",
        "conductance": 0.2752,
        "name_zh": "智脉毛细连接126",
        "name_en": "Capillary link 126",
        "design_note_zh": "概念建议连通关系，供专业团队深化，不代表工程线位。"
      },
      "geometry": {
        "type": "LineString",
        "coordinates": [
          [
            116.34612464435642,
            39.98871624888393
          ],
          [
            116.34529467748953,
            39.9898034966865
          ]
        ]
      },
      "id": "ROAD-CP-126"
    },
    {
      "type": "Feature",
      "properties": {
        "id": "ROAD-CP-127",
        "layer": "ROAD_CENTERLINE",
        "source_type": "agent_generated_design",
        "confidence": "medium",
        "geometry_role": "design_proposal",
        "road_class": "pedestrian",
        "network_phase": "capillary",
        "conductance": 0.6328,
        "name_zh": "智脉毛细连接127",
        "name_en": "Capillary link 127",
        "design_note_zh": "概念建议连通关系，供专业团队深化，不代表工程线位。"
      },
      "geometry": {
        "type": "LineString",
        "coordinates": [
          [
            116.34776373015742,
            39.98872548425482
          ],
          [
            116.34940281671395,
            39.988734696448866
          ]
        ]
      },
      "id": "ROAD-CP-127"
    },
    {
      "type": "Feature",
      "properties": {
        "id": "ROAD-CP-128",
        "layer": "ROAD_CENTERLINE",
        "source_type": "agent_generated_design",
        "confidence": "medium",
        "geometry_role": "design_proposal",
        "road_class": "pedestrian",
        "network_phase": "capillary",
        "conductance": 0.5518,
        "name_zh": "智脉毛细连接128",
        "name_en": "Capillary link 128",
        "design_note_zh": "概念建议连通关系，供专业团队深化，不代表工程线位。"
      },
      "geometry": {
        "type": "LineString",
        "coordinates": [
          [
            116.34776373015742,
            39.98872548425482
          ],
          [
            116.3485729012781,
            39.98982196813852
          ]
        ]
      },
      "id": "ROAD-CP-128"
    },
    {
      "type": "Feature",
      "properties": {
        "id": "ROAD-CP-129",
        "layer": "ROAD_CENTERLINE",
        "source_type": "agent_generated_design",
        "confidence": "medium",
        "geometry_role": "design_proposal",
        "road_class": "pedestrian",
        "network_phase": "capillary",
        "conductance": 0.3072,
        "name_zh": "智脉毛细连接129",
        "name_en": "Capillary link 129",
        "design_note_zh": "概念建议连通关系，供专业团队深化，不代表工程线位。"
      },
      "geometry": {
        "type": "LineString",
        "coordinates": [
          [
            116.34529467748953,
            39.9898034966865
          ],
          [
            116.34693378900556,
            39.98981274400137
          ]
        ]
      },
      "id": "ROAD-CP-129"
    },
    {
      "type": "Feature",
      "properties": {
        "id": "ROAD-CP-130",
        "layer": "ROAD_CENTERLINE",
        "source_type": "agent_generated_design",
        "confidence": "medium",
        "geometry_role": "design_proposal",
        "road_class": "pedestrian",
        "network_phase": "capillary",
        "conductance": 0.3682,
        "name_zh": "智脉毛细连接130",
        "name_en": "Capillary link 130",
        "design_note_zh": "概念建议连通关系，供专业团队深化，不代表工程线位。"
      },
      "geometry": {
        "type": "LineString",
        "coordinates": [
          [
            116.3485729012781,
            39.98982196813852
          ],
          [
            116.3477429593707,
            39.99090923347093
          ]
        ]
      },
      "id": "ROAD-CP-130"
    },
    {
      "type": "Feature",
      "properties": {
        "id": "ROAD-CP-131",
        "layer": "ROAD_CENTERLINE",
        "source_type": "agent_generated_design",
        "confidence": "medium",
        "geometry_role": "design_proposal",
        "road_class": "pedestrian",
        "network_phase": "capillary",
        "conductance": 0.3354,
        "name_zh": "智脉毛细连接131",
        "name_en": "Capillary link 131",
        "design_note_zh": "概念建议连通关系，供专业团队深化，不代表工程线位。"
      },
      "geometry": {
        "type": "LineString",
        "coordinates": [
          [
            116.3485729012781,
            39.98982196813852
          ],
          [
            116.34938209811573,
            39.990918446373456
          ]
        ]
      },
      "id": "ROAD-CP-131"
    },
    {
      "type": "Feature",
      "properties": {
        "id": "ROAD-CP-132",
        "layer": "ROAD_CENTERLINE",
        "source_type": "agent_generated_design",
        "confidence": "medium",
        "geometry_role": "design_proposal",
        "road_class": "pedestrian",
        "network_phase": "capillary",
        "conductance": 0.3031,
        "name_zh": "智脉毛细连接132",
        "name_en": "Capillary link 132",
        "design_note_zh": "概念建议连通关系，供专业团队深化，不代表工程线位。"
      },
      "geometry": {
        "type": "LineString",
        "coordinates": [
          [
            116.34446468414927,
            39.99089073813002
          ],
          [
            116.34527382728255,
            39.99198724441936
          ]
        ]
      },
      "id": "ROAD-CP-132"
    },
    {
      "type": "Feature",
      "properties": {
        "id": "ROAD-CP-133",
        "layer": "ROAD_CENTERLINE",
        "source_type": "agent_generated_design",
        "confidence": "medium",
        "geometry_role": "design_proposal",
        "road_class": "pedestrian",
        "network_phase": "capillary",
        "conductance": 0.346,
        "name_zh": "智脉毛细连接133",
        "name_en": "Capillary link 133",
        "design_note_zh": "概念建议连通关系，供专业团队深化，不代表工程线位。"
      },
      "geometry": {
        "type": "LineString",
        "coordinates": [
          [
            116.34610382138125,
            39.990899997389775
          ],
          [
            116.34691299098982,
            39.99199649244541
          ]
        ]
      },
      "id": "ROAD-CP-133"
    },
    {
      "type": "Feature",
      "properties": {
        "id": "ROAD-CP-134",
        "layer": "ROAD_CENTERLINE",
        "source_type": "agent_generated_design",
        "confidence": "medium",
        "geometry_role": "design_proposal",
        "road_class": "pedestrian",
        "network_phase": "capillary",
        "conductance": 0.3348,
        "name_zh": "智脉毛细连接134",
        "name_en": "Capillary link 134",
        "design_note_zh": "概念建议连通关系，供专业团队深化，不代表工程线位。"
      },
      "geometry": {
        "type": "LineString",
        "coordinates": [
          [
            116.3477429593707,
            39.99090923347093
          ],
          [
            116.34855215545369,
            39.99200571729195
          ]
        ]
      },
      "id": "ROAD-CP-134"
    },
    {
      "type": "Feature",
      "properties": {
        "id": "ROAD-CP-135",
        "layer": "ROAD_CENTERLINE",
        "source_type": "agent_generated_design",
        "confidence": "medium",
        "geometry_role": "design_proposal",
        "road_class": "pedestrian",
        "network_phase": "capillary",
        "conductance": 0.3225,
        "name_zh": "智脉毛细连接135",
        "name_en": "Capillary link 135",
        "design_note_zh": "概念建议连通关系，供专业团队深化，不代表工程线位。"
      },
      "geometry": {
        "type": "LineString",
        "coordinates": [
          [
            116.34855215545369,
            39.99200571729195
          ],
          [
            116.34772218631718,
            39.99309298185275
          ]
        ]
      },
      "id": "ROAD-CP-135"
    },
    {
      "type": "Feature",
      "properties": {
        "id": "ROAD-CP-136",
        "layer": "ROAD_CENTERLINE",
        "source_type": "agent_generated_design",
        "confidence": "medium",
        "geometry_role": "design_proposal",
        "road_class": "pedestrian",
        "network_phase": "capillary",
        "conductance": 0.3952,
        "name_zh": "智脉毛细连接136",
        "name_en": "Capillary link 136",
        "design_note_zh": "概念建议连通关系，供专业团队深化，不代表工程线位。"
      },
      "geometry": {
        "type": "LineString",
        "coordinates": [
          [
            116.34772218631718,
            39.99309298185275
          ],
          [
            116.34853140736524,
            39.99418946561112
          ]
        ]
      },
      "id": "ROAD-CP-136"
    },
    {
      "type": "Feature",
      "properties": {
        "id": "ROAD-CP-137",
        "layer": "ROAD_CENTERLINE",
        "source_type": "agent_generated_design",
        "confidence": "medium",
        "geometry_role": "design_proposal",
        "road_class": "pedestrian",
        "network_phase": "capillary",
        "conductance": 0.3449,
        "name_zh": "智脉毛细连接137",
        "name_en": "Capillary link 137",
        "design_note_zh": "概念建议连通关系，供专业团队深化，不代表工程线位。"
      },
      "geometry": {
        "type": "LineString",
        "coordinates": [
          [
            116.34936137725646,
            39.9931021954638
          ],
          [
            116.34853140736524,
            39.99418946561112
          ]
        ]
      },
      "id": "ROAD-CP-137"
    },
    {
      "type": "Feature",
      "properties": {
        "id": "ROAD-CP-138",
        "layer": "ROAD_CENTERLINE",
        "source_type": "agent_generated_design",
        "confidence": "medium",
        "geometry_role": "design_proposal",
        "road_class": "pedestrian",
        "network_phase": "capillary",
        "conductance": 0.4066,
        "name_zh": "智脉毛细连接138",
        "name_en": "Capillary link 138",
        "design_note_zh": "概念建议连通关系，供专业团队深化，不代表工程线位。"
      },
      "geometry": {
        "type": "LineString",
        "coordinates": [
          [
            116.34689219070434,
            39.99418024005513
          ],
          [
            116.34606216861323,
            39.99526749189843
          ]
        ]
      },
      "id": "ROAD-CP-138"
    },
    {
      "type": "Feature",
      "properties": {
        "id": "ROAD-CP-139",
        "layer": "ROAD_CENTERLINE",
        "source_type": "agent_generated_design",
        "confidence": "medium",
        "geometry_role": "design_proposal",
        "road_class": "pedestrian",
        "network_phase": "capillary",
        "conductance": 0.3446,
        "name_zh": "智脉毛细连接139",
        "name_en": "Capillary link 139",
        "design_note_zh": "概念建议连通关系，供专业团队深化，不代表工程线位。"
      },
      "geometry": {
        "type": "LineString",
        "coordinates": [
          [
            116.34853140736524,
            39.99418946561112
          ],
          [
            116.34770141099665,
            39.99527672940024
          ]
        ]
      },
      "id": "ROAD-CP-139"
    },
    {
      "type": "Feature",
      "properties": {
        "id": "ROAD-CP-140",
        "layer": "ROAD_CENTERLINE",
        "source_type": "agent_generated_design",
        "confidence": "medium",
        "geometry_role": "design_proposal",
        "road_class": "pedestrian",
        "network_phase": "capillary",
        "conductance": 0.3676,
        "name_zh": "智脉毛细连接140",
        "name_en": "Capillary link 140",
        "design_note_zh": "概念建议连通关系，供专业团队深化，不代表工程线位。"
      },
      "geometry": {
        "type": "LineString",
        "coordinates": [
          [
            116.34853140736524,
            39.99418946561112
          ],
          [
            116.34934065413586,
            39.99528594371987
          ]
        ]
      },
      "id": "ROAD-CP-140"
    },
    {
      "type": "Feature",
      "properties": {
        "id": "ROAD-CP-141",
        "layer": "ROAD_CENTERLINE",
        "source_type": "agent_generated_design",
        "confidence": "medium",
        "geometry_role": "design_proposal",
        "road_class": "pedestrian",
        "network_phase": "capillary",
        "conductance": 0.4405,
        "name_zh": "智脉毛细连接141",
        "name_en": "Capillary link 141",
        "design_note_zh": "概念建议连通关系，供专业团队深化，不代表工程线位。"
      },
      "geometry": {
        "type": "LineString",
        "coordinates": [
          [
            116.34606216861323,
            39.99526749189843
          ],
          [
            116.34687138814883,
            39.9963639868305
          ]
        ]
      },
      "id": "ROAD-CP-141"
    },
    {
      "type": "Feature",
      "properties": {
        "id": "ROAD-CP-142",
        "layer": "ROAD_CENTERLINE",
        "source_type": "agent_generated_design",
        "confidence": "medium",
        "geometry_role": "design_proposal",
        "road_class": "pedestrian",
        "network_phase": "capillary",
        "conductance": 0.4966,
        "name_zh": "智脉毛细连接142",
        "name_en": "Capillary link 142",
        "design_note_zh": "概念建议连通关系，供专业团队深化，不代表工程线位。"
      },
      "geometry": {
        "type": "LineString",
        "coordinates": [
          [
            116.34770141099665,
            39.99527672940024
          ],
          [
            116.34851065701245,
            39.99637321309598
          ]
        ]
      },
      "id": "ROAD-CP-142"
    },
    {
      "type": "Feature",
      "properties": {
        "id": "ROAD-CP-143",
        "layer": "ROAD_CENTERLINE",
        "source_type": "agent_generated_design",
        "confidence": "medium",
        "geometry_role": "design_proposal",
        "road_class": "pedestrian",
        "network_phase": "capillary",
        "conductance": 0.3569,
        "name_zh": "智脉毛细连接143",
        "name_en": "Capillary link 143",
        "design_note_zh": "概念建议连通关系，供专业团队深化，不代表工程线位。"
      },
      "geometry": {
        "type": "LineString",
        "coordinates": [
          [
            116.34934065413586,
            39.99528594371987
          ],
          [
            116.34851065701245,
            39.99637321309598
          ]
        ]
      },
      "id": "ROAD-CP-143"
    },
    {
      "type": "Feature",
      "properties": {
        "id": "ROAD-CP-144",
        "layer": "ROAD_CENTERLINE",
        "source_type": "agent_generated_design",
        "confidence": "medium",
        "geometry_role": "design_proposal",
        "road_class": "pedestrian",
        "network_phase": "capillary",
        "conductance": 0.4138,
        "name_zh": "智脉毛细连接144",
        "name_en": "Capillary link 144",
        "design_note_zh": "概念建议连通关系，供专业团队深化，不代表工程线位。"
      },
      "geometry": {
        "type": "LineString",
        "coordinates": [
          [
            116.34851065701245,
            39.99637321309598
          ],
          [
            116.34768063340879,
            39.99746047611343
          ]
        ]
      },
      "id": "ROAD-CP-144"
    },
    {
      "type": "Feature",
      "properties": {
        "id": "ROAD-CP-145",
        "layer": "ROAD_CENTERLINE",
        "source_type": "agent_generated_design",
        "confidence": "medium",
        "geometry_role": "design_proposal",
        "road_class": "pedestrian",
        "network_phase": "capillary",
        "conductance": 0.4526,
        "name_zh": "智脉毛细连接145",
        "name_en": "Capillary link 145",
        "design_note_zh": "概念建议连通关系，供专业团队深化，不代表工程线位。"
      },
      "geometry": {
        "type": "LineString",
        "coordinates": [
          [
            116.34851065701245,
            39.99637321309598
          ],
          [
            116.34931992875362,
            39.997469691141674
          ]
        ]
      },
      "id": "ROAD-CP-145"
    },
    {
      "type": "Feature",
      "properties": {
        "id": "ROAD-CP-146",
        "layer": "ROAD_CENTERLINE",
        "source_type": "agent_generated_design",
        "confidence": "medium",
        "geometry_role": "design_proposal",
        "road_class": "pedestrian",
        "network_phase": "capillary",
        "conductance": 0.5482,
        "name_zh": "智脉毛细连接146",
        "name_en": "Capillary link 146",
        "design_note_zh": "概念建议连通关系，供专业团队深化，不代表工程线位。"
      },
      "geometry": {
        "type": "LineString",
        "coordinates": [
          [
            116.34768063340879,
            39.99746047611343
          ],
          [
            116.34848990439507,
            39.998556959746544
          ]
        ]
      },
      "id": "ROAD-CP-146"
    },
    {
      "type": "Feature",
      "properties": {
        "id": "ROAD-CP-147",
        "layer": "ROAD_CENTERLINE",
        "source_type": "agent_generated_design",
        "confidence": "medium",
        "geometry_role": "design_proposal",
        "road_class": "pedestrian",
        "network_phase": "capillary",
        "conductance": 0.3895,
        "name_zh": "智脉毛细连接147",
        "name_en": "Capillary link 147",
        "design_note_zh": "概念建议连通关系，供专业团队深化，不代表工程线位。"
      },
      "geometry": {
        "type": "LineString",
        "coordinates": [
          [
            116.34931992875362,
            39.997469691141674
          ],
          [
            116.34848990439507,
            39.998556959746544
          ]
        ]
      },
      "id": "ROAD-CP-147"
    },
    {
      "type": "Feature",
      "properties": {
        "id": "ROAD-CP-148",
        "layer": "ROAD_CENTERLINE",
        "source_type": "agent_generated_design",
        "confidence": "medium",
        "geometry_role": "design_proposal",
        "road_class": "pedestrian",
        "network_phase": "capillary",
        "conductance": 0.466,
        "name_zh": "智脉毛细连接148",
        "name_en": "Capillary link 148",
        "design_note_zh": "概念建议连通关系，供专业团队深化，不代表工程线位。"
      },
      "geometry": {
        "type": "LineString",
        "coordinates": [
          [
            116.34848990439507,
            39.998556959746544
          ],
          [
            116.34765985355334,
            39.99964422199229
          ]
        ]
      },
      "id": "ROAD-CP-148"
    },
    {
      "type": "Feature",
      "properties": {
        "id": "ROAD-CP-149",
        "layer": "ROAD_CENTERLINE",
        "source_type": "agent_generated_design",
        "confidence": "medium",
        "geometry_role": "design_proposal",
        "road_class": "pedestrian",
        "network_phase": "capillary",
        "conductance": 0.4572,
        "name_zh": "智脉毛细连接149",
        "name_en": "Capillary link 149",
        "design_note_zh": "概念建议连通关系，供专业团队深化，不代表工程线位。"
      },
      "geometry": {
        "type": "LineString",
        "coordinates": [
          [
            116.34848990439507,
            39.998556959746544
          ],
          [
            116.34929920110949,
            39.99965343772919
          ]
        ]
      },
      "id": "ROAD-CP-149"
    },
    {
      "type": "Feature",
      "properties": {
        "id": "ROAD-CP-150",
        "layer": "ROAD_CENTERLINE",
        "source_type": "agent_generated_design",
        "confidence": "medium",
        "geometry_role": "design_proposal",
        "road_class": "pedestrian",
        "network_phase": "capillary",
        "conductance": 0.5417,
        "name_zh": "智脉毛细连接150",
        "name_en": "Capillary link 150",
        "design_note_zh": "概念建议连通关系，供专业团队深化，不代表工程线位。"
      },
      "geometry": {
        "type": "LineString",
        "coordinates": [
          [
            116.34765985355334,
            39.99964422199229
          ],
          [
            116.34846914951278,
            40.00074070556279
          ]
        ]
      },
      "id": "ROAD-CP-150"
    },
    {
      "type": "Feature",
      "properties": {
        "id": "ROAD-CP-151",
        "layer": "ROAD_CENTERLINE",
        "source_type": "agent_generated_design",
        "confidence": "medium",
        "geometry_role": "design_proposal",
        "road_class": "pedestrian",
        "network_phase": "capillary",
        "conductance": 0.4315,
        "name_zh": "智脉毛细连接151",
        "name_en": "Capillary link 151",
        "design_note_zh": "概念建议连通关系，供专业团队深化，不代表工程线位。"
      },
      "geometry": {
        "type": "LineString",
        "coordinates": [
          [
            116.34929920110949,
            39.99965343772919
          ],
          [
            116.34846914951278,
            40.00074070556279
          ]
        ]
      },
      "id": "ROAD-CP-151"
    },
    {
      "type": "Feature",
      "properties": {
        "id": "ROAD-CP-152",
        "layer": "ROAD_CENTERLINE",
        "source_type": "agent_generated_design",
        "confidence": "medium",
        "geometry_role": "design_proposal",
        "road_class": "pedestrian",
        "network_phase": "capillary",
        "conductance": 0.5081,
        "name_zh": "智脉毛细连接152",
        "name_en": "Capillary link 152",
        "design_note_zh": "概念建议连通关系，供专业团队深化，不代表工程线位。"
      },
      "geometry": {
        "type": "LineString",
        "coordinates": [
          [
            116.34846914951278,
            40.00074070556279
          ],
          [
            116.34763907143004,
            40.0018279670368
          ]
        ]
      },
      "id": "ROAD-CP-152"
    },
    {
      "type": "Feature",
      "properties": {
        "id": "ROAD-CP-153",
        "layer": "ROAD_CENTERLINE",
        "source_type": "agent_generated_design",
        "confidence": "medium",
        "geometry_role": "design_proposal",
        "road_class": "pedestrian",
        "network_phase": "capillary",
        "conductance": 0.4573,
        "name_zh": "智脉毛细连接153",
        "name_en": "Capillary link 153",
        "design_note_zh": "概念建议连通关系，供专业团队深化，不代表工程线位。"
      },
      "geometry": {
        "type": "LineString",
        "coordinates": [
          [
            116.34846914951278,
            40.00074070556279
          ],
          [
            116.3492784712032,
            40.00183718348241
          ]
        ]
      },
      "id": "ROAD-CP-153"
    },
    {
      "type": "Feature",
      "properties": {
        "id": "ROAD-CP-154",
        "layer": "ROAD_CENTERLINE",
        "source_type": "agent_generated_design",
        "confidence": "medium",
        "geometry_role": "design_proposal",
        "road_class": "pedestrian",
        "network_phase": "capillary",
        "conductance": 0.4898,
        "name_zh": "智脉毛细连接154",
        "name_en": "Capillary link 154",
        "design_note_zh": "概念建议连通关系，供专业团队深化，不代表工程线位。"
      },
      "geometry": {
        "type": "LineString",
        "coordinates": [
          [
            116.34763907143004,
            40.0018279670368
          ],
          [
            116.34680896685936,
            40.00291522215051
          ]
        ]
      },
      "id": "ROAD-CP-154"
    },
    {
      "type": "Feature",
      "properties": {
        "id": "ROAD-CP-155",
        "layer": "ROAD_CENTERLINE",
        "source_type": "agent_generated_design",
        "confidence": "medium",
        "geometry_role": "design_proposal",
        "road_class": "pedestrian",
        "network_phase": "capillary",
        "conductance": 0.4536,
        "name_zh": "智脉毛细连接155",
        "name_en": "Capillary link 155",
        "design_note_zh": "概念建议连通关系，供专业团队深化，不代表工程线位。"
      },
      "geometry": {
        "type": "LineString",
        "coordinates": [
          [
            116.3492784712032,
            40.00183718348241
          ],
          [
            116.34844839236534,
            40.00292445054471
          ]
        ]
      },
      "id": "ROAD-CP-155"
    },
    {
      "type": "Feature",
      "properties": {
        "id": "ROAD-CP-156",
        "layer": "ROAD_CENTERLINE",
        "source_type": "agent_generated_design",
        "confidence": "medium",
        "geometry_role": "design_proposal",
        "road_class": "pedestrian",
        "network_phase": "capillary",
        "conductance": 0.2998,
        "name_zh": "智脉毛细连接156",
        "name_en": "Capillary link 156",
        "design_note_zh": "概念建议连通关系，供专业团队深化，不代表工程线位。"
      },
      "geometry": {
        "type": "LineString",
        "coordinates": [
          [
            116.34353011812041,
            40.00289669579689
          ],
          [
            116.34433938531714,
            40.003993207370286
          ]
        ]
      },
      "id": "ROAD-CP-156"
    },
    {
      "type": "Feature",
      "properties": {
        "id": "ROAD-CP-157",
        "layer": "ROAD_CENTERLINE",
        "source_type": "agent_generated_design",
        "confidence": "medium",
        "geometry_role": "design_proposal",
        "road_class": "pedestrian",
        "network_phase": "capillary",
        "conductance": 0.5031,
        "name_zh": "智脉毛细连接157",
        "name_en": "Capillary link 157",
        "design_note_zh": "概念建议连通关系，供专业团队深化，不代表工程线位。"
      },
      "geometry": {
        "type": "LineString",
        "coordinates": [
          [
            116.34680896685936,
            40.00291522215051
          ],
          [
            116.34761828703859,
            40.00401171124694
          ]
        ]
      },
      "id": "ROAD-CP-157"
    },
    {
      "type": "Feature",
      "properties": {
        "id": "ROAD-CP-158",
        "layer": "ROAD_CENTERLINE",
        "source_type": "agent_generated_design",
        "confidence": "medium",
        "geometry_role": "design_proposal",
        "road_class": "pedestrian",
        "network_phase": "capillary",
        "conductance": 0.4348,
        "name_zh": "智脉毛细连接158",
        "name_en": "Capillary link 158",
        "design_note_zh": "概念建议连通关系，供专业团队深化，不代表工程线位。"
      },
      "geometry": {
        "type": "LineString",
        "coordinates": [
          [
            116.34844839236534,
            40.00292445054471
          ],
          [
            116.34925773903446,
            40.004020928401296
          ]
        ]
      },
      "id": "ROAD-CP-158"
    },
    {
      "type": "Feature",
      "properties": {
        "id": "ROAD-CP-159",
        "layer": "ROAD_CENTERLINE",
        "source_type": "agent_generated_design",
        "confidence": "medium",
        "geometry_role": "design_proposal",
        "road_class": "pedestrian",
        "network_phase": "capillary",
        "conductance": 0.5407,
        "name_zh": "智脉毛细连接159",
        "name_en": "Capillary link 159",
        "design_note_zh": "概念建议连通关系，供专业团队深化，不代表工程线位。"
      },
      "geometry": {
        "type": "LineString",
        "coordinates": [
          [
            116.34761828703859,
            40.00401171124694
          ],
          [
            116.34678815522098,
            40.00509896558843
          ]
        ]
      },
      "id": "ROAD-CP-159"
    },
    {
      "type": "Feature",
      "properties": {
        "id": "ROAD-CP-160",
        "layer": "ROAD_CENTERLINE",
        "source_type": "agent_generated_design",
        "confidence": "medium",
        "geometry_role": "design_proposal",
        "road_class": "pedestrian",
        "network_phase": "capillary",
        "conductance": 0.4513,
        "name_zh": "智脉毛细连接160",
        "name_en": "Capillary link 160",
        "design_note_zh": "概念建议连通关系，供专业团队深化，不代表工程线位。"
      },
      "geometry": {
        "type": "LineString",
        "coordinates": [
          [
            116.34925773903446,
            40.004020928401296
          ],
          [
            116.3484276329525,
            40.0051081946923
          ]
        ]
      },
      "id": "ROAD-CP-160"
    },
    {
      "type": "Feature",
      "properties": {
        "id": "ROAD-CP-161",
        "layer": "ROAD_CENTERLINE",
        "source_type": "agent_generated_design",
        "confidence": "medium",
        "geometry_role": "design_proposal",
        "road_class": "pedestrian",
        "network_phase": "capillary",
        "conductance": 0.5554,
        "name_zh": "智脉毛细连接161",
        "name_en": "Capillary link 161",
        "design_note_zh": "概念建议连通关系，供专业团队深化，不代表工程线位。"
      },
      "geometry": {
        "type": "LineString",
        "coordinates": [
          [
            116.34678815522098,
            40.00509896558843
          ],
          [
            116.34759750037868,
            40.00619545462274
          ]
        ]
      },
      "id": "ROAD-CP-161"
    },
    {
      "type": "Feature",
      "properties": {
        "id": "ROAD-CP-162",
        "layer": "ROAD_CENTERLINE",
        "source_type": "agent_generated_design",
        "confidence": "medium",
        "geometry_role": "design_proposal",
        "road_class": "pedestrian",
        "network_phase": "capillary",
        "conductance": 0.4858,
        "name_zh": "智脉毛细连接162",
        "name_en": "Capillary link 162",
        "design_note_zh": "概念建议连通关系，供专业团队深化，不代表工程线位。"
      },
      "geometry": {
        "type": "LineString",
        "coordinates": [
          [
            116.3484276329525,
            40.0051081946923
          ],
          [
            116.34923700460297,
            40.006204672485886
          ]
        ]
      },
      "id": "ROAD-CP-162"
    },
    {
      "type": "Feature",
      "properties": {
        "id": "ROAD-CP-163",
        "layer": "ROAD_CENTERLINE",
        "source_type": "agent_generated_design",
        "confidence": "medium",
        "geometry_role": "design_proposal",
        "road_class": "pedestrian",
        "network_phase": "capillary",
        "conductance": 0.6164,
        "name_zh": "智脉毛细连接163",
        "name_en": "Capillary link 163",
        "design_note_zh": "概念建议连通关系，供专业团队深化，不代表工程线位。"
      },
      "geometry": {
        "type": "LineString",
        "coordinates": [
          [
            116.34759750037868,
            40.00619545462274
          ],
          [
            116.34676734131118,
            40.00728270819195
          ]
        ]
      },
      "id": "ROAD-CP-163"
    },
    {
      "type": "Feature",
      "properties": {
        "id": "ROAD-CP-164",
        "layer": "ROAD_CENTERLINE",
        "source_type": "agent_generated_design",
        "confidence": "medium",
        "geometry_role": "design_proposal",
        "road_class": "pedestrian",
        "network_phase": "capillary",
        "conductance": 0.4815,
        "name_zh": "智脉毛细连接164",
        "name_en": "Capillary link 164",
        "design_note_zh": "概念建议连通关系，供专业团队深化，不代表工程线位。"
      },
      "geometry": {
        "type": "LineString",
        "coordinates": [
          [
            116.34923700460297,
            40.006204672485886
          ],
          [
            116.34840687127392,
            40.007291938005515
          ]
        ]
      },
      "id": "ROAD-CP-164"
    },
    {
      "type": "Feature",
      "properties": {
        "id": "ROAD-CP-165",
        "layer": "ROAD_CENTERLINE",
        "source_type": "agent_generated_design",
        "confidence": "medium",
        "geometry_role": "design_proposal",
        "road_class": "pedestrian",
        "network_phase": "capillary",
        "conductance": 0.3081,
        "name_zh": "智脉毛细连接165",
        "name_en": "Capillary link 165",
        "design_note_zh": "概念建议连通关系，供专业团队深化，不代表工程线位。"
      },
      "geometry": {
        "type": "LineString",
        "coordinates": [
          [
            116.34348828365931,
            40.00726417898889
          ],
          [
            116.3442976008042,
            40.00836069044152
          ]
        ]
      },
      "id": "ROAD-CP-165"
    },
    {
      "type": "Feature",
      "properties": {
        "id": "ROAD-CP-166",
        "layer": "ROAD_CENTERLINE",
        "source_type": "agent_generated_design",
        "confidence": "medium",
        "geometry_role": "design_proposal",
        "road_class": "pedestrian",
        "network_phase": "capillary",
        "conductance": 0.4363,
        "name_zh": "智脉毛细连接166",
        "name_en": "Capillary link 166",
        "design_note_zh": "概念建议连通关系，供专业团队深化，不代表工程线位。"
      },
      "geometry": {
        "type": "LineString",
        "coordinates": [
          [
            116.34676734131118,
            40.00728270819195
          ],
          [
            116.34593715574803,
            40.00836995539926
          ]
        ]
      },
      "id": "ROAD-CP-166"
    },
    {
      "type": "Feature",
      "properties": {
        "id": "ROAD-CP-167",
        "layer": "ROAD_CENTERLINE",
        "source_type": "agent_generated_design",
        "confidence": "medium",
        "geometry_role": "design_proposal",
        "road_class": "pedestrian",
        "network_phase": "capillary",
        "conductance": 0.4515,
        "name_zh": "智脉毛细连接167",
        "name_en": "Capillary link 167",
        "design_note_zh": "概念建议连通关系，供专业团队深化，不代表工程线位。"
      },
      "geometry": {
        "type": "LineString",
        "coordinates": [
          [
            116.34676734131118,
            40.00728270819195
          ],
          [
            116.3475767114501,
            40.00837919716414
          ]
        ]
      },
      "id": "ROAD-CP-167"
    },
    {
      "type": "Feature",
      "properties": {
        "id": "ROAD-CP-168",
        "layer": "ROAD_CENTERLINE",
        "source_type": "agent_generated_design",
        "confidence": "medium",
        "geometry_role": "design_proposal",
        "road_class": "pedestrian",
        "network_phase": "capillary",
        "conductance": 0.3427,
        "name_zh": "智脉毛细连接168",
        "name_en": "Capillary link 168",
        "design_note_zh": "概念建议连通关系，供专业团队深化，不代表工程线位。"
      },
      "geometry": {
        "type": "LineString",
        "coordinates": [
          [
            116.34840687127392,
            40.007291938005515
          ],
          [
            116.35004640199197,
            40.00730114462707
          ]
        ]
      },
      "id": "ROAD-CP-168"
    },
    {
      "type": "Feature",
      "properties": {
        "id": "ROAD-CP-169",
        "layer": "ROAD_CENTERLINE",
        "source_type": "agent_generated_design",
        "confidence": "medium",
        "geometry_role": "design_proposal",
        "road_class": "pedestrian",
        "network_phase": "capillary",
        "conductance": 0.4601,
        "name_zh": "智脉毛细连接169",
        "name_en": "Capillary link 169",
        "design_note_zh": "概念建议连通关系，供专业团队深化，不代表工程线位。"
      },
      "geometry": {
        "type": "LineString",
        "coordinates": [
          [
            116.34840687127392,
            40.007291938005515
          ],
          [
            116.34921626790852,
            40.008388415736135
          ]
        ]
      },
      "id": "ROAD-CP-169"
    },
    {
      "type": "Feature",
      "properties": {
        "id": "ROAD-CP-170",
        "layer": "ROAD_CENTERLINE",
        "source_type": "agent_generated_design",
        "confidence": "medium",
        "geometry_role": "design_proposal",
        "road_class": "pedestrian",
        "network_phase": "capillary",
        "conductance": 0.3069,
        "name_zh": "智脉毛细连接170",
        "name_en": "Capillary link 170",
        "design_note_zh": "概念建议连通关系，供专业团队深化，不代表工程线位。"
      },
      "geometry": {
        "type": "LineString",
        "coordinates": [
          [
            116.35004640199197,
            40.00730114462707
          ],
          [
            116.35085582512134,
            40.0083976111152
          ]
        ]
      },
      "id": "ROAD-CP-170"
    },
    {
      "type": "Feature",
      "properties": {
        "id": "ROAD-CP-171",
        "layer": "ROAD_CENTERLINE",
        "source_type": "agent_generated_design",
        "confidence": "medium",
        "geometry_role": "design_proposal",
        "road_class": "pedestrian",
        "network_phase": "capillary",
        "conductance": 0.3031,
        "name_zh": "智脉毛细连接171",
        "name_en": "Capillary link 171",
        "design_note_zh": "概念建议连通关系，供专业团队深化，不代表工程线位。"
      },
      "geometry": {
        "type": "LineString",
        "coordinates": [
          [
            116.3442976008042,
            40.00836069044152
          ],
          [
            116.34510694368737,
            40.00945719624397
          ]
        ]
      },
      "id": "ROAD-CP-171"
    },
    {
      "type": "Feature",
      "properties": {
        "id": "ROAD-CP-172",
        "layer": "ROAD_CENTERLINE",
        "source_type": "agent_generated_design",
        "confidence": "medium",
        "geometry_role": "design_proposal",
        "road_class": "pedestrian",
        "network_phase": "capillary",
        "conductance": 0.2964,
        "name_zh": "智脉毛细连接172",
        "name_en": "Capillary link 172",
        "design_note_zh": "概念建议连通关系，供专业团队深化，不代表工程线位。"
      },
      "geometry": {
        "type": "LineString",
        "coordinates": [
          [
            116.34593715574803,
            40.00836995539926
          ],
          [
            116.34510694368737,
            40.00945719624397
          ]
        ]
      },
      "id": "ROAD-CP-172"
    },
    {
      "type": "Feature",
      "properties": {
        "id": "ROAD-CP-173",
        "layer": "ROAD_CENTERLINE",
        "source_type": "agent_generated_design",
        "confidence": "medium",
        "geometry_role": "design_proposal",
        "road_class": "pedestrian",
        "network_phase": "capillary",
        "conductance": 0.3937,
        "name_zh": "智脉毛细连接173",
        "name_en": "Capillary link 173",
        "design_note_zh": "概念建议连通关系，供专业团队深化，不代表工程线位。"
      },
      "geometry": {
        "type": "LineString",
        "coordinates": [
          [
            116.3475767114501,
            40.00837919716414
          ],
          [
            116.3467465251297,
            40.009466449961074
          ]
        ]
      },
      "id": "ROAD-CP-173"
    },
    {
      "type": "Feature",
      "properties": {
        "id": "ROAD-CP-174",
        "layer": "ROAD_CENTERLINE",
        "source_type": "agent_generated_design",
        "confidence": "medium",
        "geometry_role": "design_proposal",
        "road_class": "pedestrian",
        "network_phase": "capillary",
        "conductance": 0.393,
        "name_zh": "智脉毛细连接174",
        "name_en": "Capillary link 174",
        "design_note_zh": "概念建议连通关系，供专业团队深化，不代表工程线位。"
      },
      "geometry": {
        "type": "LineString",
        "coordinates": [
          [
            116.34921626790852,
            40.008388415736135
          ],
          [
            116.34838610732933,
            40.00947568048439
          ]
        ]
      },
      "id": "ROAD-CP-174"
    },
    {
      "type": "Feature",
      "properties": {
        "id": "ROAD-CP-175",
        "layer": "ROAD_CENTERLINE",
        "source_type": "agent_generated_design",
        "confidence": "medium",
        "geometry_role": "design_proposal",
        "road_class": "pedestrian",
        "network_phase": "capillary",
        "conductance": 0.4472,
        "name_zh": "智脉毛细连接175",
        "name_en": "Capillary link 175",
        "design_note_zh": "概念建议连通关系，供专业团队深化，不代表工程线位。"
      },
      "geometry": {
        "type": "LineString",
        "coordinates": [
          [
            116.34921626790852,
            40.008388415736135
          ],
          [
            116.35002569028443,
            40.009484887813905
          ]
        ]
      },
      "id": "ROAD-CP-175"
    },
    {
      "type": "Feature",
      "properties": {
        "id": "ROAD-CP-176",
        "layer": "ROAD_CENTERLINE",
        "source_type": "agent_generated_design",
        "confidence": "medium",
        "geometry_role": "design_proposal",
        "road_class": "pedestrian",
        "network_phase": "capillary",
        "conductance": 0.3507,
        "name_zh": "智脉毛细连接176",
        "name_en": "Capillary link 176",
        "design_note_zh": "概念建议连通关系，供专业团队深化，不代表工程线位。"
      },
      "geometry": {
        "type": "LineString",
        "coordinates": [
          [
            116.34510694368737,
            40.00945719624397
          ],
          [
            116.34591631231078,
            40.01055369639561
          ]
        ]
      },
      "id": "ROAD-CP-176"
    },
    {
      "type": "Feature",
      "properties": {
        "id": "ROAD-CP-177",
        "layer": "ROAD_CENTERLINE",
        "source_type": "agent_generated_design",
        "confidence": "medium",
        "geometry_role": "design_proposal",
        "road_class": "pedestrian",
        "network_phase": "capillary",
        "conductance": 0.3395,
        "name_zh": "智脉毛细连接177",
        "name_en": "Capillary link 177",
        "design_note_zh": "概念建议连通关系，供专业团队深化，不代表工程线位。"
      },
      "geometry": {
        "type": "LineString",
        "coordinates": [
          [
            116.3467465251297,
            40.009466449961074
          ],
          [
            116.34591631231078,
            40.01055369639561
          ]
        ]
      },
      "id": "ROAD-CP-177"
    },
    {
      "type": "Feature",
      "properties": {
        "id": "ROAD-CP-178",
        "layer": "ROAD_CENTERLINE",
        "source_type": "agent_generated_design",
        "confidence": "medium",
        "geometry_role": "design_proposal",
        "road_class": "pedestrian",
        "network_phase": "capillary",
        "conductance": 0.4907,
        "name_zh": "智脉毛细连接178",
        "name_en": "Capillary link 178",
        "design_note_zh": "概念建议连通关系，供专业团队深化，不代表工程线位。"
      },
      "geometry": {
        "type": "LineString",
        "coordinates": [
          [
            116.34838610732933,
            40.00947568048439
          ],
          [
            116.34919552895079,
            40.01057215815204
          ]
        ]
      },
      "id": "ROAD-CP-178"
    },
    {
      "type": "Feature",
      "properties": {
        "id": "ROAD-CP-179",
        "layer": "ROAD_CENTERLINE",
        "source_type": "agent_generated_design",
        "confidence": "medium",
        "geometry_role": "design_proposal",
        "road_class": "pedestrian",
        "network_phase": "capillary",
        "conductance": 0.3138,
        "name_zh": "智脉毛细连接179",
        "name_en": "Capillary link 179",
        "design_note_zh": "概念建议连通关系，供专业团队深化，不代表工程线位。"
      },
      "geometry": {
        "type": "LineString",
        "coordinates": [
          [
            116.35002569028443,
            40.009484887813905
          ],
          [
            116.34919552895079,
            40.01057215815204
          ]
        ]
      },
      "id": "ROAD-CP-179"
    },
    {
      "type": "Feature",
      "properties": {
        "id": "ROAD-CP-180",
        "layer": "ROAD_CENTERLINE",
        "source_type": "agent_generated_design",
        "confidence": "medium",
        "geometry_role": "design_proposal",
        "road_class": "pedestrian",
        "network_phase": "capillary",
        "conductance": 0.3564,
        "name_zh": "智脉毛细连接180",
        "name_en": "Capillary link 180",
        "design_note_zh": "概念建议连通关系，供专业团队深化，不代表工程线位。"
      },
      "geometry": {
        "type": "LineString",
        "coordinates": [
          [
            116.35002569028443,
            40.009484887813905
          ],
          [
            116.3508351384035,
            40.010581354238205
          ]
        ]
      },
      "id": "ROAD-CP-180"
    },
    {
      "type": "Feature",
      "properties": {
        "id": "ROAD-CP-181",
        "layer": "ROAD_CENTERLINE",
        "source_type": "agent_generated_design",
        "confidence": "medium",
        "geometry_role": "design_proposal",
        "road_class": "pedestrian",
        "network_phase": "capillary",
        "conductance": 0.4078,
        "name_zh": "智脉毛细连接181",
        "name_en": "Capillary link 181",
        "design_note_zh": "概念建议连通关系，供专业团队深化，不代表工程线位。"
      },
      "geometry": {
        "type": "LineString",
        "coordinates": [
          [
            116.34591631231078,
            40.01055369639561
          ],
          [
            116.34672570667627,
            40.011650190895764
          ]
        ]
      },
      "id": "ROAD-CP-181"
    },
    {
      "type": "Feature",
      "properties": {
        "id": "ROAD-CP-182",
        "layer": "ROAD_CENTERLINE",
        "source_type": "agent_generated_design",
        "confidence": "medium",
        "geometry_role": "design_proposal",
        "road_class": "pedestrian",
        "network_phase": "capillary",
        "conductance": 0.4341,
        "name_zh": "智脉毛细连接182",
        "name_en": "Capillary link 182",
        "design_note_zh": "概念建议连通关系，供专业团队深化，不代表工程线位。"
      },
      "geometry": {
        "type": "LineString",
        "coordinates": [
          [
            116.34755592025257,
            40.01056293887116
          ],
          [
            116.34672570667627,
            40.011650190895764
          ]
        ]
      },
      "id": "ROAD-CP-182"
    },
    {
      "type": "Feature",
      "properties": {
        "id": "ROAD-CP-183",
        "layer": "ROAD_CENTERLINE",
        "source_type": "agent_generated_design",
        "confidence": "medium",
        "geometry_role": "design_proposal",
        "road_class": "pedestrian",
        "network_phase": "capillary",
        "conductance": 0.4136,
        "name_zh": "智脉毛细连接183",
        "name_en": "Capillary link 183",
        "design_note_zh": "概念建议连通关系，供专业团队深化，不代表工程线位。"
      },
      "geometry": {
        "type": "LineString",
        "coordinates": [
          [
            116.34919552895079,
            40.01057215815204
          ],
          [
            116.34836534111852,
            40.01165942212888
          ]
        ]
      },
      "id": "ROAD-CP-183"
    },
    {
      "type": "Feature",
      "properties": {
        "id": "ROAD-CP-184",
        "layer": "ROAD_CENTERLINE",
        "source_type": "agent_generated_design",
        "confidence": "medium",
        "geometry_role": "design_proposal",
        "road_class": "pedestrian",
        "network_phase": "capillary",
        "conductance": 0.4489,
        "name_zh": "智脉毛细连接184",
        "name_en": "Capillary link 184",
        "design_note_zh": "概念建议连通关系，供专业团队深化，不代表工程线位。"
      },
      "geometry": {
        "type": "LineString",
        "coordinates": [
          [
            116.34919552895079,
            40.01057215815204
          ],
          [
            116.3500049763163,
            40.01166863016642
          ]
        ]
      },
      "id": "ROAD-CP-184"
    },
    {
      "type": "Feature",
      "properties": {
        "id": "ROAD-CP-185",
        "layer": "ROAD_CENTERLINE",
        "source_type": "agent_generated_design",
        "confidence": "medium",
        "geometry_role": "design_proposal",
        "road_class": "pedestrian",
        "network_phase": "capillary",
        "conductance": 0.2738,
        "name_zh": "智脉毛细连接185",
        "name_en": "Capillary link 185",
        "design_note_zh": "概念建议连通关系，供专业团队深化，不代表工程线位。"
      },
      "geometry": {
        "type": "LineString",
        "coordinates": [
          [
            116.3508351384035,
            40.010581354238205
          ],
          [
            116.3500049763163,
            40.01166863016642
          ]
        ]
      },
      "id": "ROAD-CP-185"
    },
    {
      "type": "Feature",
      "properties": {
        "id": "ROAD-CP-186",
        "layer": "ROAD_CENTERLINE",
        "source_type": "agent_generated_design",
        "confidence": "medium",
        "geometry_role": "design_proposal",
        "road_class": "pedestrian",
        "network_phase": "capillary",
        "conductance": 0.298,
        "name_zh": "智脉毛细连接186",
        "name_en": "Capillary link 186",
        "design_note_zh": "概念建议连通关系，供专业团队深化，不代表工程线位。"
      },
      "geometry": {
        "type": "LineString",
        "coordinates": [
          [
            116.3508351384035,
            40.010581354238205
          ],
          [
            116.35164461226769,
            40.01167781500834
          ]
        ]
      },
      "id": "ROAD-CP-186"
    },
    {
      "type": "Feature",
      "properties": {
        "id": "ROAD-CP-187",
        "layer": "ROAD_CENTERLINE",
        "source_type": "agent_generated_design",
        "confidence": "medium",
        "geometry_role": "design_proposal",
        "road_class": "pedestrian",
        "network_phase": "capillary",
        "conductance": 0.3409,
        "name_zh": "智脉毛细连接187",
        "name_en": "Capillary link 187",
        "design_note_zh": "概念建议连通关系，供专业团队深化，不代表工程线位。"
      },
      "geometry": {
        "type": "LineString",
        "coordinates": [
          [
            116.3450860729914,
            40.01164093646708
          ],
          [
            116.34589546659853,
            40.012737436557515
          ]
        ]
      },
      "id": "ROAD-CP-187"
    },
    {
      "type": "Feature",
      "properties": {
        "id": "ROAD-CP-188",
        "layer": "ROAD_CENTERLINE",
        "source_type": "agent_generated_design",
        "confidence": "medium",
        "geometry_role": "design_proposal",
        "road_class": "pedestrian",
        "network_phase": "capillary",
        "conductance": 0.3367,
        "name_zh": "智脉毛细连接188",
        "name_en": "Capillary link 188",
        "design_note_zh": "概念建议连通关系，供专业团队深化，不代表工程线位。"
      },
      "geometry": {
        "type": "LineString",
        "coordinates": [
          [
            116.34672570667627,
            40.011650190895764
          ],
          [
            116.34589546659853,
            40.012737436557515
          ]
        ]
      },
      "id": "ROAD-CP-188"
    },
    {
      "type": "Feature",
      "properties": {
        "id": "ROAD-CP-189",
        "layer": "ROAD_CENTERLINE",
        "source_type": "agent_generated_design",
        "confidence": "medium",
        "geometry_role": "design_proposal",
        "road_class": "pedestrian",
        "network_phase": "capillary",
        "conductance": 0.4914,
        "name_zh": "智脉毛细连接189",
        "name_en": "Capillary link 189",
        "design_note_zh": "概念建议连通关系，供专业团队深化，不代表工程线位。"
      },
      "geometry": {
        "type": "LineString",
        "coordinates": [
          [
            116.34672570667627,
            40.011650190895764
          ],
          [
            116.34753512678576,
            40.01274667974378
          ]
        ]
      },
      "id": "ROAD-CP-189"
    },
    {
      "type": "Feature",
      "properties": {
        "id": "ROAD-CP-190",
        "layer": "ROAD_CENTERLINE",
        "source_type": "agent_generated_design",
        "confidence": "medium",
        "geometry_role": "design_proposal",
        "road_class": "pedestrian",
        "network_phase": "capillary",
        "conductance": 0.4719,
        "name_zh": "智脉毛细连接190",
        "name_en": "Capillary link 190",
        "design_note_zh": "概念建议连通关系，供专业团队深化，不代表工程线位。"
      },
      "geometry": {
        "type": "LineString",
        "coordinates": [
          [
            116.34836534111852,
            40.01165942212888
          ],
          [
            116.34917478772948,
            40.01275589973357
          ]
        ]
      },
      "id": "ROAD-CP-190"
    },
    {
      "type": "Feature",
      "properties": {
        "id": "ROAD-CP-191",
        "layer": "ROAD_CENTERLINE",
        "source_type": "agent_generated_design",
        "confidence": "medium",
        "geometry_role": "design_proposal",
        "road_class": "pedestrian",
        "network_phase": "capillary",
        "conductance": 0.3958,
        "name_zh": "智脉毛细连接191",
        "name_en": "Capillary link 191",
        "design_note_zh": "概念建议连通关系，供专业团队深化，不代表工程线位。"
      },
      "geometry": {
        "type": "LineString",
        "coordinates": [
          [
            116.3500049763163,
            40.01166863016642
          ],
          [
            116.34917478772948,
            40.01275589973357
          ]
        ]
      },
      "id": "ROAD-CP-191"
    },
    {
      "type": "Feature",
      "properties": {
        "id": "ROAD-CP-192",
        "layer": "ROAD_CENTERLINE",
        "source_type": "agent_generated_design",
        "confidence": "medium",
        "geometry_role": "design_proposal",
        "road_class": "pedestrian",
        "network_phase": "capillary",
        "conductance": 0.4519,
        "name_zh": "智脉毛细连接192",
        "name_en": "Capillary link 192",
        "design_note_zh": "概念建议连通关系，供专业团队深化，不代表工程线位。"
      },
      "geometry": {
        "type": "LineString",
        "coordinates": [
          [
            116.3500049763163,
            40.01166863016642
          ],
          [
            116.35081444942783,
            40.01276509652689
          ]
        ]
      },
      "id": "ROAD-CP-192"
    },
    {
      "type": "Feature",
      "properties": {
        "id": "ROAD-CP-193",
        "layer": "ROAD_CENTERLINE",
        "source_type": "agent_generated_design",
        "confidence": "medium",
        "geometry_role": "design_proposal",
        "road_class": "pedestrian",
        "network_phase": "capillary",
        "conductance": 0.4353,
        "name_zh": "智脉毛细连接193",
        "name_en": "Capillary link 193",
        "design_note_zh": "概念建议连通关系，供专业团队深化，不代表工程线位。"
      },
      "geometry": {
        "type": "LineString",
        "coordinates": [
          [
            116.34589546659853,
            40.012737436557515
          ],
          [
            116.34670488595056,
            40.01383393099602
          ]
        ]
      },
      "id": "ROAD-CP-193"
    },
    {
      "type": "Feature",
      "properties": {
        "id": "ROAD-CP-194",
        "layer": "ROAD_CENTERLINE",
        "source_type": "agent_generated_design",
        "confidence": "medium",
        "geometry_role": "design_proposal",
        "road_class": "pedestrian",
        "network_phase": "capillary",
        "conductance": 0.4174,
        "name_zh": "智脉毛细连接194",
        "name_en": "Capillary link 194",
        "design_note_zh": "概念建议连通关系，供专业团队深化，不代表工程线位。"
      },
      "geometry": {
        "type": "LineString",
        "coordinates": [
          [
            116.34753512678576,
            40.01274667974378
          ],
          [
            116.34670488595056,
            40.01383393099602
          ]
        ]
      },
      "id": "ROAD-CP-194"
    },
    {
      "type": "Feature",
      "properties": {
        "id": "ROAD-CP-195",
        "layer": "ROAD_CENTERLINE",
        "source_type": "agent_generated_design",
        "confidence": "medium",
        "geometry_role": "design_proposal",
        "road_class": "pedestrian",
        "network_phase": "capillary",
        "conductance": 0.559,
        "name_zh": "智脉毛细连接195",
        "name_en": "Capillary link 195",
        "design_note_zh": "概念建议连通关系，供专业团队深化，不代表工程线位。"
      },
      "geometry": {
        "type": "LineString",
        "coordinates": [
          [
            116.34917478772948,
            40.01275589973357
          ],
          [
            116.34998426008734,
            40.01385237168458
          ]
        ]
      },
      "id": "ROAD-CP-195"
    },
    {
      "type": "Feature",
      "properties": {
        "id": "ROAD-CP-196",
        "layer": "ROAD_CENTERLINE",
        "source_type": "agent_generated_design",
        "confidence": "medium",
        "geometry_role": "design_proposal",
        "road_class": "pedestrian",
        "network_phase": "capillary",
        "conductance": 0.3654,
        "name_zh": "智脉毛细连接196",
        "name_en": "Capillary link 196",
        "design_note_zh": "概念建议连通关系，供专业团队深化，不代表工程线位。"
      },
      "geometry": {
        "type": "LineString",
        "coordinates": [
          [
            116.35081444942783,
            40.01276509652689
          ],
          [
            116.34998426008734,
            40.01385237168458
          ]
        ]
      },
      "id": "ROAD-CP-196"
    },
    {
      "type": "Feature",
      "properties": {
        "id": "ROAD-CP-197",
        "layer": "ROAD_CENTERLINE",
        "source_type": "agent_generated_design",
        "confidence": "medium",
        "geometry_role": "design_proposal",
        "road_class": "pedestrian",
        "network_phase": "capillary",
        "conductance": 0.358,
        "name_zh": "智脉毛细连接197",
        "name_en": "Capillary link 197",
        "design_note_zh": "概念建议连通关系，供专业团队深化，不代表工程线位。"
      },
      "geometry": {
        "type": "LineString",
        "coordinates": [
          [
            116.35081444942783,
            40.01276509652689
          ],
          [
            116.35162394828723,
            40.013861557232794
          ]
        ]
      },
      "id": "ROAD-CP-197"
    },
    {
      "type": "Feature",
      "properties": {
        "id": "ROAD-CP-198",
        "layer": "ROAD_CENTERLINE",
        "source_type": "agent_generated_design",
        "confidence": "medium",
        "geometry_role": "design_proposal",
        "road_class": "pedestrian",
        "network_phase": "capillary",
        "conductance": 0.3151,
        "name_zh": "智脉毛细连接198",
        "name_en": "Capillary link 198",
        "design_note_zh": "概念建议连通关系，供专业团队深化，不代表工程线位。"
      },
      "geometry": {
        "type": "LineString",
        "coordinates": [
          [
            116.34506520001749,
            40.013824675855716
          ],
          [
            116.34587461861108,
            40.01492117588495
          ]
        ]
      },
      "id": "ROAD-CP-198"
    },
    {
      "type": "Feature",
      "properties": {
        "id": "ROAD-CP-199",
        "layer": "ROAD_CENTERLINE",
        "source_type": "agent_generated_design",
        "confidence": "medium",
        "geometry_role": "design_proposal",
        "road_class": "pedestrian",
        "network_phase": "capillary",
        "conductance": 0.5511,
        "name_zh": "智脉毛细连接199",
        "name_en": "Capillary link 199",
        "design_note_zh": "概念建议连通关系，供专业团队深化，不代表工程线位。"
      },
      "geometry": {
        "type": "LineString",
        "coordinates": [
          [
            116.34670488595056,
            40.01383393099602
          ],
          [
            116.34751433104941,
            40.01493041978197
          ]
        ]
      },
      "id": "ROAD-CP-199"
    },
    {
      "type": "Feature",
      "properties": {
        "id": "ROAD-CP-200",
        "layer": "ROAD_CENTERLINE",
        "source_type": "agent_generated_design",
        "confidence": "medium",
        "geometry_role": "design_proposal",
        "road_class": "pedestrian",
        "network_phase": "capillary",
        "conductance": 0.5339,
        "name_zh": "智脉毛细连接200",
        "name_en": "Capillary link 200",
        "design_note_zh": "概念建议连通关系，供专业团队深化，不代表工程线位。"
      },
      "geometry": {
        "type": "LineString",
        "coordinates": [
          [
            116.34834457264117,
            40.01384316293898
          ],
          [
            116.34751433104941,
            40.01493041978197
          ]
        ]
      },
      "id": "ROAD-CP-200"
    },
    {
      "type": "Feature",
      "properties": {
        "id": "ROAD-CP-201",
        "layer": "ROAD_CENTERLINE",
        "source_type": "agent_generated_design",
        "confidence": "medium",
        "geometry_role": "design_proposal",
        "road_class": "pedestrian",
        "network_phase": "capillary",
        "conductance": 0.5693,
        "name_zh": "智脉毛细连接201",
        "name_en": "Capillary link 201",
        "design_note_zh": "概念建议连通关系，供专业团队深化，不代表工程线位。"
      },
      "geometry": {
        "type": "LineString",
        "coordinates": [
          [
            116.34998426008734,
            40.01385237168458
          ],
          [
            116.34915404424437,
            40.01493964048074
          ]
        ]
      },
      "id": "ROAD-CP-201"
    },
    {
      "type": "Feature",
      "properties": {
        "id": "ROAD-CP-202",
        "layer": "ROAD_CENTERLINE",
        "source_type": "agent_generated_design",
        "confidence": "medium",
        "geometry_role": "design_proposal",
        "road_class": "pedestrian",
        "network_phase": "capillary",
        "conductance": 0.5064,
        "name_zh": "智脉毛细连接202",
        "name_en": "Capillary link 202",
        "design_note_zh": "概念建议连通关系，供专业团队深化，不代表工程线位。"
      },
      "geometry": {
        "type": "LineString",
        "coordinates": [
          [
            116.34998426008734,
            40.01385237168458
          ],
          [
            116.350793758194,
            40.014948837981244
          ]
        ]
      },
      "id": "ROAD-CP-202"
    },
    {
      "type": "Feature",
      "properties": {
        "id": "ROAD-CP-203",
        "layer": "ROAD_CENTERLINE",
        "source_type": "agent_generated_design",
        "confidence": "medium",
        "geometry_role": "design_proposal",
        "road_class": "pedestrian",
        "network_phase": "capillary",
        "conductance": 0.3676,
        "name_zh": "智脉毛细连接203",
        "name_en": "Capillary link 203",
        "design_note_zh": "概念建议连通关系，供专业团队深化，不代表工程线位。"
      },
      "geometry": {
        "type": "LineString",
        "coordinates": [
          [
            116.35162394828723,
            40.013861557232794
          ],
          [
            116.350793758194,
            40.014948837981244
          ]
        ]
      },
      "id": "ROAD-CP-203"
    },
    {
      "type": "Feature",
      "properties": {
        "id": "ROAD-CP-204",
        "layer": "ROAD_CENTERLINE",
        "source_type": "agent_generated_design",
        "confidence": "medium",
        "geometry_role": "design_proposal",
        "road_class": "pedestrian",
        "network_phase": "capillary",
        "conductance": 0.4036,
        "name_zh": "智脉毛细连接204",
        "name_en": "Capillary link 204",
        "design_note_zh": "概念建议连通关系，供专业团队深化，不代表工程线位。"
      },
      "geometry": {
        "type": "LineString",
        "coordinates": [
          [
            116.34587461861108,
            40.01492117588495
          ],
          [
            116.34668406295236,
            40.016017670261846
          ]
        ]
      },
      "id": "ROAD-CP-204"
    },
    {
      "type": "Feature",
      "properties": {
        "id": "ROAD-CP-205",
        "layer": "ROAD_CENTERLINE",
        "source_type": "agent_generated_design",
        "confidence": "medium",
        "geometry_role": "design_proposal",
        "road_class": "pedestrian",
        "network_phase": "capillary",
        "conductance": 0.7278,
        "name_zh": "智脉毛细连接205",
        "name_en": "Capillary link 205",
        "design_note_zh": "概念建议连通关系，供专业团队深化，不代表工程线位。"
      },
      "geometry": {
        "type": "LineString",
        "coordinates": [
          [
            116.34751433104941,
            40.01493041978197
          ],
          [
            116.348323801897,
            40.0160269029147
          ]
        ]
      },
      "id": "ROAD-CP-205"
    },
    {
      "type": "Feature",
      "properties": {
        "id": "ROAD-CP-206",
        "layer": "ROAD_CENTERLINE",
        "source_type": "agent_generated_design",
        "confidence": "medium",
        "geometry_role": "design_proposal",
        "road_class": "pedestrian",
        "network_phase": "capillary",
        "conductance": 0.6562,
        "name_zh": "智脉毛细连接206",
        "name_en": "Capillary link 206",
        "design_note_zh": "概念建议连通关系，供专业团队深化，不代表工程线位。"
      },
      "geometry": {
        "type": "LineString",
        "coordinates": [
          [
            116.34915404424437,
            40.01493964048074
          ],
          [
            116.34996354159729,
            40.0160361123684
          ]
        ]
      },
      "id": "ROAD-CP-206"
    },
    {
      "type": "Feature",
      "properties": {
        "id": "ROAD-CP-207",
        "layer": "ROAD_CENTERLINE",
        "source_type": "agent_generated_design",
        "confidence": "medium",
        "geometry_role": "design_proposal",
        "road_class": "pedestrian",
        "network_phase": "capillary",
        "conductance": 0.5723,
        "name_zh": "智脉毛细连接207",
        "name_en": "Capillary link 207",
        "design_note_zh": "概念建议连通关系，供专业团队深化，不代表工程线位。"
      },
      "geometry": {
        "type": "LineString",
        "coordinates": [
          [
            116.350793758194,
            40.014948837981244
          ],
          [
            116.34996354159729,
            40.0160361123684
          ]
        ]
      },
      "id": "ROAD-CP-207"
    },
    {
      "type": "Feature",
      "properties": {
        "id": "ROAD-CP-208",
        "layer": "ROAD_CENTERLINE",
        "source_type": "agent_generated_design",
        "confidence": "medium",
        "geometry_role": "design_proposal",
        "road_class": "pedestrian",
        "network_phase": "capillary",
        "conductance": 0.3476,
        "name_zh": "智脉毛细连接208",
        "name_en": "Capillary link 208",
        "design_note_zh": "概念建议连通关系，供专业团队深化，不代表工程线位。"
      },
      "geometry": {
        "type": "LineString",
        "coordinates": [
          [
            116.34504432476538,
            40.016008414409875
          ],
          [
            116.34585376834812,
            40.01710491437792
          ]
        ]
      },
      "id": "ROAD-CP-208"
    },
    {
      "type": "Feature",
      "properties": {
        "id": "ROAD-CP-209",
        "layer": "ROAD_CENTERLINE",
        "source_type": "agent_generated_design",
        "confidence": "medium",
        "geometry_role": "design_proposal",
        "road_class": "pedestrian",
        "network_phase": "capillary",
        "conductance": 0.5719,
        "name_zh": "智脉毛细连接209",
        "name_en": "Capillary link 209",
        "design_note_zh": "概念建议连通关系，供专业团队深化，不代表工程线位。"
      },
      "geometry": {
        "type": "LineString",
        "coordinates": [
          [
            116.34668406295236,
            40.016017670261846
          ],
          [
            116.34749353304328,
            40.017114158985734
          ]
        ]
      },
      "id": "ROAD-CP-209"
    },
    {
      "type": "Feature",
      "properties": {
        "id": "ROAD-CP-210",
        "layer": "ROAD_CENTERLINE",
        "source_type": "agent_generated_design",
        "confidence": "medium",
        "geometry_role": "design_proposal",
        "road_class": "pedestrian",
        "network_phase": "capillary",
        "conductance": 0.8342,
        "name_zh": "智脉毛细连接210",
        "name_en": "Capillary link 210",
        "design_note_zh": "概念建议连通关系，供专业团队深化，不代表工程线位。"
      },
      "geometry": {
        "type": "LineString",
        "coordinates": [
          [
            116.34996354159729,
            40.0160361123684
          ],
          [
            116.34913329849516,
            40.017123380393535
          ]
        ]
      },
      "id": "ROAD-CP-210"
    },
    {
      "type": "Feature",
      "properties": {
        "id": "ROAD-CP-211",
        "layer": "ROAD_CENTERLINE",
        "source_type": "agent_generated_design",
        "confidence": "medium",
        "geometry_role": "design_proposal",
        "road_class": "pedestrian",
        "network_phase": "capillary",
        "conductance": 0.3632,
        "name_zh": "智脉毛细连接211",
        "name_en": "Capillary link 211",
        "design_note_zh": "概念建议连通关系，供专业团队深化，不代表工程线位。"
      },
      "geometry": {
        "type": "LineString",
        "coordinates": [
          [
            116.35160328205137,
            40.01604529862292
          ],
          [
            116.35077306470181,
            40.01713257860127
          ]
        ]
      },
      "id": "ROAD-CP-211"
    },
    {
      "type": "Feature",
      "properties": {
        "id": "ROAD-CP-212",
        "layer": "ROAD_CENTERLINE",
        "source_type": "agent_generated_design",
        "confidence": "medium",
        "geometry_role": "design_proposal",
        "road_class": "pedestrian",
        "network_phase": "capillary",
        "conductance": 0.5849,
        "name_zh": "智脉毛细连接212",
        "name_en": "Capillary link 212",
        "design_note_zh": "概念建议连通关系，供专业团队深化，不代表工程线位。"
      },
      "geometry": {
        "type": "LineString",
        "coordinates": [
          [
            116.34913329849516,
            40.017123380393535
          ],
          [
            116.35077306470181,
            40.01713257860127
          ]
        ]
      },
      "id": "ROAD-CP-212"
    },
    {
      "type": "Feature",
      "properties": {
        "id": "ROAD-CP-213",
        "layer": "ROAD_CENTERLINE",
        "source_type": "agent_generated_design",
        "confidence": "medium",
        "geometry_role": "design_proposal",
        "road_class": "pedestrian",
        "network_phase": "capillary",
        "conductance": 0.2917,
        "name_zh": "智脉毛细连接213",
        "name_en": "Capillary link 213",
        "design_note_zh": "概念建议连通关系，供专业团队深化，不代表工程线位。"
      },
      "geometry": {
        "type": "LineString",
        "coordinates": [
          [
            116.34502344723474,
            40.018192152129515
          ],
          [
            116.34666323768137,
            40.0182014086932
          ]
        ]
      },
      "id": "ROAD-CP-213"
    },
    {
      "type": "Feature",
      "properties": {
        "id": "ROAD-CP-214",
        "layer": "ROAD_CENTERLINE",
        "source_type": "agent_generated_design",
        "confidence": "medium",
        "geometry_role": "design_proposal",
        "road_class": "pedestrian",
        "network_phase": "capillary",
        "conductance": 0.3973,
        "name_zh": "智脉毛细连接214",
        "name_en": "Capillary link 214",
        "design_note_zh": "概念建议连通关系，供专业团队深化，不代表工程线位。"
      },
      "geometry": {
        "type": "LineString",
        "coordinates": [
          [
            116.34666323768137,
            40.0182014086932
          ],
          [
            116.34830302888572,
            40.01821064205598
          ]
        ]
      },
      "id": "ROAD-CP-214"
    },
    {
      "type": "Feature",
      "properties": {
        "id": "ROAD-CP-215",
        "layer": "ROAD_CENTERLINE",
        "source_type": "agent_generated_design",
        "confidence": "medium",
        "geometry_role": "design_proposal",
        "road_class": "pedestrian",
        "network_phase": "capillary",
        "conductance": 0.3599,
        "name_zh": "智脉毛细连接215",
        "name_en": "Capillary link 215",
        "design_note_zh": "概念建议连通关系，供专业团队深化，不代表工程线位。"
      },
      "geometry": {
        "type": "LineString",
        "coordinates": [
          [
            116.34994282084584,
            40.01821985221783
          ],
          [
            116.34911255048154,
            40.01930711947193
          ]
        ]
      },
      "id": "ROAD-CP-215"
    },
    {
      "type": "Feature",
      "properties": {
        "id": "ROAD-CP-216",
        "layer": "ROAD_CENTERLINE",
        "source_type": "agent_generated_design",
        "confidence": "medium",
        "geometry_role": "design_proposal",
        "road_class": "pedestrian",
        "network_phase": "capillary",
        "conductance": 0.2855,
        "name_zh": "智脉毛细连接216",
        "name_en": "Capillary link 216",
        "design_note_zh": "概念建议连通关系，供专业团队深化，不代表工程线位。"
      },
      "geometry": {
        "type": "LineString",
        "coordinates": [
          [
            116.35158261355983,
            40.01822903917873
          ],
          [
            116.35239218817327,
            40.01932549410009
          ]
        ]
      },
      "id": "ROAD-CP-216"
    },
    {
      "type": "Feature",
      "properties": {
        "id": "ROAD-CP-217",
        "layer": "ROAD_CENTERLINE",
        "source_type": "agent_generated_design",
        "confidence": "medium",
        "geometry_role": "design_proposal",
        "road_class": "pedestrian",
        "network_phase": "capillary",
        "conductance": 0.2818,
        "name_zh": "智脉毛细连接217",
        "name_en": "Capillary link 217",
        "design_note_zh": "概念建议连通关系，供专业团队深化，不代表工程线位。"
      },
      "geometry": {
        "type": "LineString",
        "coordinates": [
          [
            116.34747273276707,
            40.01929789735507
          ],
          [
            116.34664241013733,
            40.020385146290096
          ]
        ]
      },
      "id": "ROAD-CP-217"
    },
    {
      "type": "Feature",
      "properties": {
        "id": "ROAD-CP-218",
        "layer": "ROAD_CENTERLINE",
        "source_type": "agent_generated_design",
        "confidence": "medium",
        "geometry_role": "design_proposal",
        "road_class": "pedestrian",
        "network_phase": "capillary",
        "conductance": 0.3094,
        "name_zh": "智脉毛细连接218",
        "name_en": "Capillary link 218",
        "design_note_zh": "概念建议连通关系，供专业团队深化，不代表工程线位。"
      },
      "geometry": {
        "type": "LineString",
        "coordinates": [
          [
            116.35239218817327,
            40.01932549410009
          ],
          [
            116.35320178854401,
            40.02042194336471
          ]
        ]
      },
      "id": "ROAD-CP-218"
    },
    {
      "type": "Feature",
      "properties": {
        "id": "ROAD-CP-219",
        "layer": "ROAD_CENTERLINE",
        "source_type": "agent_generated_design",
        "confidence": "medium",
        "geometry_role": "design_proposal",
        "road_class": "pedestrian",
        "network_phase": "capillary",
        "conductance": 0.2776,
        "name_zh": "智脉毛细连接219",
        "name_en": "Capillary link 219",
        "design_note_zh": "概念建议连通关系，供专业团队深化，不代表工程线位。"
      },
      "geometry": {
        "type": "LineString",
        "coordinates": [
          [
            116.3490918002033,
            40.02149085771592
          ],
          [
            116.34990137255764,
            40.022587329413575
          ]
        ]
      },
      "id": "ROAD-CP-219"
    },
    {
      "type": "Feature",
      "properties": {
        "id": "ROAD-CP-220",
        "layer": "ROAD_CENTERLINE",
        "source_type": "agent_generated_design",
        "confidence": "medium",
        "geometry_role": "design_proposal",
        "road_class": "pedestrian",
        "network_phase": "capillary",
        "conductance": 0.2858,
        "name_zh": "智脉毛细连接220",
        "name_en": "Capillary link 220",
        "design_note_zh": "概念建议连通关系，供专业团队深化，不代表工程线位。"
      },
      "geometry": {
        "type": "LineString",
        "coordinates": [
          [
            116.35235089443708,
            40.023692972579454
          ],
          [
            116.35316054482853,
            40.02478942171399
          ]
        ]
      },
      "id": "ROAD-CP-220"
    }
  ]
}
