{
  "type": "FeatureCollection",
  "name": "openworks_land_use_partition",
  "crs_note": "EPSG:4326 exchange; areas computed in EPSG:4548",
  "derivation_note": "Partition derived by splitting the submitted boundary; union equals boundary, polygons share edges.",
  "features": [
    {
      "type": "Feature",
      "id": "LU-001",
      "properties": {
        "id": "LU-001",
        "layer": "LAND_USE",
        "land_use_code": "1403",
        "name_zh": "广场用地（缝合节点）",
        "source_type": "agent_generated_design",
        "confidence": "medium",
        "geometry_role": "design_proposal",
        "area_sqm_declared": 16874.317,
        "derivation": "split(site_boundary, [openworks_axis, seams, campus_industry_line])",
        "usage_note": "依据仓库 provisional_boundaries.geojson 派生的概念建议；不得作为 official redline、审批依据或精确面积复算依据。"
      },
      "geometry": {
        "type": "Polygon",
        "coordinates": [
          [
            [
              116.34424282256376,
              40.0265
            ],
            [
              116.34781199999999,
              40.0265
            ],
            [
              116.34781199999999,
              40.026
            ],
            [
              116.34426032339069,
              40.026
            ],
            [
              116.34424282256376,
              40.0265
            ]
          ]
        ]
      }
    },
    {
      "type": "Feature",
      "id": "LU-002",
      "properties": {
        "id": "LU-002",
        "layer": "LAND_USE",
        "land_use_code": "1403",
        "name_zh": "广场用地（缝合节点）",
        "source_type": "agent_generated_design",
        "confidence": "medium",
        "geometry_role": "design_proposal",
        "area_sqm_declared": 14786.938,
        "derivation": "split(site_boundary, [openworks_axis, seams, campus_industry_line])",
        "usage_note": "依据仓库 provisional_boundaries.geojson 派生的概念建议；不得作为 official redline、审批依据或精确面积复算依据。"
      },
      "geometry": {
        "type": "Polygon",
        "coordinates": [
          [
            [
              116.34781199999999,
              40.0265
            ],
            [
              116.350932,
              40.0265
            ],
            [
              116.350932,
              40.026
            ],
            [
              116.34781199999999,
              40.026
            ],
            [
              116.34781199999999,
              40.0265
            ]
          ]
        ]
      }
    },
    {
      "type": "Feature",
      "id": "LU-003",
      "properties": {
        "id": "LU-003",
        "layer": "LAND_USE",
        "land_use_code": "0701",
        "name_zh": "城镇住宅用地",
        "source_type": "agent_generated_design",
        "confidence": "medium",
        "geometry_role": "design_proposal",
        "area_sqm_declared": 124913.411,
        "derivation": "split(site_boundary, [openworks_axis, seams, campus_industry_line])",
        "usage_note": "依据仓库 provisional_boundaries.geojson 派生的概念建议；不得作为 official redline、审批依据或精确面积复算依据。"
      },
      "geometry": {
        "type": "Polygon",
        "coordinates": [
          [
            [
              116.350932,
              40.0265
            ],
            [
              116.3553,
              40.0265
            ],
            [
              116.35464080403139,
              40.014469673572854
            ],
            [
              116.35446980836274,
              40.01449524930657
            ],
            [
              116.35414848550529,
              40.01454333649498
            ],
            [
              116.354,
              40.01456557318104
            ],
            [
              116.354,
              40.026
            ],
            [
              116.350932,
              40.026
            ],
            [
              116.350932,
              40.0265
            ]
          ]
        ]
      }
    },
    {
      "type": "Feature",
      "id": "LU-004",
      "properties": {
        "id": "LU-004",
        "layer": "LAND_USE",
        "land_use_code": "0802",
        "name_zh": "AI科研与全栈创新用地",
        "source_type": "agent_generated_design",
        "confidence": "medium",
        "geometry_role": "design_proposal",
        "area_sqm_declared": 254268.384,
        "derivation": "split(site_boundary, [openworks_axis, seams, campus_industry_line])",
        "usage_note": "依据仓库 provisional_boundaries.geojson 派生的概念建议；不得作为 official redline、审批依据或精确面积复算依据。"
      },
      "geometry": {
        "type": "Polygon",
        "coordinates": [
          [
            [
              116.3446648833294,
              40.01524946570492
            ],
            [
              116.34463986570249,
              40.01605500563486
            ],
            [
              116.34460304132232,
              40.01716303531179
            ],
            [
              116.34456525,
              40.0182375
            ],
            [
              116.3445269752066,
              40.01927580766341
            ],
            [
              116.34448870041322,
              40.02027536626596
            ],
            [
              116.3444509090909,
              40.021233583771604
            ],
            [
              116.34441408471073,
              40.02214786814426
            ],
            [
              116.3443787107438,
              40.02301562734785
            ],
            [
              116.34434527066115,
              40.02383426934636
            ],
            [
              116.34431424793388,
              40.02460120210368
            ],
            [
              116.34428612603305,
              40.02531383358377
            ],
            [
              116.34426138842974,
              40.025969571750565
            ],
            [
              116.34426032339069,
              40.026
            ],
            [
              116.34781199999999,
              40.026
            ],
            [
              116.34781199999999,
              40.025840159389574
            ],
            [
              116.34780997749053,
              40.02585203237342
            ],
            [
              116.3475486421651,
              40.01555508149841
            ],
            [
              116.34750781141662,
              40.01555617468686
            ],
            [
              116.34730316822184,
              40.01555687049069
            ],
            [
              116.34710263913514,
              40.01555329852643
            ],
            [
              116.34690529263982,
              40.01554570895531
            ],
            [
              116.34671066138208,
              40.01553436017885
            ],
            [
              116.34651826673351,
              40.015519518477674
            ],
            [
              116.34632761424042,
              40.015501455364216
            ],
            [
              116.34617217558949,
              40.01548421418984
            ],
            [
              116.34617757678274,
              40.01571709016576
            ],
            [
              116.3461820180579,
              40.01624037305544
            ],
            [
              116.34617744748427,
              40.01673299560914
            ],
            [
              116.34616396401371,
              40.017205611644314
            ],
            [
              116.34614249040978,
              40.01766911710284
            ],
            [
              116.34611364183004,
              40.01812292657618
            ],
            [
              116.34607802142499,
              40.01856686341718
            ],
            [
              116.34603623194529,
              40.01900075216493
            ],
            [
              116.34598887568171,
              40.01942441901222
            ],
            [
              116.34593655437473,
              40.01983769235452
            ],
            [
              116.34587986909067,
              40.02024040344405
            ],
            [
              116.3458194200613,
              40.020632387173265
            ],
            [
              116.34575580648277,
              40.02101348302465
            ],
            [
              116.34568962626867,
              40.02138353623492
            ],
            [
              116.34562147575366,
              40.02174239923588
            ],
            [
              116.34555194934164,
              40.02208993346143
            ],
            [
              116.34548163909533,
              40.022426011635844
            ],
            [
              116.3454111342658,
              40.022750520712876
            ],
            [
              116.34534102076906,
              40.02306336568867
            ],
            [
              116.34527188062614,
              40.023364474624664
            ],
            [
              116.3452042914142,
              40.02365380534579
            ],
            [
              116.34513882582121,
              40.023931354507475
            ],
            [
              116.34507605149835,
              40.02419717004771
            ],
            [
              116.34501653157285,
              40.024451368622515
            ],
            [
              116.34496082657019,
              40.024694160345376
            ],
            [
              116.34490949915799,
              40.02492588469384
            ],
            [
              116.34486312458088,
              40.0251470635759
            ],
            [
              116.34482231258224,
              40.025358481460046
            ],
            [
              116.3447900294767,
              40.025547947999705
            ],
            [
              116.34523755675576,
              40.015348427573784
            ],
            [
              116.34519006217745,
              40.01534056033756
            ],
            [
              116.34499607652555,
              40.01530740668392
            ],
            [
              116.34479917805817,
              40.01527308746699
            ],
            [
              116.3446648833294,
              40.01524946570492
            ]
          ]
        ]
      }
    },
    {
      "type": "Feature",
      "id": "LU-005",
      "properties": {
        "id": "LU-005",
        "layer": "LAND_USE",
        "land_use_code": "0802",
        "name_zh": "AI科研与全栈创新用地",
        "source_type": "agent_generated_design",
        "confidence": "medium",
        "geometry_role": "design_proposal",
        "area_sqm_declared": 223584.701,
        "derivation": "split(site_boundary, [openworks_axis, seams, campus_industry_line])",
        "usage_note": "依据仓库 provisional_boundaries.geojson 派生的概念建议；不得作为 official redline、审批依据或精确面积复算依据。"
      },
      "geometry": {
        "type": "Polygon",
        "coordinates": [
          [
            [
              116.34921530446854,
              40.0153704548039
            ],
            [
              116.3492226959535,
              40.01568853388433
            ],
            [
              116.34922740985687,
              40.01624104469217
            ],
            [
              116.34922255354233,
              40.016766984392014
            ],
            [
              116.3492081417583,
              40.01727292720501
            ],
            [
              116.34918523167231,
              40.017767913463864
            ],
            [
              116.34915447123002,
              40.018252135996065
            ],
            [
              116.34911652036583,
              40.01872537886725
            ],
            [
              116.34907203941403,
              40.01918742495672
            ],
            [
              116.34902168916886,
              40.01963805549018
            ],
            [
              116.34896613097483,
              40.020077049490475
            ],
            [
              116.34890602685046,
              40.020504183123876
            ],
            [
              116.34884203964873,
              40.02091922891629
            ],
            [
              116.34877483325836,
              40.02132195480357
            ],
            [
              116.34870507285002,
              40.02171212296736
            ],
            [
              116.34863342517332,
              40.02208948839409
            ],
            [
              116.34856055890829,
              40.02245379706814
            ],
            [
              116.3484871450756,
              40.022804783683426
            ],
            [
              116.34841385750693,
              40.02314216870428
            ],
            [
              116.34834137336858,
              40.02346565455261
            ],
            [
              116.34827037372044,
              40.02377492058485
            ],
            [
              116.34820154406533,
              40.02406961639391
            ],
            [
              116.3481355459221,
              40.02434947501919
            ],
            [
              116.34807316132917,
              40.024613689108534
            ],
            [
              116.34801500361823,
              40.024862116254965
            ],
            [
              116.34796180420352,
              40.025094031484976
            ],
            [
              116.34791426347985,
              40.02530870273822
            ],
            [
              116.34787306925635,
              40.02550521552423
            ],
            [
              116.34783887483107,
              40.025682392792596
            ],
            [
              116.34781199999999,
              40.025840159389574
            ],
            [
              116.34781199999999,
              40.026
            ],
            [
              116.350932,
              40.026
            ],
            [
              116.350932,
              40.015036111313954
            ],
            [
              116.35082060782105,
              40.015056053029866
            ],
            [
              116.35061350194124,
              40.01509486940953
            ],
            [
              116.35041113625579,
              40.01513415854554
            ],
            [
              116.35021283243998,
              40.015173621105625
            ],
            [
              116.3500179168473,
              40.0152129528233
            ],
            [
              116.34982572196957,
              40.01525184249236
            ],
            [
              116.34963558827971,
              40.0152899699918
            ],
            [
              116.34944686630189,
              40.015327004526064
            ],
            [
              116.34925891921537,
              40.01536260319484
            ],
            [
              116.34921530446854,
              40.0153704548039
            ]
          ]
        ]
      }
    },
    {
      "type": "Feature",
      "id": "LU-006",
      "properties": {
        "id": "LU-006",
        "layer": "LAND_USE",
        "land_use_code": "0802",
        "name_zh": "AI科研与全栈创新用地",
        "source_type": "agent_generated_design",
        "confidence": "medium",
        "geometry_role": "design_proposal",
        "area_sqm_declared": 325829.819,
        "derivation": "split(site_boundary, [openworks_axis, seams, campus_industry_line])",
        "usage_note": "依据仓库 provisional_boundaries.geojson 派生的概念建议；不得作为 official redline、审批依据或精确面积复算依据。"
      },
      "geometry": {
        "type": "Polygon",
        "coordinates": [
          [
            [
              116.354,
              40.01456557318104
            ],
            [
              116.35382495980281,
              40.01459178660775
            ],
            [
              116.35350189493006,
              40.01464020759049
            ],
            [
              116.35318195529499,
              40.014688207277565
            ],
            [
              116.35286780600897,
              40.0147353933954
            ],
            [
              116.35256211319326,
              40.01478137351523
            ],
            [
              116.35226754447834,
              40.01482575497539
            ],
            [
              116.35198676971447,
              40.014868144770126
            ],
            [
              116.35172246241893,
              40.01490814932284
            ],
            [
              116.3514786600021,
              40.01494516793774
            ],
            [
              116.35125176903205,
              40.014981022795865
            ],
            [
              116.35103313557578,
              40.01501800576167
            ],
            [
              116.350932,
              40.015036111313954
            ],
            [
              116.350932,
              40.026
            ],
            [
              116.354,
              40.026
            ],
            [
              116.354,
              40.01456557318104
            ]
          ]
        ]
      }
    },
    {
      "type": "Feature",
      "id": "LU-007",
      "properties": {
        "id": "LU-007",
        "layer": "LAND_USE",
        "land_use_code": "1403",
        "name_zh": "广场用地（缝合节点）",
        "source_type": "agent_generated_design",
        "confidence": "medium",
        "geometry_role": "design_proposal",
        "area_sqm_declared": 70072.845,
        "derivation": "split(site_boundary, [openworks_axis, seams, campus_industry_line])",
        "usage_note": "依据仓库 provisional_boundaries.geojson 派生的概念建议；不得作为 official redline、审批依据或精确面积复算依据。"
      },
      "geometry": {
        "type": "Polygon",
        "coordinates": [
          [
            [
              116.34213021567179,
              40.01481942127166
            ],
            [
              116.3427,
              40.0265
            ],
            [
              116.34424282256376,
              40.0265
            ],
            [
              116.34426032339069,
              40.026
            ],
            [
              116.343,
              40.026
            ],
            [
              116.343,
              40.01496987702113
            ],
            [
              116.34272240932152,
              40.01492271017822
            ],
            [
              116.34242630549863,
              40.01487145229053
            ],
            [
              116.34213021567179,
              40.01481942127166
            ]
          ]
        ]
      }
    },
    {
      "type": "Feature",
      "id": "LU-008",
      "properties": {
        "id": "LU-008",
        "layer": "LAND_USE",
        "land_use_code": "16",
        "name_zh": "留白用地（产业代际缓冲）",
        "source_type": "agent_generated_design",
        "confidence": "medium",
        "geometry_role": "design_proposal",
        "area_sqm_declared": 152086.516,
        "derivation": "split(site_boundary, [openworks_axis, seams, campus_industry_line])",
        "usage_note": "依据仓库 provisional_boundaries.geojson 派生的概念建议；不得作为 official redline、审批依据或精确面积复算依据。"
      },
      "geometry": {
        "type": "Polygon",
        "coordinates": [
          [
            [
              116.34426032339069,
              40.026
            ],
            [
              116.34426138842974,
              40.025969571750565
            ],
            [
              116.34428612603305,
              40.02531383358377
            ],
            [
              116.34431424793388,
              40.02460120210368
            ],
            [
              116.34434527066115,
              40.02383426934636
            ],
            [
              116.3443787107438,
              40.02301562734785
            ],
            [
              116.34441408471073,
              40.02214786814426
            ],
            [
              116.3444509090909,
              40.021233583771604
            ],
            [
              116.34448870041322,
              40.02027536626596
            ],
            [
              116.3445269752066,
              40.01927580766341
            ],
            [
              116.34456525,
              40.0182375
            ],
            [
              116.34460304132232,
              40.01716303531179
            ],
            [
              116.34463986570249,
              40.01605500563486
            ],
            [
              116.3446648833294,
              40.01524946570492
            ],
            [
              116.34459871870646,
              40.01523782768312
            ],
            [
              116.34439404319718,
              40.01520184635622
            ],
            [
              116.3441844915523,
              40.015165357864014
            ],
            [
              116.34396940040178,
              40.01512857313583
            ],
            [
              116.34374810477838,
              40.015091700926135
            ],
            [
              116.34351837451264,
              40.01505469685503
            ],
            [
              116.34327175834758,
              40.015014998915085
            ],
            [
              116.34300507579462,
              40.01497073947519
            ],
            [
              116.343,
              40.01496987702113
            ],
            [
              116.343,
              40.026
            ],
            [
              116.34426032339069,
              40.026
            ]
          ]
        ]
      }
    },
    {
      "type": "Feature",
      "id": "LU-009",
      "properties": {
        "id": "LU-009",
        "layer": "LAND_USE",
        "land_use_code": "1401",
        "name_zh": "公园绿地（开物主轴）",
        "source_type": "agent_generated_design",
        "confidence": "medium",
        "geometry_role": "design_proposal",
        "area_sqm_declared": 92160.089,
        "derivation": "split(site_boundary, [openworks_axis, seams, campus_industry_line])",
        "usage_note": "依据仓库 provisional_boundaries.geojson 派生的概念建议；不得作为 official redline、审批依据或精确面积复算依据。"
      },
      "geometry": {
        "type": "Polygon",
        "coordinates": [
          [
            [
              116.34781199999999,
              40.025840159389574
            ],
            [
              116.34783887483107,
              40.025682392792596
            ],
            [
              116.34787306925635,
              40.02550521552423
            ],
            [
              116.34791426347985,
              40.02530870273822
            ],
            [
              116.34796180420352,
              40.025094031484976
            ],
            [
              116.34801500361823,
              40.024862116254965
            ],
            [
              116.34807316132917,
              40.024613689108534
            ],
            [
              116.3481355459221,
              40.02434947501919
            ],
            [
              116.34820154406533,
              40.02406961639391
            ],
            [
              116.34827037372044,
              40.02377492058485
            ],
            [
              116.34834137336858,
              40.02346565455261
            ],
            [
              116.34841385750693,
              40.02314216870428
            ],
            [
              116.3484871450756,
              40.022804783683426
            ],
            [
              116.34856055890829,
              40.02245379706814
            ],
            [
              116.34863342517332,
              40.02208948839409
            ],
            [
              116.34870507285002,
              40.02171212296736
            ],
            [
              116.34877483325836,
              40.02132195480357
            ],
            [
              116.34884203964873,
              40.02091922891629
            ],
            [
              116.34890602685046,
              40.020504183123876
            ],
            [
              116.34896613097483,
              40.020077049490475
            ],
            [
              116.34902168916886,
              40.01963805549018
            ],
            [
              116.34907203941403,
              40.01918742495672
            ],
            [
              116.34911652036583,
              40.01872537886725
            ],
            [
              116.34915447123002,
              40.018252135996065
            ],
            [
              116.34918523167231,
              40.017767913463864
            ],
            [
              116.3492081417583,
              40.01727292720501
            ],
            [
              116.34922255354233,
              40.016766984392014
            ],
            [
              116.34922740985687,
              40.01624104469217
            ],
            [
              116.3492226959535,
              40.01568853388433
            ],
            [
              116.34921530446854,
              40.0153704548039
            ],
            [
              116.34907112580157,
              40.015396410119706
            ],
            [
              116.3488828837265,
              40.01542805631107
            ],
            [
              116.34869361286069,
              40.01545716047891
            ],
            [
              116.34850275829494,
              40.01548333092137
            ],
            [
              116.34830979253779,
              40.015506168533705
            ],
            [
              116.34811421635384,
              40.01552527082417
            ],
            [
              116.3479155577464,
              40.015540236644206
            ],
            [
              116.34781199999999,
              40.01554558102782
            ],
            [
              116.34781199999999,
              40.025840159389574
            ]
          ]
        ]
      }
    },
    {
      "type": "Feature",
      "id": "LU-010",
      "properties": {
        "id": "LU-010",
        "layer": "LAND_USE",
        "land_use_code": "1401",
        "name_zh": "公园绿地（开物主轴）",
        "source_type": "agent_generated_design",
        "confidence": "medium",
        "geometry_role": "design_proposal",
        "area_sqm_declared": 67050.289,
        "derivation": "split(site_boundary, [openworks_axis, seams, campus_industry_line])",
        "usage_note": "依据仓库 provisional_boundaries.geojson 派生的概念建议；不得作为 official redline、审批依据或精确面积复算依据。"
      },
      "geometry": {
        "type": "Polygon",
        "coordinates": [
          [
            [
              116.34523755675576,
              40.015348427573784
            ],
            [
              116.3447900294767,
              40.025547947999705
            ],
            [
              116.34482231258224,
              40.025358481460046
            ],
            [
              116.34486312458088,
              40.0251470635759
            ],
            [
              116.34490949915799,
              40.02492588469384
            ],
            [
              116.34496082657019,
              40.024694160345376
            ],
            [
              116.34501653157285,
              40.024451368622515
            ],
            [
              116.34507605149835,
              40.02419717004771
            ],
            [
              116.34513882582121,
              40.023931354507475
            ],
            [
              116.3452042914142,
              40.02365380534579
            ],
            [
              116.34527188062614,
              40.023364474624664
            ],
            [
              116.34534102076906,
              40.02306336568867
            ],
            [
              116.3454111342658,
              40.022750520712876
            ],
            [
              116.34548163909533,
              40.022426011635844
            ],
            [
              116.34555194934164,
              40.02208993346143
            ],
            [
              116.34562147575366,
              40.02174239923588
            ],
            [
              116.34568962626867,
              40.02138353623492
            ],
            [
              116.34575580648277,
              40.02101348302465
            ],
            [
              116.3458194200613,
              40.020632387173265
            ],
            [
              116.34587986909067,
              40.02024040344405
            ],
            [
              116.34593655437473,
              40.01983769235452
            ],
            [
              116.34598887568171,
              40.01942441901222
            ],
            [
              116.34603623194529,
              40.01900075216493
            ],
            [
              116.34607802142499,
              40.01856686341718
            ],
            [
              116.34611364183004,
              40.01812292657618
            ],
            [
              116.34614249040978,
              40.01766911710284
            ],
            [
              116.34616396401371,
              40.017205611644314
            ],
            [
              116.34617744748427,
              40.01673299560914
            ],
            [
              116.3461820180579,
              40.01624037305544
            ],
            [
              116.34617757678274,
              40.01571709016576
            ],
            [
              116.34617217558949,
              40.01548421418984
            ],
            [
              116.34613819034071,
              40.01548044456371
            ],
            [
              116.34594946050628,
              40.01545675897442
            ],
            [
              116.34576086877598,
              40.015430667926786
            ],
            [
              116.34557183847028,
              40.01540243498055
            ],
            [
              116.34538177381997,
              40.01537231639965
            ],
            [
              116.34523755675576,
              40.015348427573784
            ]
          ]
        ]
      }
    },
    {
      "type": "Feature",
      "id": "LU-011",
      "properties": {
        "id": "LU-011",
        "layer": "LAND_USE",
        "land_use_code": "1401",
        "name_zh": "公园绿地（开物主轴）",
        "source_type": "agent_generated_design",
        "confidence": "medium",
        "geometry_role": "design_proposal",
        "area_sqm_declared": 12962.766,
        "derivation": "split(site_boundary, [openworks_axis, seams, campus_industry_line])",
        "usage_note": "依据仓库 provisional_boundaries.geojson 派生的概念建议；不得作为 official redline、审批依据或精确面积复算依据。"
      },
      "geometry": {
        "type": "Polygon",
        "coordinates": [
          [
            [
              116.3475486421651,
              40.01555508149841
            ],
            [
              116.34780997749053,
              40.02585203237342
            ],
            [
              116.34781199999999,
              40.025840159389574
            ],
            [
              116.34781199999999,
              40.01554558102782
            ],
            [
              116.34771336877535,
              40.015550671164675
            ],
            [
              116.3475486421651,
              40.01555508149841
            ]
          ]
        ]
      }
    },
    {
      "type": "Feature",
      "id": "LU-012",
      "properties": {
        "id": "LU-012",
        "layer": "LAND_USE",
        "land_use_code": "1403",
        "name_zh": "广场用地（缝合节点）",
        "source_type": "agent_generated_design",
        "confidence": "medium",
        "geometry_role": "design_proposal",
        "area_sqm_declared": 16788.207,
        "derivation": "split(site_boundary, [openworks_axis, seams, campus_industry_line])",
        "usage_note": "依据仓库 provisional_boundaries.geojson 派生的概念建议；不得作为 official redline、审批依据或精确面积复算依据。"
      },
      "geometry": {
        "type": "Polygon",
        "coordinates": [
          [
            [
              116.34612894091994,
              40.01425
            ],
            [
              116.34614428472464,
              40.0145865463169
            ],
            [
              116.34616477009169,
              40.015164921313136
            ],
            [
              116.34617217558949,
              40.01548421418984
            ],
            [
              116.34632761424042,
              40.015501455364216
            ],
            [
              116.34651826673351,
              40.015519518477674
            ],
            [
              116.34671066138208,
              40.01553436017885
            ],
            [
              116.34690529263982,
              40.01554570895531
            ],
            [
              116.34710263913514,
              40.01555329852643
            ],
            [
              116.34730316822184,
              40.01555687049069
            ],
            [
              116.34750781141662,
              40.01555617468686
            ],
            [
              116.3475486421651,
              40.01555508149841
            ],
            [
              116.34751551935989,
              40.01425
            ],
            [
              116.34612894091994,
              40.01425
            ]
          ]
        ]
      }
    },
    {
      "type": "Feature",
      "id": "LU-013",
      "properties": {
        "id": "LU-013",
        "layer": "LAND_USE",
        "land_use_code": "1401",
        "name_zh": "公园绿地（开物主轴）",
        "source_type": "agent_generated_design",
        "confidence": "medium",
        "geometry_role": "design_proposal",
        "area_sqm_declared": 3453.396,
        "derivation": "split(site_boundary, [openworks_axis, seams, campus_industry_line])",
        "usage_note": "依据仓库 provisional_boundaries.geojson 派生的概念建议；不得作为 official redline、审批依据或精确面积复算依据。"
      },
      "geometry": {
        "type": "Polygon",
        "coordinates": [
          [
            [
              116.34751551935989,
              40.01425
            ],
            [
              116.3475486421651,
              40.01555508149841
            ],
            [
              116.34771336877535,
              40.015550671164675
            ],
            [
              116.34781199999999,
              40.01554558102782
            ],
            [
              116.34781199999999,
              40.01425
            ],
            [
              116.34751551935989,
              40.01425
            ]
          ]
        ]
      }
    },
    {
      "type": "Feature",
      "id": "LU-014",
      "properties": {
        "id": "LU-014",
        "layer": "LAND_USE",
        "land_use_code": "1401",
        "name_zh": "公园绿地（开物主轴）",
        "source_type": "agent_generated_design",
        "confidence": "medium",
        "geometry_role": "design_proposal",
        "area_sqm_declared": 16095.647,
        "derivation": "split(site_boundary, [openworks_axis, seams, campus_industry_line])",
        "usage_note": "依据仓库 provisional_boundaries.geojson 派生的概念建议；不得作为 official redline、审批依据或精确面积复算依据。"
      },
      "geometry": {
        "type": "Polygon",
        "coordinates": [
          [
            [
              116.34921530446854,
              40.0153704548039
            ],
            [
              116.34920930160537,
              40.01511213253091
            ],
            [
              116.3491880762383,
              40.01451361574906
            ],
            [
              116.3491760457665,
              40.01425
            ],
            [
              116.34781199999999,
              40.01425
            ],
            [
              116.34781199999999,
              40.01554558102782
            ],
            [
              116.3479155577464,
              40.015540236644206
            ],
            [
              116.34811421635384,
              40.01552527082417
            ],
            [
              116.34830979253779,
              40.015506168533705
            ],
            [
              116.34850275829494,
              40.01548333092137
            ],
            [
              116.34869361286069,
              40.01545716047891
            ],
            [
              116.3488828837265,
              40.01542805631107
            ],
            [
              116.34907112580157,
              40.015396410119706
            ],
            [
              116.34921530446854,
              40.0153704548039
            ]
          ]
        ]
      }
    },
    {
      "type": "Feature",
      "id": "LU-015",
      "properties": {
        "id": "LU-015",
        "layer": "LAND_USE",
        "land_use_code": "1401",
        "name_zh": "公园绿地（开物主轴）",
        "source_type": "agent_generated_design",
        "confidence": "medium",
        "geometry_role": "design_proposal",
        "area_sqm_declared": 9897.383,
        "derivation": "split(site_boundary, [openworks_axis, seams, campus_industry_line])",
        "usage_note": "依据仓库 provisional_boundaries.geojson 派生的概念建议；不得作为 official redline、审批依据或精确面积复算依据。"
      },
      "geometry": {
        "type": "Polygon",
        "coordinates": [
          [
            [
              116.34528575277702,
              40.01425
            ],
            [
              116.34523755675576,
              40.015348427573784
            ],
            [
              116.34538177381997,
              40.01537231639965
            ],
            [
              116.34557183847028,
              40.01540243498055
            ],
            [
              116.34576086877598,
              40.015430667926786
            ],
            [
              116.34594946050628,
              40.01545675897442
            ],
            [
              116.34613819034071,
              40.01548044456371
            ],
            [
              116.34617217558949,
              40.01548421418984
            ],
            [
              116.34616477009169,
              40.015164921313136
            ],
            [
              116.34614428472464,
              40.0145865463169
            ],
            [
              116.34612894091994,
              40.01425
            ],
            [
              116.34528575277702,
              40.01425
            ]
          ]
        ]
      }
    },
    {
      "type": "Feature",
      "id": "LU-016",
      "properties": {
        "id": "LU-016",
        "layer": "LAND_USE",
        "land_use_code": "1403",
        "name_zh": "广场用地（缝合节点）",
        "source_type": "agent_generated_design",
        "confidence": "medium",
        "geometry_role": "design_proposal",
        "area_sqm_declared": 5806.215,
        "derivation": "split(site_boundary, [openworks_axis, seams, campus_industry_line])",
        "usage_note": "依据仓库 provisional_boundaries.geojson 派生的概念建议；不得作为 official redline、审批依据或精确面积复算依据。"
      },
      "geometry": {
        "type": "Polygon",
        "coordinates": [
          [
            [
              116.34469431754285,
              40.01425
            ],
            [
              116.34467523966941,
              40.01491600300526
            ],
            [
              116.3446648833294,
              40.01524946570492
            ],
            [
              116.34479917805817,
              40.01527308746699
            ],
            [
              116.34499607652555,
              40.01530740668392
            ],
            [
              116.34519006217745,
              40.01534056033756
            ],
            [
              116.34523755675576,
              40.015348427573784
            ],
            [
              116.34528575277702,
              40.01425
            ],
            [
              116.34469431754285,
              40.01425
            ]
          ]
        ]
      }
    },
    {
      "type": "Feature",
      "id": "LU-017",
      "properties": {
        "id": "LU-017",
        "layer": "LAND_USE",
        "land_use_code": "1403",
        "name_zh": "广场用地（缝合节点）",
        "source_type": "agent_generated_design",
        "confidence": "medium",
        "geometry_role": "design_proposal",
        "area_sqm_declared": 15683.504,
        "derivation": "split(site_boundary, [openworks_axis, seams, campus_industry_line])",
        "usage_note": "依据仓库 provisional_boundaries.geojson 派生的概念建议；不得作为 official redline、审批依据或精确面积复算依据。"
      },
      "geometry": {
        "type": "Polygon",
        "coordinates": [
          [
            [
              116.3491760457665,
              40.01425
            ],
            [
              116.3491880762383,
              40.01451361574906
            ],
            [
              116.34920930160537,
              40.01511213253091
            ],
            [
              116.34921530446854,
              40.0153704548039
            ],
            [
              116.34925891921537,
              40.01536260319484
            ],
            [
              116.34944686630189,
              40.015327004526064
            ],
            [
              116.34963558827971,
              40.0152899699918
            ],
            [
              116.34982572196957,
              40.01525184249236
            ],
            [
              116.3500179168473,
              40.0152129528233
            ],
            [
              116.35021283243998,
              40.015173621105625
            ],
            [
              116.35041113625579,
              40.01513415854554
            ],
            [
              116.35061350194124,
              40.01509486940953
            ],
            [
              116.35082060782105,
              40.015056053029866
            ],
            [
              116.350932,
              40.015036111313954
            ],
            [
              116.350932,
              40.01425
            ],
            [
              116.3491760457665,
              40.01425
            ]
          ]
        ]
      }
    },
    {
      "type": "Feature",
      "id": "LU-018",
      "properties": {
        "id": "LU-018",
        "layer": "LAND_USE",
        "land_use_code": "1403",
        "name_zh": "广场用地（缝合节点）",
        "source_type": "agent_generated_design",
        "confidence": "medium",
        "geometry_role": "design_proposal",
        "area_sqm_declared": 13676.121,
        "derivation": "split(site_boundary, [openworks_axis, seams, campus_industry_line])",
        "usage_note": "依据仓库 provisional_boundaries.geojson 派生的概念建议；不得作为 official redline、审批依据或精确面积复算依据。"
      },
      "geometry": {
        "type": "Polygon",
        "coordinates": [
          [
            [
              116.3446648833294,
              40.01524946570492
            ],
            [
              116.34467523966941,
              40.01491600300526
            ],
            [
              116.34469431754285,
              40.01425
            ],
            [
              116.343,
              40.01425
            ],
            [
              116.343,
              40.01496987702113
            ],
            [
              116.34300507579462,
              40.01497073947519
            ],
            [
              116.34327175834758,
              40.015014998915085
            ],
            [
              116.34351837451264,
              40.01505469685503
            ],
            [
              116.34374810477838,
              40.015091700926135
            ],
            [
              116.34396940040178,
              40.01512857313583
            ],
            [
              116.3441844915523,
              40.015165357864014
            ],
            [
              116.34439404319718,
              40.01520184635622
            ],
            [
              116.34459871870646,
              40.01523782768312
            ],
            [
              116.3446648833294,
              40.01524946570492
            ]
          ]
        ]
      }
    },
    {
      "type": "Feature",
      "id": "LU-019",
      "properties": {
        "id": "LU-019",
        "layer": "LAND_USE",
        "land_use_code": "1403",
        "name_zh": "广场用地（缝合节点）",
        "source_type": "agent_generated_design",
        "confidence": "medium",
        "geometry_role": "design_proposal",
        "area_sqm_declared": 5395.292,
        "derivation": "split(site_boundary, [openworks_axis, seams, campus_industry_line])",
        "usage_note": "依据仓库 provisional_boundaries.geojson 派生的概念建议；不得作为 official redline、审批依据或精确面积复算依据。"
      },
      "geometry": {
        "type": "Polygon",
        "coordinates": [
          [
            [
              116.34210243902439,
              40.01425
            ],
            [
              116.34213021567179,
              40.01481942127166
            ],
            [
              116.34242630549863,
              40.01487145229053
            ],
            [
              116.34272240932152,
              40.01492271017822
            ],
            [
              116.343,
              40.01496987702113
            ],
            [
              116.343,
              40.01425
            ],
            [
              116.34210243902439,
              40.01425
            ]
          ]
        ]
      }
    },
    {
      "type": "Feature",
      "id": "LU-020",
      "properties": {
        "id": "LU-020",
        "layer": "LAND_USE",
        "land_use_code": "1403",
        "name_zh": "广场用地（缝合节点）",
        "source_type": "agent_generated_design",
        "confidence": "medium",
        "geometry_role": "design_proposal",
        "area_sqm_declared": 15901.652,
        "derivation": "split(site_boundary, [openworks_axis, seams, campus_industry_line])",
        "usage_note": "依据仓库 provisional_boundaries.geojson 派生的概念建议；不得作为 official redline、审批依据或精确面积复算依据。"
      },
      "geometry": {
        "type": "Polygon",
        "coordinates": [
          [
            [
              116.350932,
              40.015036111313954
            ],
            [
              116.35103313557578,
              40.01501800576167
            ],
            [
              116.35125176903205,
              40.014981022795865
            ],
            [
              116.3514786600021,
              40.01494516793774
            ],
            [
              116.35172246241893,
              40.01490814932284
            ],
            [
              116.35198676971447,
              40.014868144770126
            ],
            [
              116.35226754447834,
              40.01482575497539
            ],
            [
              116.35256211319326,
              40.01478137351523
            ],
            [
              116.35286780600897,
              40.0147353933954
            ],
            [
              116.35318195529499,
              40.014688207277565
            ],
            [
              116.35350189493006,
              40.01464020759049
            ],
            [
              116.35382495980281,
              40.01459178660775
            ],
            [
              116.354,
              40.01456557318104
            ],
            [
              116.354,
              40.01425
            ],
            [
              116.350932,
              40.01425
            ],
            [
              116.350932,
              40.015036111313954
            ]
          ]
        ]
      }
    },
    {
      "type": "Feature",
      "id": "LU-021",
      "properties": {
        "id": "LU-021",
        "layer": "LAND_USE",
        "land_use_code": "1403",
        "name_zh": "广场用地（缝合节点）",
        "source_type": "agent_generated_design",
        "confidence": "medium",
        "geometry_role": "design_proposal",
        "area_sqm_declared": 1613.233,
        "derivation": "split(site_boundary, [openworks_axis, seams, campus_industry_line])",
        "usage_note": "依据仓库 provisional_boundaries.geojson 派生的概念建议；不得作为 official redline、审批依据或精确面积复算依据。"
      },
      "geometry": {
        "type": "Polygon",
        "coordinates": [
          [
            [
              116.35464080403139,
              40.014469673572854
            ],
            [
              116.35462876712329,
              40.01425
            ],
            [
              116.354,
              40.01425
            ],
            [
              116.354,
              40.01456557318104
            ],
            [
              116.35414848550529,
              40.01454333649498
            ],
            [
              116.35446980836274,
              40.01449524930657
            ],
            [
              116.35464080403139,
              40.014469673572854
            ]
          ]
        ]
      }
    },
    {
      "type": "Feature",
      "id": "LU-022",
      "properties": {
        "id": "LU-022",
        "layer": "LAND_USE",
        "land_use_code": "1401",
        "name_zh": "公园绿地（开物主轴）",
        "source_type": "agent_generated_design",
        "confidence": "medium",
        "geometry_role": "design_proposal",
        "area_sqm_declared": 1335.236,
        "derivation": "split(site_boundary, [openworks_axis, seams, campus_industry_line])",
        "usage_note": "依据仓库 provisional_boundaries.geojson 派生的概念建议；不得作为 official redline、审批依据或精确面积复算依据。"
      },
      "geometry": {
        "type": "Polygon",
        "coordinates": [
          [
            [
              116.34751551935989,
              40.01425
            ],
            [
              116.34781199999999,
              40.01425
            ],
            [
              116.34781199999999,
              40.01377979141896
            ],
            [
              116.34750381148294,
              40.01378869445831
            ],
            [
              116.34751551935989,
              40.01425
            ]
          ]
        ]
      }
    },
    {
      "type": "Feature",
      "id": "LU-023",
      "properties": {
        "id": "LU-023",
        "layer": "LAND_USE",
        "land_use_code": "1403",
        "name_zh": "广场用地（缝合节点）",
        "source_type": "agent_generated_design",
        "confidence": "medium",
        "geometry_role": "design_proposal",
        "area_sqm_declared": 6378.655,
        "derivation": "split(site_boundary, [openworks_axis, seams, campus_industry_line])",
        "usage_note": "依据仓库 provisional_boundaries.geojson 派生的概念建议；不得作为 official redline、审批依据或精确面积复算依据。"
      },
      "geometry": {
        "type": "Polygon",
        "coordinates": [
          [
            [
              116.34610374751972,
              40.013742277987376
            ],
            [
              116.3461168376944,
              40.01398453155493
            ],
            [
              116.34612894091994,
              40.01425
            ],
            [
              116.34751551935989,
              40.01425
            ],
            [
              116.34750381148294,
              40.01378869445831
            ],
            [
              116.34746779194452,
              40.0137897350012
            ],
            [
              116.34610374751972,
              40.013742277987376
            ]
          ]
        ]
      }
    },
    {
      "type": "Feature",
      "id": "LU-024",
      "properties": {
        "id": "LU-024",
        "layer": "LAND_USE",
        "land_use_code": "1401",
        "name_zh": "公园绿地（开物主轴）",
        "source_type": "agent_generated_design",
        "confidence": "medium",
        "geometry_role": "design_proposal",
        "area_sqm_declared": 6278.385,
        "derivation": "split(site_boundary, [openworks_axis, seams, campus_industry_line])",
        "usage_note": "依据仓库 provisional_boundaries.geojson 派生的概念建议；不得作为 official redline、审批依据或精确面积复算依据。"
      },
      "geometry": {
        "type": "Polygon",
        "coordinates": [
          [
            [
              116.3491760457665,
              40.01425
            ],
            [
              116.34915983901014,
              40.01389487209777
            ],
            [
              116.34915152282507,
              40.01374109489469
            ],
            [
              116.34781199999999,
              40.01377979141896
            ],
            [
              116.34781199999999,
              40.01425
            ],
            [
              116.3491760457665,
              40.01425
            ]
          ]
        ]
      }
    },
    {
      "type": "Feature",
      "id": "LU-025",
      "properties": {
        "id": "LU-025",
        "layer": "LAND_USE",
        "land_use_code": "1401",
        "name_zh": "公园绿地（开物主轴）",
        "source_type": "agent_generated_design",
        "confidence": "medium",
        "geometry_role": "design_proposal",
        "area_sqm_declared": 4051.235,
        "derivation": "split(site_boundary, [openworks_axis, seams, campus_industry_line])",
        "usage_note": "依据仓库 provisional_boundaries.geojson 派生的概念建议；不得作为 official redline、审批依据或精确面积复算依据。"
      },
      "geometry": {
        "type": "Polygon",
        "coordinates": [
          [
            [
              116.34530924309365,
              40.01371463606689
            ],
            [
              116.34528575277702,
              40.01425
            ],
            [
              116.34612894091994,
              40.01425
            ],
            [
              116.3461168376944,
              40.01398453155493
            ],
            [
              116.34610374751972,
              40.013742277987376
            ],
            [
              116.34530924309365,
              40.01371463606689
            ]
          ]
        ]
      }
    },
    {
      "type": "Feature",
      "id": "LU-026",
      "properties": {
        "id": "LU-026",
        "layer": "LAND_USE",
        "land_use_code": "1403",
        "name_zh": "广场用地（缝合节点）",
        "source_type": "agent_generated_design",
        "confidence": "medium",
        "geometry_role": "design_proposal",
        "area_sqm_declared": 8962.968,
        "derivation": "split(site_boundary, [openworks_axis, seams, campus_industry_line])",
        "usage_note": "依据仓库 provisional_boundaries.geojson 派生的概念建议；不得作为 official redline、审批依据或精确面积复算依据。"
      },
      "geometry": {
        "type": "Polygon",
        "coordinates": [
          [
            [
              116.34915152282507,
              40.01374109489469
            ],
            [
              116.34915983901014,
              40.01389487209777
            ],
            [
              116.3491760457665,
              40.01425
            ],
            [
              116.350932,
              40.01425
            ],
            [
              116.350932,
              40.013689659953144
            ],
            [
              116.34915152282507,
              40.01374109489469
            ]
          ]
        ]
      }
    },
    {
      "type": "Feature",
      "id": "LU-027",
      "properties": {
        "id": "LU-027",
        "layer": "LAND_USE",
        "land_use_code": "1403",
        "name_zh": "广场用地（缝合节点）",
        "source_type": "agent_generated_design",
        "confidence": "medium",
        "geometry_role": "design_proposal",
        "area_sqm_declared": 3081.802,
        "derivation": "split(site_boundary, [openworks_axis, seams, campus_industry_line])",
        "usage_note": "依据仓库 provisional_boundaries.geojson 派生的概念建议；不得作为 official redline、审批依据或精确面积复算依据。"
      },
      "geometry": {
        "type": "Polygon",
        "coordinates": [
          [
            [
              116.34471010529738,
              40.01369379122477
            ],
            [
              116.34470867975207,
              40.01374861945906
            ],
            [
              116.34469431754285,
              40.01425
            ],
            [
              116.34528575277702,
              40.01425
            ],
            [
              116.34530924309365,
              40.01371463606689
            ],
            [
              116.34471010529738,
              40.01369379122477
            ]
          ]
        ]
      }
    },
    {
      "type": "Feature",
      "id": "LU-028",
      "properties": {
        "id": "LU-028",
        "layer": "LAND_USE",
        "land_use_code": "1403",
        "name_zh": "广场用地（缝合节点）",
        "source_type": "agent_generated_design",
        "confidence": "medium",
        "geometry_role": "design_proposal",
        "area_sqm_declared": 18899.172,
        "derivation": "split(site_boundary, [openworks_axis, seams, campus_industry_line])",
        "usage_note": "依据仓库 provisional_boundaries.geojson 派生的概念建议；不得作为 official redline、审批依据或精确面积复算依据。"
      },
      "geometry": {
        "type": "Polygon",
        "coordinates": [
          [
            [
              116.354,
              40.01360103067843
            ],
            [
              116.350932,
              40.013689659953144
            ],
            [
              116.350932,
              40.01425
            ],
            [
              116.354,
              40.01425
            ],
            [
              116.35462876712329,
              40.01425
            ],
            [
              116.35461717655308,
              40.014038472093645
            ],
            [
              116.354,
              40.01401699965794
            ],
            [
              116.354,
              40.0139416695052
            ],
            [
              116.354,
              40.01360103067843
            ]
          ]
        ]
      }
    },
    {
      "type": "Feature",
      "id": "LU-029",
      "properties": {
        "id": "LU-029",
        "layer": "LAND_USE",
        "land_use_code": "0701",
        "name_zh": "城镇住宅用地",
        "source_type": "agent_generated_design",
        "confidence": "medium",
        "geometry_role": "design_proposal",
        "area_sqm_declared": 764.548,
        "derivation": "split(site_boundary, [openworks_axis, seams, campus_industry_line])",
        "usage_note": "依据仓库 provisional_boundaries.geojson 派生的概念建议；不得作为 official redline、审批依据或精确面积复算依据。"
      },
      "geometry": {
        "type": "Polygon",
        "coordinates": [
          [
            [
              116.35460689695512,
              40.013850869430804
            ],
            [
              116.35431771368391,
              40.01389412243305
            ],
            [
              116.354,
              40.0139416695052
            ],
            [
              116.354,
              40.01401699965794
            ],
            [
              116.35461717655308,
              40.014038472093645
            ],
            [
              116.35460689695512,
              40.013850869430804
            ]
          ]
        ]
      }
    },
    {
      "type": "Feature",
      "id": "LU-030",
      "properties": {
        "id": "LU-030",
        "layer": "LAND_USE",
        "land_use_code": "1403",
        "name_zh": "广场用地（缝合节点）",
        "source_type": "agent_generated_design",
        "confidence": "medium",
        "geometry_role": "design_proposal",
        "area_sqm_declared": 9458.64,
        "derivation": "split(site_boundary, [openworks_axis, seams, campus_industry_line])",
        "usage_note": "依据仓库 provisional_boundaries.geojson 派生的概念建议；不得作为 official redline、审批依据或精确面积复算依据。"
      },
      "geometry": {
        "type": "Polygon",
        "coordinates": [
          [
            [
              116.34469431754285,
              40.01425
            ],
            [
              116.34470867975207,
              40.01374861945906
            ],
            [
              116.34471010529738,
              40.01369379122477
            ],
            [
              116.343,
              40.013634294269046
            ],
            [
              116.343,
              40.01425
            ],
            [
              116.34469431754285,
              40.01425
            ]
          ]
        ]
      }
    },
    {
      "type": "Feature",
      "id": "LU-031",
      "properties": {
        "id": "LU-031",
        "layer": "LAND_USE",
        "land_use_code": "1403",
        "name_zh": "广场用地（缝合节点）",
        "source_type": "agent_generated_design",
        "confidence": "medium",
        "geometry_role": "design_proposal",
        "area_sqm_declared": 5469.047,
        "derivation": "split(site_boundary, [openworks_axis, seams, campus_industry_line])",
        "usage_note": "依据仓库 provisional_boundaries.geojson 派生的概念建议；不得作为 official redline、审批依据或精确面积复算依据。"
      },
      "geometry": {
        "type": "Polygon",
        "coordinates": [
          [
            [
              116.34207082766163,
              40.013601967063494
            ],
            [
              116.34210243902439,
              40.01425
            ],
            [
              116.343,
              40.01425
            ],
            [
              116.343,
              40.013634294269046
            ],
            [
              116.34207082766163,
              40.013601967063494
            ]
          ]
        ]
      }
    },
    {
      "type": "Feature",
      "id": "LU-032",
      "properties": {
        "id": "LU-032",
        "layer": "LAND_USE",
        "land_use_code": "1403",
        "name_zh": "广场用地（缝合节点）",
        "source_type": "agent_generated_design",
        "confidence": "medium",
        "geometry_role": "design_proposal",
        "area_sqm_declared": 1730.573,
        "derivation": "split(site_boundary, [openworks_axis, seams, campus_industry_line])",
        "usage_note": "依据仓库 provisional_boundaries.geojson 派生的概念建议；不得作为 official redline、审批依据或精确面积复算依据。"
      },
      "geometry": {
        "type": "Polygon",
        "coordinates": [
          [
            [
              116.35460689695512,
              40.013850869430804
            ],
            [
              116.35459226964498,
              40.013583921020974
            ],
            [
              116.354,
              40.01360103067843
            ],
            [
              116.354,
              40.0139416695052
            ],
            [
              116.35431771368391,
              40.01389412243305
            ],
            [
              116.35460689695512,
              40.013850869430804
            ]
          ]
        ]
      }
    },
    {
      "type": "Feature",
      "id": "LU-033",
      "properties": {
        "id": "LU-033",
        "layer": "LAND_USE",
        "land_use_code": "1401",
        "name_zh": "公园绿地（开物主轴）",
        "source_type": "agent_generated_design",
        "confidence": "medium",
        "geometry_role": "design_proposal",
        "area_sqm_declared": 26165.054,
        "derivation": "split(site_boundary, [openworks_axis, seams, campus_industry_line])",
        "usage_note": "依据仓库 provisional_boundaries.geojson 派生的概念建议；不得作为 official redline、审批依据或精确面积复算依据。"
      },
      "geometry": {
        "type": "Polygon",
        "coordinates": [
          [
            [
              116.34558192446035,
              40.0075
            ],
            [
              116.34530924309365,
              40.01371463606689
            ],
            [
              116.34610374751972,
              40.013742277987376
            ],
            [
              116.34608316469082,
              40.01336136147111
            ],
            [
              116.34604401314513,
              40.01271945995371
            ],
            [
              116.34600013798342,
              40.01206120510578
            ],
            [
              116.34595229897768,
              40.011388939590674
            ],
            [
              116.34590125907087,
              40.0107049779454
            ],
            [
              116.34584778331195,
              40.010011611750315
            ],
            [
              116.34579263818436,
              40.00931111324569
            ],
            [
              116.34573658744019,
              40.008605690401836
            ],
            [
              116.34568037761943,
              40.00789730369373
            ],
            [
              116.3456492264584,
              40.0075
            ],
            [
              116.34558192446035,
              40.0075
            ]
          ]
        ]
      }
    },
    {
      "type": "Feature",
      "id": "LU-034",
      "properties": {
        "id": "LU-034",
        "layer": "LAND_USE",
        "land_use_code": "1401",
        "name_zh": "公园绿地（开物主轴）",
        "source_type": "agent_generated_design",
        "confidence": "medium",
        "geometry_role": "design_proposal",
        "area_sqm_declared": 66912.961,
        "derivation": "split(site_boundary, [openworks_axis, seams, campus_industry_line])",
        "usage_note": "依据仓库 provisional_boundaries.geojson 派生的概念建议；不得作为 official redline、审批依据或精确面积复算依据。"
      },
      "geometry": {
        "type": "Polygon",
        "coordinates": [
          [
            [
              116.34915152282507,
              40.01374109489469
            ],
            [
              116.34912539040519,
              40.01325787207095
            ],
            [
              116.34908551916918,
              40.01260464671817
            ],
            [
              116.34904100655498,
              40.01193727287463
            ],
            [
              116.34899262897112,
              40.01125786281521
            ],
            [
              116.34894115965639,
              40.010568556941294
            ],
            [
              116.34888736974476,
              40.00987151861095
            ],
            [
              116.34883205487954,
              40.00916925989079
            ],
            [
              116.34877590590513,
              40.00846299227715
            ],
            [
              116.34871976851653,
              40.00775591885443
            ],
            [
              116.34869969147731,
              40.0075
            ],
            [
              116.34781199999999,
              40.0075
            ],
            [
              116.34781199999999,
              40.01377979141896
            ],
            [
              116.34915152282507,
              40.01374109489469
            ]
          ]
        ]
      }
    },
    {
      "type": "Feature",
      "id": "LU-035",
      "properties": {
        "id": "LU-035",
        "layer": "LAND_USE",
        "land_use_code": "0802",
        "name_zh": "AI科研与全栈创新用地",
        "source_type": "agent_generated_design",
        "confidence": "medium",
        "geometry_role": "design_proposal",
        "area_sqm_declared": 178752.945,
        "derivation": "split(site_boundary, [openworks_axis, seams, campus_industry_line])",
        "usage_note": "依据仓库 provisional_boundaries.geojson 派生的概念建议；不得作为 official redline、审批依据或精确面积复算依据。"
      },
      "geometry": {
        "type": "Polygon",
        "coordinates": [
          [
            [
              116.350932,
              40.013689659953144
            ],
            [
              116.354,
              40.01360103067843
            ],
            [
              116.354,
              40.0075
            ],
            [
              116.350932,
              40.0075
            ],
            [
              116.350932,
              40.013689659953144
            ]
          ]
        ]
      }
    },
    {
      "type": "Feature",
      "id": "LU-036",
      "properties": {
        "id": "LU-036",
        "layer": "LAND_USE",
        "land_use_code": "16",
        "name_zh": "留白用地（产业代际缓冲）",
        "source_type": "agent_generated_design",
        "confidence": "medium",
        "geometry_role": "design_proposal",
        "area_sqm_declared": 103962.23,
        "derivation": "split(site_boundary, [openworks_axis, seams, campus_industry_line])",
        "usage_note": "依据仓库 provisional_boundaries.geojson 派生的概念建议；不得作为 official redline、审批依据或精确面积复算依据。"
      },
      "geometry": {
        "type": "Polygon",
        "coordinates": [
          [
            [
              116.34471010529738,
              40.01369379122477
            ],
            [
              116.34473970247934,
              40.012555447032305
            ],
            [
              116.34476782438016,
              40.011339077761086
            ],
            [
              116.34479256198345,
              40.01010210368144
            ],
            [
              116.34481343181818,
              40.00884711682946
            ],
            [
              116.34482995041323,
              40.00757670924118
            ],
            [
              116.34483064885194,
              40.0075
            ],
            [
              116.343,
              40.0075
            ],
            [
              116.343,
              40.013634294269046
            ],
            [
              116.34471010529738,
              40.01369379122477
            ]
          ]
        ]
      }
    },
    {
      "type": "Feature",
      "id": "LU-037",
      "properties": {
        "id": "LU-037",
        "layer": "LAND_USE",
        "land_use_code": "0802",
        "name_zh": "AI科研与全栈创新用地",
        "source_type": "agent_generated_design",
        "confidence": "medium",
        "geometry_role": "design_proposal",
        "area_sqm_declared": 91142.303,
        "derivation": "split(site_boundary, [openworks_axis, seams, campus_industry_line])",
        "usage_note": "依据仓库 provisional_boundaries.geojson 派生的概念建议；不得作为 official redline、审批依据或精确面积复算依据。"
      },
      "geometry": {
        "type": "Polygon",
        "coordinates": [
          [
            [
              116.34568037761943,
              40.00789730369373
            ],
            [
              116.34573658744019,
              40.008605690401836
            ],
            [
              116.34579263818436,
              40.00931111324569
            ],
            [
              116.34584778331195,
              40.010011611750315
            ],
            [
              116.34590125907087,
              40.0107049779454
            ],
            [
              116.34595229897768,
              40.011388939590674
            ],
            [
              116.34600013798342,
              40.01206120510578
            ],
            [
              116.34604401314513,
              40.01271945995371
            ],
            [
              116.34608316469082,
              40.01336136147111
            ],
            [
              116.34610374751972,
              40.013742277987376
            ],
            [
              116.34746779194452,
              40.0137897350012
            ],
            [
              116.34750381148294,
              40.01378869445831
            ],
            [
              116.34734420520407,
              40.0075
            ],
            [
              116.3456492264584,
              40.0075
            ],
            [
              116.34568037761943,
              40.00789730369373
            ]
          ]
        ]
      }
    },
    {
      "type": "Feature",
      "id": "LU-038",
      "properties": {
        "id": "LU-038",
        "layer": "LAND_USE",
        "land_use_code": "16",
        "name_zh": "留白用地（产业代际缓冲）",
        "source_type": "agent_generated_design",
        "confidence": "medium",
        "geometry_role": "design_proposal",
        "area_sqm_declared": 117513.602,
        "derivation": "split(site_boundary, [openworks_axis, seams, campus_industry_line])",
        "usage_note": "依据仓库 provisional_boundaries.geojson 派生的概念建议；不得作为 official redline、审批依据或精确面积复算依据。"
      },
      "geometry": {
        "type": "Polygon",
        "coordinates": [
          [
            [
              116.34869969147731,
              40.0075
            ],
            [
              116.34871976851653,
              40.00775591885443
            ],
            [
              116.34877590590513,
              40.00846299227715
            ],
            [
              116.34883205487954,
              40.00916925989079
            ],
            [
              116.34888736974476,
              40.00987151861095
            ],
            [
              116.34894115965639,
              40.010568556941294
            ],
            [
              116.34899262897112,
              40.01125786281521
            ],
            [
              116.34904100655498,
              40.01193727287463
            ],
            [
              116.34908551916918,
              40.01260464671817
            ],
            [
              116.34912539040519,
              40.01325787207095
            ],
            [
              116.34915152282507,
              40.01374109489469
            ],
            [
              116.350932,
              40.013689659953144
            ],
            [
              116.350932,
              40.0075
            ],
            [
              116.34869969147731,
              40.0075
            ]
          ]
        ]
      }
    },
    {
      "type": "Feature",
      "id": "LU-039",
      "properties": {
        "id": "LU-039",
        "layer": "LAND_USE",
        "land_use_code": "0802",
        "name_zh": "AI科研与全栈创新用地",
        "source_type": "agent_generated_design",
        "confidence": "medium",
        "geometry_role": "design_proposal",
        "area_sqm_declared": 39254.174,
        "derivation": "split(site_boundary, [openworks_axis, seams, campus_industry_line])",
        "usage_note": "依据仓库 provisional_boundaries.geojson 派生的概念建议；不得作为 official redline、审批依据或精确面积复算依据。"
      },
      "geometry": {
        "type": "Polygon",
        "coordinates": [
          [
            [
              116.34483064885194,
              40.0075
            ],
            [
              116.34482995041323,
              40.00757670924118
            ],
            [
              116.34481343181818,
              40.00884711682946
            ],
            [
              116.34479256198345,
              40.01010210368144
            ],
            [
              116.34476782438016,
              40.011339077761086
            ],
            [
              116.34473970247934,
              40.012555447032305
            ],
            [
              116.34471010529738,
              40.01369379122477
            ],
            [
              116.34530924309365,
              40.01371463606689
            ],
            [
              116.34558192446035,
              40.0075
            ],
            [
              116.34483064885194,
              40.0075
            ]
          ]
        ]
      }
    },
    {
      "type": "Feature",
      "id": "LU-040",
      "properties": {
        "id": "LU-040",
        "layer": "LAND_USE",
        "land_use_code": "1401",
        "name_zh": "公园绿地（开物主轴）",
        "source_type": "agent_generated_design",
        "confidence": "medium",
        "geometry_role": "design_proposal",
        "area_sqm_declared": 23120.346,
        "derivation": "split(site_boundary, [openworks_axis, seams, campus_industry_line])",
        "usage_note": "依据仓库 provisional_boundaries.geojson 派生的概念建议；不得作为 official redline、审批依据或精确面积复算依据。"
      },
      "geometry": {
        "type": "Polygon",
        "coordinates": [
          [
            [
              116.34734420520407,
              40.0075
            ],
            [
              116.34750381148294,
              40.01378869445831
            ],
            [
              116.34781199999999,
              40.01377979141896
            ],
            [
              116.34781199999999,
              40.0075
            ],
            [
              116.34734420520407,
              40.0075
            ]
          ]
        ]
      }
    },
    {
      "type": "Feature",
      "id": "LU-041",
      "properties": {
        "id": "LU-041",
        "layer": "LAND_USE",
        "land_use_code": "0702",
        "name_zh": "城镇社区服务设施用地",
        "source_type": "agent_generated_design",
        "confidence": "medium",
        "geometry_role": "design_proposal",
        "area_sqm_declared": 230821.898,
        "derivation": "split(site_boundary, [openworks_axis, seams, campus_industry_line])",
        "usage_note": "依据仓库 provisional_boundaries.geojson 派生的概念建议；不得作为 official redline、审批依据或精确面积复算依据。"
      },
      "geometry": {
        "type": "Polygon",
        "coordinates": [
          [
            [
              116.34144193548387,
              40.002
            ],
            [
              116.3417,
              40.006
            ],
            [
              116.34207082766163,
              40.013601967063494
            ],
            [
              116.343,
              40.013634294269046
            ],
            [
              116.343,
              40.0075
            ],
            [
              116.34483064885194,
              40.0075
            ],
            [
              116.34484163429752,
              40.00629347295267
            ],
            [
              116.344848,
              40.005
            ],
            [
              116.3448482637115,
              40.00367287283997
            ],
            [
              116.34484237415477,
              40.00229000751315
            ],
            [
              116.34484006311244,
              40.002
            ],
            [
              116.34144193548387,
              40.002
            ]
          ]
        ]
      }
    },
    {
      "type": "Feature",
      "id": "LU-042",
      "properties": {
        "id": "LU-042",
        "layer": "LAND_USE",
        "land_use_code": "0701",
        "name_zh": "城镇住宅用地",
        "source_type": "agent_generated_design",
        "confidence": "medium",
        "geometry_role": "design_proposal",
        "area_sqm_declared": 190232.87,
        "derivation": "split(site_boundary, [openworks_axis, seams, campus_industry_line])",
        "usage_note": "依据仓库 provisional_boundaries.geojson 派生的概念建议；不得作为 official redline、审批依据或精确面积复算依据。"
      },
      "geometry": {
        "type": "Polygon",
        "coordinates": [
          [
            [
              116.35459226964498,
              40.013583921020974
            ],
            [
              116.35395753424658,
              40.002
            ],
            [
              116.350932,
              40.002
            ],
            [
              116.350932,
              40.0075
            ],
            [
              116.354,
              40.0075
            ],
            [
              116.354,
              40.01360103067843
            ],
            [
              116.35459226964498,
              40.013583921020974
            ]
          ]
        ]
      }
    },
    {
      "type": "Feature",
      "id": "LU-043",
      "properties": {
        "id": "LU-043",
        "layer": "LAND_USE",
        "land_use_code": "1401",
        "name_zh": "公园绿地（开物主轴）",
        "source_type": "agent_generated_design",
        "confidence": "medium",
        "geometry_role": "design_proposal",
        "area_sqm_declared": 36175.852,
        "derivation": "split(site_boundary, [openworks_axis, seams, campus_industry_line])",
        "usage_note": "依据仓库 provisional_boundaries.geojson 派生的概念建议；不得作为 official redline、审批依据或精确面积复算依据。"
      },
      "geometry": {
        "type": "Polygon",
        "coordinates": [
          [
            [
              116.34869969147731,
              40.0075
            ],
            [
              116.34866438390264,
              40.007049939911006
            ],
            [
              116.34861051840225,
              40.00634729973331
            ],
            [
              116.34855893737135,
              40.005650257943586
            ],
            [
              116.34851040483217,
              40.00496109093754
            ],
            [
              116.34846568291364,
              40.00428209421429
            ],
            [
              116.3484255309952,
              40.003615585797505
            ],
            [
              116.3483907044127,
              40.00296391108225
            ],
            [
              116.3483619524975,
              40.00232944960303
            ],
            [
              116.34835019775551,
              40.002
            ],
            [
              116.34781199999999,
              40.002
            ],
            [
              116.34781199999999,
              40.0075
            ],
            [
              116.34869969147731,
              40.0075
            ]
          ]
        ]
      }
    },
    {
      "type": "Feature",
      "id": "LU-044",
      "properties": {
        "id": "LU-044",
        "layer": "LAND_USE",
        "land_use_code": "0701",
        "name_zh": "城镇住宅用地",
        "source_type": "agent_generated_design",
        "confidence": "medium",
        "geometry_role": "design_proposal",
        "area_sqm_declared": 126763.111,
        "derivation": "split(site_boundary, [openworks_axis, seams, campus_industry_line])",
        "usage_note": "依据仓库 provisional_boundaries.geojson 派生的概念建议；不得作为 official redline、审批依据或精确面积复算依据。"
      },
      "geometry": {
        "type": "Polygon",
        "coordinates": [
          [
            [
              116.34484237415477,
              40.00229000751315
            ],
            [
              116.3448482637115,
              40.00367287283997
            ],
            [
              116.344848,
              40.005
            ],
            [
              116.34484163429752,
              40.00629347295267
            ],
            [
              116.34483064885194,
              40.0075
            ],
            [
              116.34558192446035,
              40.0075
            ],
            [
              116.3456492264584,
              40.0075
            ],
            [
              116.34734420520407,
              40.0075
            ],
            [
              116.34720461589193,
              40.002
            ],
            [
              116.34484006311244,
              40.002
            ],
            [
              116.34484237415477,
              40.00229000751315
            ]
          ]
        ]
      }
    },
    {
      "type": "Feature",
      "id": "LU-045",
      "properties": {
        "id": "LU-045",
        "layer": "LAND_USE",
        "land_use_code": "0701",
        "name_zh": "城镇住宅用地",
        "source_type": "agent_generated_design",
        "confidence": "medium",
        "geometry_role": "design_proposal",
        "area_sqm_declared": 126530.88,
        "derivation": "split(site_boundary, [openworks_axis, seams, campus_industry_line])",
        "usage_note": "依据仓库 provisional_boundaries.geojson 派生的概念建议；不得作为 official redline、审批依据或精确面积复算依据。"
      },
      "geometry": {
        "type": "Polygon",
        "coordinates": [
          [
            [
              116.34835019775551,
              40.002
            ],
            [
              116.3483619524975,
              40.00232944960303
            ],
            [
              116.3483907044127,
              40.00296391108225
            ],
            [
              116.3484255309952,
              40.003615585797505
            ],
            [
              116.34846568291364,
              40.00428209421429
            ],
            [
              116.34851040483217,
              40.00496109093754
            ],
            [
              116.34855893737135,
              40.005650257943586
            ],
            [
              116.34861051840225,
              40.00634729973331
            ],
            [
              116.34866438390264,
              40.007049939911006
            ],
            [
              116.34869969147731,
              40.0075
            ],
            [
              116.350932,
              40.0075
            ],
            [
              116.350932,
              40.002
            ],
            [
              116.34835019775551,
              40.002
            ]
          ]
        ]
      }
    },
    {
      "type": "Feature",
      "id": "LU-046",
      "properties": {
        "id": "LU-046",
        "layer": "LAND_USE",
        "land_use_code": "1401",
        "name_zh": "公园绿地（开物主轴）",
        "source_type": "agent_generated_design",
        "confidence": "medium",
        "geometry_role": "design_proposal",
        "area_sqm_declared": 28035.235,
        "derivation": "split(site_boundary, [openworks_axis, seams, campus_industry_line])",
        "usage_note": "依据仓库 provisional_boundaries.geojson 派生的概念建议；不得作为 official redline、审批依据或精确面积复算依据。"
      },
      "geometry": {
        "type": "Polygon",
        "coordinates": [
          [
            [
              116.34720461589193,
              40.002
            ],
            [
              116.34734420520407,
              40.0075
            ],
            [
              116.34781199999999,
              40.0075
            ],
            [
              116.34781199999999,
              40.002
            ],
            [
              116.34720461589193,
              40.002
            ]
          ]
        ]
      }
    },
    {
      "type": "Feature",
      "id": "LU-047",
      "properties": {
        "id": "LU-047",
        "layer": "LAND_USE",
        "land_use_code": "0701",
        "name_zh": "城镇住宅用地",
        "source_type": "agent_generated_design",
        "confidence": "medium",
        "geometry_role": "design_proposal",
        "area_sqm_declared": 192587.384,
        "derivation": "split(site_boundary, [openworks_axis, seams, campus_industry_line])",
        "usage_note": "依据仓库 provisional_boundaries.geojson 派生的概念建议；不得作为 official redline、审批依据或精确面积复算依据。"
      },
      "geometry": {
        "type": "Polygon",
        "coordinates": [
          [
            [
              116.34908988701042,
              39.9935
            ],
            [
              116.34906786558616,
              39.993634466044625
            ],
            [
              116.34900165237991,
              39.99402294188453
            ],
            [
              116.34893579400877,
              39.99439952845062
            ],
            [
              116.34887085828082,
              39.99476679931576
            ],
            [
              116.3488073817553,
              39.99512741186266
            ],
            [
              116.34874586386343,
              39.99548412197656
            ],
            [
              116.34868676663775,
              39.99583978965946
            ],
            [
              116.34863052048364,
              39.99619737419571
            ],
            [
              116.34857753490007,
              39.996559919262
            ],
            [
              116.34852821181494,
              39.99693053021396
            ],
            [
              116.34848295872246,
              39.99731234705754
            ],
            [
              116.34844219918851,
              39.99770851707776
            ],
            [
              116.34840637929376,
              39.998122170665816
            ],
            [
              116.34837596976814,
              39.99855640277341
            ],
            [
              116.34835146452431,
              39.999014261047606
            ],
            [
              116.34833337680814,
              39.999498740436984
            ],
            [
              116.34832224958365,
              40.00001207565436
            ],
            [
              116.34831947223589,
              40.000553878727565
            ],
            [
              116.3483256202919,
              40.0011219156489
            ],
            [
              116.34834001557397,
              40.001714624475056
            ],
            [
              116.34835019775551,
              40.002
            ],
            [
              116.350932,
              40.002
            ],
            [
              116.350932,
              39.9935
            ],
            [
              116.34908988701042,
              39.9935
            ]
          ]
        ]
      }
    },
    {
      "type": "Feature",
      "id": "LU-048",
      "properties": {
        "id": "LU-048",
        "layer": "LAND_USE",
        "land_use_code": "0701",
        "name_zh": "城镇住宅用地",
        "source_type": "agent_generated_design",
        "confidence": "medium",
        "geometry_role": "design_proposal",
        "area_sqm_declared": 186078.749,
        "derivation": "split(site_boundary, [openworks_axis, seams, campus_industry_line])",
        "usage_note": "依据仓库 provisional_boundaries.geojson 派生的概念建议；不得作为 official redline、审批依据或精确面积复算依据。"
      },
      "geometry": {
        "type": "Polygon",
        "coordinates": [
          [
            [
              116.34472003038326,
              39.9935
            ],
            [
              116.34474216378663,
              39.994700342787375
            ],
            [
              116.34476958978212,
              39.996293012772355
            ],
            [
              116.3447939391435,
              39.997852906649136
            ],
            [
              116.34481459654396,
              39.99937543200601
            ],
            [
              116.34483094665666,
              40.000855996431255
            ],
            [
              116.34484006311244,
              40.002
            ],
            [
              116.34720461589193,
              40.002
            ],
            [
              116.34698888695497,
              39.9935
            ],
            [
              116.34472003038326,
              39.9935
            ]
          ]
        ]
      }
    },
    {
      "type": "Feature",
      "id": "LU-049",
      "properties": {
        "id": "LU-049",
        "layer": "LAND_USE",
        "land_use_code": "0701",
        "name_zh": "城镇住宅用地",
        "source_type": "agent_generated_design",
        "confidence": "medium",
        "geometry_role": "design_proposal",
        "area_sqm_declared": 233382.955,
        "derivation": "split(site_boundary, [openworks_axis, seams, campus_industry_line])",
        "usage_note": "依据仓库 provisional_boundaries.geojson 派生的概念建议；不得作为 official redline、审批依据或精确面积复算依据。"
      },
      "geometry": {
        "type": "Polygon",
        "coordinates": [
          [
            [
              116.35395753424658,
              40.002
            ],
            [
              116.35338219178082,
              39.9915
            ],
            [
              116.353,
              39.9915
            ],
            [
              116.353,
              39.9935
            ],
            [
              116.350932,
              39.9935
            ],
            [
              116.350932,
              40.002
            ],
            [
              116.35395753424658,
              40.002
            ]
          ]
        ]
      }
    },
    {
      "type": "Feature",
      "id": "LU-050",
      "properties": {
        "id": "LU-050",
        "layer": "LAND_USE",
        "land_use_code": "1401",
        "name_zh": "公园绿地（开物主轴）",
        "source_type": "agent_generated_design",
        "confidence": "medium",
        "geometry_role": "design_proposal",
        "area_sqm_declared": 57651.729,
        "derivation": "split(site_boundary, [openworks_axis, seams, campus_industry_line])",
        "usage_note": "依据仓库 provisional_boundaries.geojson 派生的概念建议；不得作为 official redline、审批依据或精确面积复算依据。"
      },
      "geometry": {
        "type": "Polygon",
        "coordinates": [
          [
            [
              116.34698888695497,
              39.9935
            ],
            [
              116.34720461589193,
              40.002
            ],
            [
              116.34781199999999,
              40.002
            ],
            [
              116.34781199999999,
              39.9935
            ],
            [
              116.34698888695497,
              39.9935
            ]
          ]
        ]
      }
    },
    {
      "type": "Feature",
      "id": "LU-051",
      "properties": {
        "id": "LU-051",
        "layer": "LAND_USE",
        "land_use_code": "0702",
        "name_zh": "城镇社区服务设施用地",
        "source_type": "agent_generated_design",
        "confidence": "medium",
        "geometry_role": "design_proposal",
        "area_sqm_declared": 314028.963,
        "derivation": "split(site_boundary, [openworks_axis, seams, campus_industry_line])",
        "usage_note": "依据仓库 provisional_boundaries.geojson 派生的概念建议；不得作为 official redline、审批依据或精确面积复算依据。"
      },
      "geometry": {
        "type": "Polygon",
        "coordinates": [
          [
            [
              116.34076451612903,
              39.9915
            ],
            [
              116.34144193548387,
              40.002
            ],
            [
              116.34484006311244,
              40.002
            ],
            [
              116.34483094665666,
              40.000855996431255
            ],
            [
              116.34481459654396,
              39.99937543200601
            ],
            [
              116.3447939391435,
              39.997852906649136
            ],
            [
              116.34476958978212,
              39.996293012772355
            ],
            [
              116.34474216378663,
              39.994700342787375
            ],
            [
              116.34472003038326,
              39.9935
            ],
            [
              116.342,
              39.9935
            ],
            [
              116.342,
              39.9915
            ],
            [
              116.34076451612903,
              39.9915
            ]
          ]
        ]
      }
    },
    {
      "type": "Feature",
      "id": "LU-052",
      "properties": {
        "id": "LU-052",
        "layer": "LAND_USE",
        "land_use_code": "1401",
        "name_zh": "公园绿地（开物主轴）",
        "source_type": "agent_generated_design",
        "confidence": "medium",
        "geometry_role": "design_proposal",
        "area_sqm_declared": 58893.972,
        "derivation": "split(site_boundary, [openworks_axis, seams, campus_industry_line])",
        "usage_note": "依据仓库 provisional_boundaries.geojson 派生的概念建议；不得作为 official redline、审批依据或精确面积复算依据。"
      },
      "geometry": {
        "type": "Polygon",
        "coordinates": [
          [
            [
              116.34835019775551,
              40.002
            ],
            [
              116.34834001557397,
              40.001714624475056
            ],
            [
              116.3483256202919,
              40.0011219156489
            ],
            [
              116.34831947223589,
              40.000553878727565
            ],
            [
              116.34832224958365,
              40.00001207565436
            ],
            [
              116.34833337680814,
              39.999498740436984
            ],
            [
              116.34835146452431,
              39.999014261047606
            ],
            [
              116.34837596976814,
              39.99855640277341
            ],
            [
              116.34840637929376,
              39.998122170665816
            ],
            [
              116.34844219918851,
              39.99770851707776
            ],
            [
              116.34848295872246,
              39.99731234705754
            ],
            [
              116.34852821181494,
              39.99693053021396
            ],
            [
              116.34857753490007,
              39.996559919262
            ],
            [
              116.34863052048364,
              39.99619737419571
            ],
            [
              116.34868676663775,
              39.99583978965946
            ],
            [
              116.34874586386343,
              39.99548412197656
            ],
            [
              116.3488073817553,
              39.99512741186266
            ],
            [
              116.34887085828082,
              39.99476679931576
            ],
            [
              116.34893579400877,
              39.99439952845062
            ],
            [
              116.34900165237991,
              39.99402294188453
            ],
            [
              116.34906786558616,
              39.993634466044625
            ],
            [
              116.34908988701042,
              39.9935
            ],
            [
              116.34781199999999,
              39.9935
            ],
            [
              116.34781199999999,
              40.002
            ],
            [
              116.34835019775551,
              40.002
            ]
          ]
        ]
      }
    },
    {
      "type": "Feature",
      "id": "LU-053",
      "properties": {
        "id": "LU-053",
        "layer": "LAND_USE",
        "land_use_code": "0802",
        "name_zh": "AI科研与全栈创新用地",
        "source_type": "agent_generated_design",
        "confidence": "medium",
        "geometry_role": "design_proposal",
        "area_sqm_declared": 32087.439,
        "derivation": "split(site_boundary, [openworks_axis, seams, campus_industry_line])",
        "usage_note": "依据仓库 provisional_boundaries.geojson 派生的概念建议；不得作为 official redline、审批依据或精确面积复算依据。"
      },
      "geometry": {
        "type": "Polygon",
        "coordinates": [
          [
            [
              116.34932438867736,
              39.99191190017587
            ],
            [
              116.3492627007414,
              39.99237276625032
            ],
            [
              116.34919898910209,
              39.992811842387695
            ],
            [
              116.34913384432959,
              39.99323159016539
            ],
            [
              116.34908988701042,
              39.9935
            ],
            [
              116.350932,
              39.9935
            ],
            [
              116.350932,
              39.9915
            ],
            [
              116.34937455607579,
              39.9915
            ],
            [
              116.34932438867736,
              39.99191190017587
            ]
          ]
        ]
      }
    },
    {
      "type": "Feature",
      "id": "LU-054",
      "properties": {
        "id": "LU-054",
        "layer": "LAND_USE",
        "land_use_code": "0804",
        "name_zh": "高校科研教育衔接用地",
        "source_type": "agent_generated_design",
        "confidence": "medium",
        "geometry_role": "design_proposal",
        "area_sqm_declared": 51230.577,
        "derivation": "split(site_boundary, [openworks_axis, seams, campus_industry_line])",
        "usage_note": "依据仓库 provisional_boundaries.geojson 派生的概念建议；不得作为 official redline、审批依据或精确面积复算依据。"
      },
      "geometry": {
        "type": "Polygon",
        "coordinates": [
          [
            [
              116.34472003038326,
              39.9935
            ],
            [
              116.34471227648385,
              39.99307948910594
            ],
            [
              116.34468179667077,
              39.9915
            ],
            [
              116.342,
              39.9915
            ],
            [
              116.342,
              39.9935
            ],
            [
              116.34472003038326,
              39.9935
            ]
          ]
        ]
      }
    },
    {
      "type": "Feature",
      "id": "LU-055",
      "properties": {
        "id": "LU-055",
        "layer": "LAND_USE",
        "land_use_code": "0802",
        "name_zh": "AI科研与全栈创新用地",
        "source_type": "agent_generated_design",
        "confidence": "medium",
        "geometry_role": "design_proposal",
        "area_sqm_declared": 39223.406,
        "derivation": "split(site_boundary, [openworks_axis, seams, campus_industry_line])",
        "usage_note": "依据仓库 provisional_boundaries.geojson 派生的概念建议；不得作为 official redline、审批依据或精确面积复算依据。"
      },
      "geometry": {
        "type": "Polygon",
        "coordinates": [
          [
            [
              116.350932,
              39.9935
            ],
            [
              116.353,
              39.9935
            ],
            [
              116.353,
              39.9915
            ],
            [
              116.350932,
              39.9915
            ],
            [
              116.350932,
              39.9935
            ]
          ]
        ]
      }
    },
    {
      "type": "Feature",
      "id": "LU-056",
      "properties": {
        "id": "LU-056",
        "layer": "LAND_USE",
        "land_use_code": "0802",
        "name_zh": "AI科研与全栈创新用地",
        "source_type": "agent_generated_design",
        "confidence": "medium",
        "geometry_role": "design_proposal",
        "area_sqm_declared": 43066.327,
        "derivation": "split(site_boundary, [openworks_axis, seams, campus_industry_line])",
        "usage_note": "依据仓库 provisional_boundaries.geojson 派生的概念建议；不得作为 official redline、审批依据或精确面积复算依据。"
      },
      "geometry": {
        "type": "Polygon",
        "coordinates": [
          [
            [
              116.34693805029771,
              39.99149696974892
            ],
            [
              116.3469053102507,
              39.991495710628946
            ],
            [
              116.34671068593991,
              39.99148436225754
            ],
            [
              116.34651829775221,
              39.991469521054775
            ],
            [
              116.34632765115923,
              39.99145145850029
            ],
            [
              116.34632297772052,
              39.9914509401249
            ],
            [
              116.34628629220002,
              39.99144687098604
            ],
            [
              116.34628396104306,
              39.9915
            ],
            [
              116.34468179667077,
              39.9915
            ],
            [
              116.34471227648385,
              39.99307948910594
            ],
            [
              116.34472003038326,
              39.9935
            ],
            [
              116.34698888695497,
              39.9935
            ],
            [
              116.34693812720509,
              39.9915
            ],
            [
              116.34701684387127,
              39.9915
            ],
            [
              116.34693805029771,
              39.99149696974892
            ]
          ]
        ]
      }
    },
    {
      "type": "Feature",
      "id": "LU-057",
      "properties": {
        "id": "LU-057",
        "layer": "LAND_USE",
        "land_use_code": "1401",
        "name_zh": "公园绿地（开物主轴）",
        "source_type": "agent_generated_design",
        "confidence": "medium",
        "geometry_role": "design_proposal",
        "area_sqm_declared": 16062.858,
        "derivation": "split(site_boundary, [openworks_axis, seams, campus_industry_line])",
        "usage_note": "依据仓库 provisional_boundaries.geojson 派生的概念建议；不得作为 official redline、审批依据或精确面积复算依据。"
      },
      "geometry": {
        "type": "Polygon",
        "coordinates": [
          [
            [
              116.34693812720509,
              39.9915
            ],
            [
              116.34698888695497,
              39.9935
            ],
            [
              116.34781199999999,
              39.9935
            ],
            [
              116.34781199999999,
              39.9915
            ],
            [
              116.3477263890135,
              39.9915
            ],
            [
              116.34771335449292,
              39.99150067268245
            ],
            [
              116.34750780590575,
              39.99150617596979
            ],
            [
              116.34730317085503,
              39.991506871745926
            ],
            [
              116.3471026494024,
              39.99150329991764
            ],
            [
              116.34701684387127,
              39.9915
            ],
            [
              116.34693812720509,
              39.9915
            ]
          ]
        ]
      }
    },
    {
      "type": "Feature",
      "id": "LU-058",
      "properties": {
        "id": "LU-058",
        "layer": "LAND_USE",
        "land_use_code": "1401",
        "name_zh": "公园绿地（开物主轴）",
        "source_type": "agent_generated_design",
        "confidence": "medium",
        "geometry_role": "design_proposal",
        "area_sqm_declared": 27089.113,
        "derivation": "split(site_boundary, [openworks_axis, seams, campus_industry_line])",
        "usage_note": "依据仓库 provisional_boundaries.geojson 派生的概念建议；不得作为 official redline、审批依据或精确面积复算依据。"
      },
      "geometry": {
        "type": "Polygon",
        "coordinates": [
          [
            [
              116.34913384432959,
              39.99323159016539
            ],
            [
              116.34919898910209,
              39.992811842387695
            ],
            [
              116.3492627007414,
              39.99237276625032
            ],
            [
              116.34932438867736,
              39.99191190017587
            ],
            [
              116.34937455607579,
              39.9915
            ],
            [
              116.34781199999999,
              39.9915
            ],
            [
              116.34781199999999,
              39.9935
            ],
            [
              116.34908988701042,
              39.9935
            ],
            [
              116.34913384432959,
              39.99323159016539
            ]
          ]
        ]
      }
    },
    {
      "type": "Feature",
      "id": "LU-059",
      "properties": {
        "id": "LU-059",
        "layer": "LAND_USE",
        "land_use_code": "1401",
        "name_zh": "公园绿地（开物主轴）",
        "source_type": "agent_generated_design",
        "confidence": "medium",
        "geometry_role": "design_proposal",
        "area_sqm_declared": 30.389,
        "derivation": "split(site_boundary, [openworks_axis, seams, campus_industry_line])",
        "usage_note": "依据仓库 provisional_boundaries.geojson 派生的概念建议；不得作为 official redline、审批依据或精确面积复算依据。"
      },
      "geometry": {
        "type": "Polygon",
        "coordinates": [
          [
            [
              116.3471026494024,
              39.99150329991764
            ],
            [
              116.34730317085503,
              39.991506871745926
            ],
            [
              116.34750780590575,
              39.99150617596979
            ],
            [
              116.34771335449292,
              39.99150067268245
            ],
            [
              116.3477263890135,
              39.9915
            ],
            [
              116.34701684387127,
              39.9915
            ],
            [
              116.3471026494024,
              39.99150329991764
            ]
          ]
        ]
      }
    },
    {
      "type": "Feature",
      "id": "LU-060",
      "properties": {
        "id": "LU-060",
        "layer": "LAND_USE",
        "land_use_code": "1401",
        "name_zh": "公园绿地（开物主轴）",
        "source_type": "agent_generated_design",
        "confidence": "medium",
        "geometry_role": "design_proposal",
        "area_sqm_declared": 1.794,
        "derivation": "split(site_boundary, [openworks_axis, seams, campus_industry_line])",
        "usage_note": "依据仓库 provisional_boundaries.geojson 派生的概念建议；不得作为 official redline、审批依据或精确面积复算依据。"
      },
      "geometry": {
        "type": "Polygon",
        "coordinates": [
          [
            [
              116.3477263890135,
              39.9915
            ],
            [
              116.34781199999999,
              39.9915
            ],
            [
              116.34781199999999,
              39.991495581808515
            ],
            [
              116.3477263890135,
              39.9915
            ]
          ]
        ]
      }
    },
    {
      "type": "Feature",
      "id": "LU-061",
      "properties": {
        "id": "LU-061",
        "layer": "LAND_USE",
        "land_use_code": "1401",
        "name_zh": "公园绿地（开物主轴）",
        "source_type": "agent_generated_design",
        "confidence": "medium",
        "geometry_role": "design_proposal",
        "area_sqm_declared": 1333.14,
        "derivation": "split(site_boundary, [openworks_axis, seams, campus_industry_line])",
        "usage_note": "依据仓库 provisional_boundaries.geojson 派生的概念建议；不得作为 official redline、审批依据或精确面积复算依据。"
      },
      "geometry": {
        "type": "Polygon",
        "coordinates": [
          [
            [
              116.34938347615608,
              39.99142676154727
            ],
            [
              116.34939884352266,
              39.99128609532257
            ],
            [
              116.34925885537494,
              39.99131261018796
            ],
            [
              116.34907106527727,
              39.99134641651585
            ],
            [
              116.34888282737145,
              39.99137806200628
            ],
            [
              116.34869356154127,
              39.991407165399785
            ],
            [
              116.34850271286832,
              39.99143333503419
            ],
            [
              116.34830975383224,
              39.99145617185108
            ],
            [
              116.3481141851402,
              39.991475273409776
            ],
            [
              116.34791553471115,
              39.9914902386137
            ],
            [
              116.34781199999999,
              39.991495581808515
            ],
            [
              116.34781199999999,
              39.9915
            ],
            [
              116.34937455607579,
              39.9915
            ],
            [
              116.34938347615608,
              39.99142676154727
            ]
          ]
        ]
      }
    },
    {
      "type": "Feature",
      "id": "LU-062",
      "properties": {
        "id": "LU-062",
        "layer": "LAND_USE",
        "land_use_code": "0802",
        "name_zh": "AI科研与全栈创新用地",
        "source_type": "agent_generated_design",
        "confidence": "medium",
        "geometry_role": "design_proposal",
        "area_sqm_declared": 2534.554,
        "derivation": "split(site_boundary, [openworks_axis, seams, campus_industry_line])",
        "usage_note": "依据仓库 provisional_boundaries.geojson 派生的概念建议；不得作为 official redline、审批依据或精确面积复算依据。"
      },
      "geometry": {
        "type": "Polygon",
        "coordinates": [
          [
            [
              116.34467591317988,
              39.9912014015549
            ],
            [
              116.3446805432006,
              39.99143504413974
            ],
            [
              116.34468179667077,
              39.9915
            ],
            [
              116.34628396104306,
              39.9915
            ],
            [
              116.34628629220002,
              39.99144687098604
            ],
            [
              116.34613823254362,
              39.99143044828592
            ],
            [
              116.34594950734201,
              39.991406763278036
            ],
            [
              116.34576091957366,
              39.99138067277852
            ],
            [
              116.34557189255794,
              39.991352440323666
            ],
            [
              116.34538183053468,
              39.99132232215906
            ],
            [
              116.3451901208772,
              39.99129056642582
            ],
            [
              116.34499613659106,
              39.99125741300558
            ],
            [
              116.34479923891035,
              39.991223093925754
            ],
            [
              116.34467591317988,
              39.9912014015549
            ]
          ]
        ]
      }
    },
    {
      "type": "Feature",
      "id": "LU-063",
      "properties": {
        "id": "LU-063",
        "layer": "LAND_USE",
        "land_use_code": "16",
        "name_zh": "留白用地（产业代际缓冲）",
        "source_type": "agent_generated_design",
        "confidence": "medium",
        "geometry_role": "design_proposal",
        "area_sqm_declared": 5342.47,
        "derivation": "split(site_boundary, [openworks_axis, seams, campus_industry_line])",
        "usage_note": "依据仓库 provisional_boundaries.geojson 派生的概念建议；不得作为 official redline、审批依据或精确面积复算依据。"
      },
      "geometry": {
        "type": "Polygon",
        "coordinates": [
          [
            [
              116.34939884352266,
              39.99128609532257
            ],
            [
              116.34938347615608,
              39.99142676154727
            ],
            [
              116.34937455607579,
              39.9915
            ],
            [
              116.350932,
              39.9915
            ],
            [
              116.350932,
              39.990986106876754
            ],
            [
              116.35082054444244,
              39.991006059938854
            ],
            [
              116.35061343624052,
              39.99104487675373
            ],
            [
              116.35041106879714,
              39.99108416623101
            ],
            [
              116.35021276383478,
              39.99112362901923
            ],
            [
              116.35001784774849,
              39.99116296083649
            ],
            [
              116.34982565305437,
              39.991201850468364
            ],
            [
              116.34963552027477,
              39.99123997778527
            ],
            [
              116.34944679997959,
              39.9912770119893
            ],
            [
              116.34939884352266,
              39.99128609532257
            ]
          ]
        ]
      }
    },
    {
      "type": "Feature",
      "id": "LU-064",
      "properties": {
        "id": "LU-064",
        "layer": "LAND_USE",
        "land_use_code": "0804",
        "name_zh": "高校科研教育衔接用地",
        "source_type": "agent_generated_design",
        "confidence": "medium",
        "geometry_role": "design_proposal",
        "area_sqm_declared": 13344.69,
        "derivation": "split(site_boundary, [openworks_axis, seams, campus_industry_line])",
        "usage_note": "依据仓库 provisional_boundaries.geojson 派生的概念建议；不得作为 official redline、审批依据或精确面积复算依据。"
      },
      "geometry": {
        "type": "Polygon",
        "coordinates": [
          [
            [
              116.34468179667077,
              39.9915
            ],
            [
              116.3446805432006,
              39.99143504413974
            ],
            [
              116.34467591317988,
              39.9912014015549
            ],
            [
              116.3445987798128,
              39.99118783418662
            ],
            [
              116.34439410400542,
              39.991151852807306
            ],
            [
              116.34418455160719,
              39.991115364183926
            ],
            [
              116.34396945927341,
              39.9910785792534
            ],
            [
              116.34374816206618,
              39.991041706779825
            ],
            [
              116.34351843091636,
              39.9910047025663
            ],
            [
              116.34327181551437,
              39.990965004749185
            ],
            [
              116.34300513438588,
              39.990920745545715
            ],
            [
              116.3427224690435,
              39.99087271644087
            ],
            [
              116.34242636613298,
              39.99082145871113
            ],
            [
              116.34211941082258,
              39.99076751833191
            ],
            [
              116.342,
              39.99074627510058
            ],
            [
              116.342,
              39.9915
            ],
            [
              116.34468179667077,
              39.9915
            ]
          ]
        ]
      }
    },
    {
      "type": "Feature",
      "id": "LU-065",
      "properties": {
        "id": "LU-065",
        "layer": "LAND_USE",
        "land_use_code": "0802",
        "name_zh": "AI科研与全栈创新用地",
        "source_type": "agent_generated_design",
        "confidence": "medium",
        "geometry_role": "design_proposal",
        "area_sqm_declared": 13292.104,
        "derivation": "split(site_boundary, [openworks_axis, seams, campus_industry_line])",
        "usage_note": "依据仓库 provisional_boundaries.geojson 派生的概念建议；不得作为 official redline、审批依据或精确面积复算依据。"
      },
      "geometry": {
        "type": "Polygon",
        "coordinates": [
          [
            [
              116.353,
              39.990665534701776
            ],
            [
              116.35286775312233,
              39.99068539855959
            ],
            [
              116.35256206019739,
              39.99073137869581
            ],
            [
              116.35226749140709,
              39.990775760167324
            ],
            [
              116.35198671650717,
              39.99081814998258
            ],
            [
              116.35172240909249,
              39.99085815455334
            ],
            [
              116.35147860558271,
              39.99089517333415
            ],
            [
              116.35125171182808,
              39.99093102863234
            ],
            [
              116.35103307504491,
              39.99096801216087
            ],
            [
              116.350932,
              39.990986106876754
            ],
            [
              116.350932,
              39.9915
            ],
            [
              116.353,
              39.9915
            ],
            [
              116.353,
              39.990665534701776
            ]
          ]
        ]
      }
    },
    {
      "type": "Feature",
      "id": "LU-066",
      "properties": {
        "id": "LU-066",
        "layer": "LAND_USE",
        "land_use_code": "1403",
        "name_zh": "广场用地（缝合节点）",
        "source_type": "agent_generated_design",
        "confidence": "medium",
        "geometry_role": "design_proposal",
        "area_sqm_declared": 2923.596,
        "derivation": "split(site_boundary, [openworks_axis, seams, campus_industry_line])",
        "usage_note": "依据仓库 provisional_boundaries.geojson 派生的概念建议；不得作为 official redline、审批依据或精确面积复算依据。"
      },
      "geometry": {
        "type": "Polygon",
        "coordinates": [
          [
            [
              116.35338219178082,
              39.9915
            ],
            [
              116.35333372248124,
              39.99061543528263
            ],
            [
              116.35318190244236,
              39.99063821243667
            ],
            [
              116.353,
              39.990665534701776
            ],
            [
              116.353,
              39.9915
            ],
            [
              116.35338219178082,
              39.9915
            ]
          ]
        ]
      }
    },
    {
      "type": "Feature",
      "id": "LU-067",
      "properties": {
        "id": "LU-067",
        "layer": "LAND_USE",
        "land_use_code": "0702",
        "name_zh": "城镇社区服务设施用地",
        "source_type": "agent_generated_design",
        "confidence": "medium",
        "geometry_role": "design_proposal",
        "area_sqm_declared": 10428.543,
        "derivation": "split(site_boundary, [openworks_axis, seams, campus_industry_line])",
        "usage_note": "依据仓库 provisional_boundaries.geojson 派生的概念建议；不得作为 official redline、审批依据或精确面积复算依据。"
      },
      "geometry": {
        "type": "Polygon",
        "coordinates": [
          [
            [
              116.34070072296281,
              39.99051120592348
            ],
            [
              116.34076451612903,
              39.9915
            ],
            [
              116.342,
              39.9915
            ],
            [
              116.342,
              39.99074627510058
            ],
            [
              116.34180421226378,
              39.99071144438689
            ],
            [
              116.34148339533499,
              39.99065378810553
            ],
            [
              116.3411595955869,
              39.99059510223556
            ],
            [
              116.3408354562933,
              39.99053594067113
            ],
            [
              116.34070072296281,
              39.99051120592348
            ]
          ]
        ]
      }
    },
    {
      "type": "Feature",
      "id": "LU-068",
      "properties": {
        "id": "LU-068",
        "layer": "LAND_USE",
        "land_use_code": "1403",
        "name_zh": "广场用地（缝合节点）",
        "source_type": "agent_generated_design",
        "confidence": "medium",
        "geometry_role": "design_proposal",
        "area_sqm_declared": 8373.911,
        "derivation": "split(site_boundary, [openworks_axis, seams, campus_industry_line])",
        "usage_note": "依据仓库 provisional_boundaries.geojson 派生的概念建议；不得作为 official redline、审批依据或精确面积复算依据。"
      },
      "geometry": {
        "type": "Polygon",
        "coordinates": [
          [
            [
              116.34649706089144,
              39.98970596241233
            ],
            [
              116.3464547053714,
              39.99021165296631
            ],
            [
              116.34640466193149,
              39.99073011464104
            ],
            [
              116.34635117821621,
              39.991219483446685
            ],
            [
              116.34632297772052,
              39.9914509401249
            ],
            [
              116.34632765115923,
              39.99145145850029
            ],
            [
              116.34651829775221,
              39.991469521054775
            ],
            [
              116.34671068593991,
              39.99148436225754
            ],
            [
              116.3469053102507,
              39.991495710628946
            ],
            [
              116.34693805029771,
              39.99149696974892
            ],
            [
              116.34689294432732,
              39.98971973599566
            ],
            [
              116.34649706089144,
              39.98970596241233
            ]
          ]
        ]
      }
    },
    {
      "type": "Feature",
      "id": "LU-069",
      "properties": {
        "id": "LU-069",
        "layer": "LAND_USE",
        "land_use_code": "1401",
        "name_zh": "公园绿地（开物主轴）",
        "source_type": "agent_generated_design",
        "confidence": "medium",
        "geometry_role": "design_proposal",
        "area_sqm_declared": 15028.92,
        "derivation": "split(site_boundary, [openworks_axis, seams, campus_industry_line])",
        "usage_note": "依据仓库 provisional_boundaries.geojson 派生的概念建议；不得作为 official redline、审批依据或精确面积复算依据。"
      },
      "geometry": {
        "type": "Polygon",
        "coordinates": [
          [
            [
              116.34689294432732,
              39.98971973599566
            ],
            [
              116.34693805029771,
              39.99149696974892
            ],
            [
              116.34701684387127,
              39.9915
            ],
            [
              116.3477263890135,
              39.9915
            ],
            [
              116.34781199999999,
              39.991495581808515
            ],
            [
              116.34781199999999,
              39.98972979366868
            ],
            [
              116.34746781347813,
              39.98973973685308
            ],
            [
              116.34689294432732,
              39.98971973599566
            ]
          ]
        ]
      }
    },
    {
      "type": "Feature",
      "id": "LU-070",
      "properties": {
        "id": "LU-070",
        "layer": "LAND_USE",
        "land_use_code": "1401",
        "name_zh": "公园绿地（开物主轴）",
        "source_type": "agent_generated_design",
        "confidence": "medium",
        "geometry_role": "design_proposal",
        "area_sqm_declared": 26839.265,
        "derivation": "split(site_boundary, [openworks_axis, seams, campus_industry_line])",
        "usage_note": "依据仓库 provisional_boundaries.geojson 派生的概念建议；不得作为 official redline、审批依据或精确面积复算依据。"
      },
      "geometry": {
        "type": "Polygon",
        "coordinates": [
          [
            [
              116.34939884352266,
              39.99128609532257
            ],
            [
              116.34943940250592,
              39.9909148359387
            ],
            [
              116.34949162301619,
              39.99037357124997
            ],
            [
              116.3495396072102,
              39.989800375934955
            ],
            [
              116.34954819526413,
              39.98967963682471
            ],
            [
              116.34781199999999,
              39.98972979366868
            ],
            [
              116.34781199999999,
              39.991495581808515
            ],
            [
              116.34791553471115,
              39.9914902386137
            ],
            [
              116.3481141851402,
              39.991475273409776
            ],
            [
              116.34830975383224,
              39.99145617185108
            ],
            [
              116.34850271286832,
              39.99143333503419
            ],
            [
              116.34869356154127,
              39.991407165399785
            ],
            [
              116.34888282737145,
              39.99137806200628
            ],
            [
              116.34907106527727,
              39.99134641651585
            ],
            [
              116.34925885537494,
              39.99131261018796
            ],
            [
              116.34939884352266,
              39.99128609532257
            ]
          ]
        ]
      }
    },
    {
      "type": "Feature",
      "id": "LU-071",
      "properties": {
        "id": "LU-071",
        "layer": "LAND_USE",
        "land_use_code": "1403",
        "name_zh": "广场用地（缝合节点）",
        "source_type": "agent_generated_design",
        "confidence": "medium",
        "geometry_role": "design_proposal",
        "area_sqm_declared": 26258.913,
        "derivation": "split(site_boundary, [openworks_axis, seams, campus_industry_line])",
        "usage_note": "依据仓库 provisional_boundaries.geojson 派生的概念建议；不得作为 official redline、审批依据或精确面积复算依据。"
      },
      "geometry": {
        "type": "Polygon",
        "coordinates": [
          [
            [
              116.34464497602504,
              39.989641524643694
            ],
            [
              116.34464757926371,
              39.98977160030053
            ],
            [
              116.34467591317988,
              39.9912014015549
            ],
            [
              116.34479923891035,
              39.991223093925754
            ],
            [
              116.34499613659106,
              39.99125741300558
            ],
            [
              116.3451901208772,
              39.99129056642582
            ],
            [
              116.34538183053468,
              39.99132232215906
            ],
            [
              116.34557189255794,
              39.991352440323666
            ],
            [
              116.34576091957366,
              39.99138067277852
            ],
            [
              116.34594950734201,
              39.991406763278036
            ],
            [
              116.34613823254362,
              39.99143044828592
            ],
            [
              116.34628629220002,
              39.99144687098604
            ],
            [
              116.34636288337674,
              39.98970129410593
            ],
            [
              116.34464497602504,
              39.989641524643694
            ]
          ]
        ]
      }
    },
    {
      "type": "Feature",
      "id": "LU-072",
      "properties": {
        "id": "LU-072",
        "layer": "LAND_USE",
        "land_use_code": "1401",
        "name_zh": "公园绿地（开物主轴）",
        "source_type": "agent_generated_design",
        "confidence": "medium",
        "geometry_role": "design_proposal",
        "area_sqm_declared": 1522.7,
        "derivation": "split(site_boundary, [openworks_axis, seams, campus_industry_line])",
        "usage_note": "依据仓库 provisional_boundaries.geojson 派生的概念建议；不得作为 official redline、审批依据或精确面积复算依据。"
      },
      "geometry": {
        "type": "Polygon",
        "coordinates": [
          [
            [
              116.34632297772052,
              39.9914509401249
            ],
            [
              116.34635117821621,
              39.991219483446685
            ],
            [
              116.34640466193149,
              39.99073011464104
            ],
            [
              116.3464547053714,
              39.99021165296631
            ],
            [
              116.34649706089144,
              39.98970596241233
            ],
            [
              116.34636288337674,
              39.98970129410593
            ],
            [
              116.34628629220002,
              39.99144687098604
            ],
            [
              116.34632297772052,
              39.9914509401249
            ]
          ]
        ]
      }
    },
    {
      "type": "Feature",
      "id": "LU-073",
      "properties": {
        "id": "LU-073",
        "layer": "LAND_USE",
        "land_use_code": "1403",
        "name_zh": "广场用地（缝合节点）",
        "source_type": "agent_generated_design",
        "confidence": "medium",
        "geometry_role": "design_proposal",
        "area_sqm_declared": 20197.396,
        "derivation": "split(site_boundary, [openworks_axis, seams, campus_industry_line])",
        "usage_note": "依据仓库 provisional_boundaries.geojson 派生的概念建议；不得作为 official redline、审批依据或精确面积复算依据。"
      },
      "geometry": {
        "type": "Polygon",
        "coordinates": [
          [
            [
              116.34954819526413,
              39.98967963682471
            ],
            [
              116.3495396072102,
              39.989800375934955
            ],
            [
              116.34949162301619,
              39.99037357124997
            ],
            [
              116.34943940250592,
              39.9909148359387
            ],
            [
              116.34939884352266,
              39.99128609532257
            ],
            [
              116.34944679997959,
              39.9912770119893
            ],
            [
              116.34963552027477,
              39.99123997778527
            ],
            [
              116.34982565305437,
              39.991201850468364
            ],
            [
              116.35001784774849,
              39.99116296083649
            ],
            [
              116.35021276383478,
              39.99112362901923
            ],
            [
              116.35041106879714,
              39.99108416623101
            ],
            [
              116.35061343624052,
              39.99104487675373
            ],
            [
              116.35082054444244,
              39.991006059938854
            ],
            [
              116.350932,
              39.990986106876754
            ],
            [
              116.350932,
              39.989639660170205
            ],
            [
              116.34954819526413,
              39.98967963682471
            ]
          ]
        ]
      }
    },
    {
      "type": "Feature",
      "id": "LU-074",
      "properties": {
        "id": "LU-074",
        "layer": "LAND_USE",
        "land_use_code": "1403",
        "name_zh": "广场用地（缝合节点）",
        "source_type": "agent_generated_design",
        "confidence": "medium",
        "geometry_role": "design_proposal",
        "area_sqm_declared": 34752.766,
        "derivation": "split(site_boundary, [openworks_axis, seams, campus_industry_line])",
        "usage_note": "依据仓库 provisional_boundaries.geojson 派生的概念建议；不得作为 official redline、审批依据或精确面积复算依据。"
      },
      "geometry": {
        "type": "Polygon",
        "coordinates": [
          [
            [
              116.34467591317988,
              39.9912014015549
            ],
            [
              116.34464757926371,
              39.98977160030053
            ],
            [
              116.34464497602504,
              39.989641524643694
            ],
            [
              116.342,
              39.98954950059218
            ],
            [
              116.342,
              39.99074627510058
            ],
            [
              116.34211941082258,
              39.99076751833191
            ],
            [
              116.34242636613298,
              39.99082145871113
            ],
            [
              116.3427224690435,
              39.99087271644087
            ],
            [
              116.34300513438588,
              39.990920745545715
            ],
            [
              116.34327181551437,
              39.990965004749185
            ],
            [
              116.34351843091636,
              39.9910047025663
            ],
            [
              116.34374816206618,
              39.991041706779825
            ],
            [
              116.34396945927341,
              39.9910785792534
            ],
            [
              116.34418455160719,
              39.991115364183926
            ],
            [
              116.34439410400542,
              39.991151852807306
            ],
            [
              116.3445987798128,
              39.99118783418662
            ],
            [
              116.34467591317988,
              39.9912014015549
            ]
          ]
        ]
      }
    },
    {
      "type": "Feature",
      "id": "LU-075",
      "properties": {
        "id": "LU-075",
        "layer": "LAND_USE",
        "land_use_code": "1403",
        "name_zh": "广场用地（缝合节点）",
        "source_type": "agent_generated_design",
        "confidence": "medium",
        "geometry_role": "design_proposal",
        "area_sqm_declared": 23779.191,
        "derivation": "split(site_boundary, [openworks_axis, seams, campus_industry_line])",
        "usage_note": "依据仓库 provisional_boundaries.geojson 派生的概念建议；不得作为 official redline、审批依据或精确面积复算依据。"
      },
      "geometry": {
        "type": "Polygon",
        "coordinates": [
          [
            [
              116.350932,
              39.990986106876754
            ],
            [
              116.35103307504491,
              39.99096801216087
            ],
            [
              116.35125171182808,
              39.99093102863234
            ],
            [
              116.35147860558271,
              39.99089517333415
            ],
            [
              116.35172240909249,
              39.99085815455334
            ],
            [
              116.35198671650717,
              39.99081814998258
            ],
            [
              116.35226749140709,
              39.990775760167324
            ],
            [
              116.35256206019739,
              39.99073137869581
            ],
            [
              116.35286775312233,
              39.99068539855959
            ],
            [
              116.353,
              39.990665534701776
            ],
            [
              116.353,
              39.98957991783853
            ],
            [
              116.350932,
              39.989639660170205
            ],
            [
              116.350932,
              39.990986106876754
            ]
          ]
        ]
      }
    },
    {
      "type": "Feature",
      "id": "LU-076",
      "properties": {
        "id": "LU-076",
        "layer": "LAND_USE",
        "land_use_code": "1403",
        "name_zh": "广场用地（缝合节点）",
        "source_type": "agent_generated_design",
        "confidence": "medium",
        "geometry_role": "design_proposal",
        "area_sqm_declared": 3206.068,
        "derivation": "split(site_boundary, [openworks_axis, seams, campus_industry_line])",
        "usage_note": "依据仓库 provisional_boundaries.geojson 派生的概念建议；不得作为 official redline、审批依据或精确面积复算依据。"
      },
      "geometry": {
        "type": "Polygon",
        "coordinates": [
          [
            [
              116.35333372248124,
              39.99061543528263
            ],
            [
              116.3533,
              39.99
            ],
            [
              116.3533343793622,
              39.989570257972595
            ],
            [
              116.353,
              39.98957991783853
            ],
            [
              116.353,
              39.990665534701776
            ],
            [
              116.35318190244236,
              39.99063821243667
            ],
            [
              116.35333372248124,
              39.99061543528263
            ]
          ]
        ]
      }
    },
    {
      "type": "Feature",
      "id": "LU-077",
      "properties": {
        "id": "LU-077",
        "layer": "LAND_USE",
        "land_use_code": "1403",
        "name_zh": "广场用地（缝合节点）",
        "source_type": "agent_generated_design",
        "confidence": "medium",
        "geometry_role": "design_proposal",
        "area_sqm_declared": 13895.713,
        "derivation": "split(site_boundary, [openworks_axis, seams, campus_industry_line])",
        "usage_note": "依据仓库 provisional_boundaries.geojson 派生的概念建议；不得作为 official redline、审批依据或精确面积复算依据。"
      },
      "geometry": {
        "type": "Polygon",
        "coordinates": [
          [
            [
              116.34066363241574,
              39.98993630244391
            ],
            [
              116.34070072296281,
              39.99051120592348
            ],
            [
              116.3408354562933,
              39.99053594067113
            ],
            [
              116.3411595955869,
              39.99059510223556
            ],
            [
              116.34148339533499,
              39.99065378810553
            ],
            [
              116.34180421226378,
              39.99071144438689
            ],
            [
              116.342,
              39.99074627510058
            ],
            [
              116.342,
              39.98954950059218
            ],
            [
              116.34063561489562,
              39.989502030882086
            ],
            [
              116.34065961453712,
              39.98987402532532
            ],
            [
              116.34066363241574,
              39.98993630244391
            ]
          ]
        ]
      }
    },
    {
      "type": "Feature",
      "id": "LU-078",
      "properties": {
        "id": "LU-078",
        "layer": "LAND_USE",
        "land_use_code": "16",
        "name_zh": "留白用地（产业代际缓冲）",
        "source_type": "agent_generated_design",
        "confidence": "medium",
        "geometry_role": "design_proposal",
        "area_sqm_declared": 9704.873,
        "derivation": "split(site_boundary, [openworks_axis, seams, campus_industry_line])",
        "usage_note": "依据仓库 provisional_boundaries.geojson 派生的概念建议；不得作为 official redline、审批依据或精确面积复算依据。"
      },
      "geometry": {
        "type": "Polygon",
        "coordinates": [
          [
            [
              116.34689294432732,
              39.98971973599566
            ],
            [
              116.34674449382017,
              39.98387059341624
            ],
            [
              116.3467422050904,
              39.98396581191563
            ],
            [
              116.34672025345287,
              39.98478649097875
            ],
            [
              116.34669645299127,
              39.98558140537523
            ],
            [
              116.34667062369161,
              39.98634801390272
            ],
            [
              116.34664258868173,
              39.987083751937654
            ],
            [
              116.34661217579445,
              39.98778602284462
            ],
            [
              116.34657926619604,
              39.98845125329691
            ],
            [
              116.34654248520886,
              39.989075665998904
            ],
            [
              116.34650081489693,
              39.989661142631796
            ],
            [
              116.34649706089144,
              39.98970596241233
            ],
            [
              116.34689294432732,
              39.98971973599566
            ]
          ]
        ]
      }
    },
    {
      "type": "Feature",
      "id": "LU-079",
      "properties": {
        "id": "LU-079",
        "layer": "LAND_USE",
        "land_use_code": "0802",
        "name_zh": "AI科研与全栈创新用地",
        "source_type": "agent_generated_design",
        "confidence": "medium",
        "geometry_role": "design_proposal",
        "area_sqm_declared": 72163.253,
        "derivation": "split(site_boundary, [openworks_axis, seams, campus_industry_line])",
        "usage_note": "依据仓库 provisional_boundaries.geojson 派生的概念建议；不得作为 official redline、审批依据或精确面积复算依据。"
      },
      "geometry": {
        "type": "Polygon",
        "coordinates": [
          [
            [
              116.34979778786541,
              39.9835
            ],
            [
              116.34978551581175,
              39.984011500841554
            ],
            [
              116.3497634586914,
              39.98483749337829
            ],
            [
              116.34973950667433,
              39.98563865659057
            ],
            [
              116.3497134642661,
              39.98641260905934
            ],
            [
              116.3496851328312,
              39.98715699278663
            ],
            [
              116.34965430903088,
              39.987869481786575
            ],
            [
              116.34962073623575,
              39.988548726766325
            ],
            [
              116.34958283626993,
              39.98919262029524
            ],
            [
              116.34954819526413,
              39.98967963682471
            ],
            [
              116.350932,
              39.989639660170205
            ],
            [
              116.350932,
              39.9835
            ],
            [
              116.34979778786541,
              39.9835
            ]
          ]
        ]
      }
    },
    {
      "type": "Feature",
      "id": "LU-080",
      "properties": {
        "id": "LU-080",
        "layer": "LAND_USE",
        "land_use_code": "0804",
        "name_zh": "高校科研教育衔接用地",
        "source_type": "agent_generated_design",
        "confidence": "medium",
        "geometry_role": "design_proposal",
        "area_sqm_declared": 149363.683,
        "derivation": "split(site_boundary, [openworks_axis, seams, campus_industry_line])",
        "usage_note": "依据仓库 provisional_boundaries.geojson 派生的概念建议；不得作为 official redline、审批依据或精确面积复算依据。"
      },
      "geometry": {
        "type": "Polygon",
        "coordinates": [
          [
            [
              116.34464497602504,
              39.989641524643694
            ],
            [
              116.344614,
              39.98809375
            ],
            [
              116.34458042073629,
              39.98640608564988
            ],
            [
              116.34454745679939,
              39.98471319966191
            ],
            [
              116.34452472372432,
              39.9835
            ],
            [
              116.342,
              39.9835
            ],
            [
              116.342,
              39.98954950059218
            ],
            [
              116.34464497602504,
              39.989641524643694
            ]
          ]
        ]
      }
    },
    {
      "type": "Feature",
      "id": "LU-081",
      "properties": {
        "id": "LU-081",
        "layer": "LAND_USE",
        "land_use_code": "1401",
        "name_zh": "公园绿地（开物主轴）",
        "source_type": "agent_generated_design",
        "confidence": "medium",
        "geometry_role": "design_proposal",
        "area_sqm_declared": 67832.926,
        "derivation": "split(site_boundary, [openworks_axis, seams, campus_industry_line])",
        "usage_note": "依据仓库 provisional_boundaries.geojson 派生的概念建议；不得作为 official redline、审批依据或精确面积复算依据。"
      },
      "geometry": {
        "type": "Polygon",
        "coordinates": [
          [
            [
              116.34649706089144,
              39.98970596241233
            ],
            [
              116.34650081489693,
              39.989661142631796
            ],
            [
              116.34654248520886,
              39.989075665998904
            ],
            [
              116.34657926619604,
              39.98845125329691
            ],
            [
              116.34661217579445,
              39.98778602284462
            ],
            [
              116.34664258868173,
              39.987083751937654
            ],
            [
              116.34667062369161,
              39.98634801390272
            ],
            [
              116.34669645299127,
              39.98558140537523
            ],
            [
              116.34672025345287,
              39.98478649097875
            ],
            [
              116.3467422050904,
              39.98396581191563
            ],
            [
              116.34674449382017,
              39.98387059341624
            ],
            [
              116.34689294432732,
              39.98971973599566
            ],
            [
              116.34746781347813,
              39.98973973685308
            ],
            [
              116.34781199999999,
              39.98972979366868
            ],
            [
              116.34781199999999,
              39.9835
            ],
            [
              116.3466349793344,
              39.9835
            ],
            [
              116.34636288337674,
              39.98970129410593
            ],
            [
              116.34649706089144,
              39.98970596241233
            ]
          ]
        ]
      }
    },
    {
      "type": "Feature",
      "id": "LU-082",
      "properties": {
        "id": "LU-082",
        "layer": "LAND_USE",
        "land_use_code": "0802",
        "name_zh": "AI科研与全栈创新用地",
        "source_type": "agent_generated_design",
        "confidence": "medium",
        "geometry_role": "design_proposal",
        "area_sqm_declared": 119833.632,
        "derivation": "split(site_boundary, [openworks_axis, seams, campus_industry_line])",
        "usage_note": "依据仓库 provisional_boundaries.geojson 派生的概念建议；不得作为 official redline、审批依据或精确面积复算依据。"
      },
      "geometry": {
        "type": "Polygon",
        "coordinates": [
          [
            [
              116.350932,
              39.989639660170205
            ],
            [
              116.353,
              39.98957991783853
            ],
            [
              116.353,
              39.9835
            ],
            [
              116.350932,
              39.9835
            ],
            [
              116.350932,
              39.989639660170205
            ]
          ]
        ]
      }
    },
    {
      "type": "Feature",
      "id": "LU-083",
      "properties": {
        "id": "LU-083",
        "layer": "LAND_USE",
        "land_use_code": "1401",
        "name_zh": "公园绿地（开物主轴）",
        "source_type": "agent_generated_design",
        "confidence": "medium",
        "geometry_role": "design_proposal",
        "area_sqm_declared": 110847.709,
        "derivation": "split(site_boundary, [openworks_axis, seams, campus_industry_line])",
        "usage_note": "依据仓库 provisional_boundaries.geojson 派生的概念建议；不得作为 official redline、审批依据或精确面积复算依据。"
      },
      "geometry": {
        "type": "Polygon",
        "coordinates": [
          [
            [
              116.34954819526413,
              39.98967963682471
            ],
            [
              116.34958283626993,
              39.98919262029524
            ],
            [
              116.34962073623575,
              39.988548726766325
            ],
            [
              116.34965430903088,
              39.987869481786575
            ],
            [
              116.3496851328312,
              39.98715699278663
            ],
            [
              116.3497134642661,
              39.98641260905934
            ],
            [
              116.34973950667433,
              39.98563865659057
            ],
            [
              116.3497634586914,
              39.98483749337829
            ],
            [
              116.34978551581175,
              39.984011500841554
            ],
            [
              116.34979778786541,
              39.9835
            ],
            [
              116.34781199999999,
              39.9835
            ],
            [
              116.34781199999999,
              39.98972979366868
            ],
            [
              116.34954819526413,
              39.98967963682471
            ]
          ]
        ]
      }
    },
    {
      "type": "Feature",
      "id": "LU-084",
      "properties": {
        "id": "LU-084",
        "layer": "LAND_USE",
        "land_use_code": "16",
        "name_zh": "留白用地（产业代际缓冲）",
        "source_type": "agent_generated_design",
        "confidence": "medium",
        "geometry_role": "design_proposal",
        "area_sqm_declared": 112098.943,
        "derivation": "split(site_boundary, [openworks_axis, seams, campus_industry_line])",
        "usage_note": "依据仓库 provisional_boundaries.geojson 派生的概念建议；不得作为 official redline、审批依据或精确面积复算依据。"
      },
      "geometry": {
        "type": "Polygon",
        "coordinates": [
          [
            [
              116.34452472372432,
              39.9835
            ],
            [
              116.34454745679939,
              39.98471319966191
            ],
            [
              116.34458042073629,
              39.98640608564988
            ],
            [
              116.344614,
              39.98809375
            ],
            [
              116.34464497602504,
              39.989641524643694
            ],
            [
              116.34636288337674,
              39.98970129410593
            ],
            [
              116.3466349793344,
              39.9835
            ],
            [
              116.34452472372432,
              39.9835
            ]
          ]
        ]
      }
    },
    {
      "type": "Feature",
      "id": "LU-085",
      "properties": {
        "id": "LU-085",
        "layer": "LAND_USE",
        "land_use_code": "0702",
        "name_zh": "城镇社区服务设施用地",
        "source_type": "agent_generated_design",
        "confidence": "medium",
        "geometry_role": "design_proposal",
        "area_sqm_declared": 228412.887,
        "derivation": "split(site_boundary, [openworks_axis, seams, campus_industry_line])",
        "usage_note": "依据仓库 provisional_boundaries.geojson 派生的概念建议；不得作为 official redline、审批依据或精确面积复算依据。"
      },
      "geometry": {
        "type": "Polygon",
        "coordinates": [
          [
            [
              116.34003064516129,
              39.980125
            ],
            [
              116.34063561489562,
              39.989502030882086
            ],
            [
              116.342,
              39.98954950059218
            ],
            [
              116.342,
              39.9835
            ],
            [
              116.34452472372432,
              39.9835
            ],
            [
              116.34451572351615,
              39.98301968444779
            ],
            [
              116.34448583621338,
              39.98133013241923
            ],
            [
              116.34446617409174,
              39.980125
            ],
            [
              116.34003064516129,
              39.980125
            ]
          ]
        ]
      }
    },
    {
      "type": "Feature",
      "id": "LU-086",
      "properties": {
        "id": "LU-086",
        "layer": "LAND_USE",
        "land_use_code": "0701",
        "name_zh": "城镇住宅用地",
        "source_type": "agent_generated_design",
        "confidence": "medium",
        "geometry_role": "design_proposal",
        "area_sqm_declared": 130017.475,
        "derivation": "split(site_boundary, [openworks_axis, seams, campus_industry_line])",
        "usage_note": "依据仓库 provisional_boundaries.geojson 派生的概念建议；不得作为 official redline、审批依据或精确面积复算依据。"
      },
      "geometry": {
        "type": "Polygon",
        "coordinates": [
          [
            [
              116.3533343793622,
              39.989570257972595
            ],
            [
              116.35409,
              39.980125
            ],
            [
              116.350932,
              39.980125
            ],
            [
              116.350932,
              39.9835
            ],
            [
              116.353,
              39.9835
            ],
            [
              116.353,
              39.98957991783853
            ],
            [
              116.3533343793622,
              39.989570257972595
            ]
          ]
        ]
      }
    },
    {
      "type": "Feature",
      "id": "LU-087",
      "properties": {
        "id": "LU-087",
        "layer": "LAND_USE",
        "land_use_code": "1403",
        "name_zh": "广场用地（缝合节点）",
        "source_type": "agent_generated_design",
        "confidence": "medium",
        "geometry_role": "design_proposal",
        "area_sqm_declared": 35168.181,
        "derivation": "split(site_boundary, [openworks_axis, seams, campus_industry_line])",
        "usage_note": "依据仓库 provisional_boundaries.geojson 派生的概念建议；不得作为 official redline、审批依据或精确面积复算依据。"
      },
      "geometry": {
        "type": "Polygon",
        "coordinates": [
          [
            [
              116.3498651098627,
              39.980125
            ],
            [
              116.3498586317472,
              39.98050797577838
            ],
            [
              116.34984224420377,
              39.98140860030928
            ],
            [
              116.34982471725345,
              39.982294636842994
            ],
            [
              116.34980587138296,
              39.983163077905246
            ],
            [
              116.34979778786541,
              39.9835
            ],
            [
              116.350932,
              39.9835
            ],
            [
              116.350932,
              39.980125
            ],
            [
              116.3498651098627,
              39.980125
            ]
          ]
        ]
      }
    },
    {
      "type": "Feature",
      "id": "LU-088",
      "properties": {
        "id": "LU-088",
        "layer": "LAND_USE",
        "land_use_code": "1401",
        "name_zh": "公园绿地（开物主轴）",
        "source_type": "agent_generated_design",
        "confidence": "medium",
        "geometry_role": "design_proposal",
        "area_sqm_declared": 36530.814,
        "derivation": "split(site_boundary, [openworks_axis, seams, campus_industry_line])",
        "usage_note": "依据仓库 provisional_boundaries.geojson 派生的概念建议；不得作为 official redline、审批依据或精确面积复算依据。"
      },
      "geometry": {
        "type": "Polygon",
        "coordinates": [
          [
            [
              116.3466494311277,
              39.980125
            ],
            [
              116.3466984024596,
              39.982054534011226
            ],
            [
              116.3466349793344,
              39.9835
            ],
            [
              116.34781199999999,
              39.9835
            ],
            [
              116.34781199999999,
              39.980125
            ],
            [
              116.3466494311277,
              39.980125
            ]
          ]
        ]
      }
    },
    {
      "type": "Feature",
      "id": "LU-089",
      "properties": {
        "id": "LU-089",
        "layer": "LAND_USE",
        "land_use_code": "1403",
        "name_zh": "广场用地（缝合节点）",
        "source_type": "agent_generated_design",
        "confidence": "medium",
        "geometry_role": "design_proposal",
        "area_sqm_declared": 69660.925,
        "derivation": "split(site_boundary, [openworks_axis, seams, campus_industry_line])",
        "usage_note": "依据仓库 provisional_boundaries.geojson 派生的概念建议；不得作为 official redline、审批依据或精确面积复算依据。"
      },
      "geometry": {
        "type": "Polygon",
        "coordinates": [
          [
            [
              116.34446617409174,
              39.980125
            ],
            [
              116.34448583621338,
              39.98133013241923
            ],
            [
              116.34451572351615,
              39.98301968444779
            ],
            [
              116.34452472372432,
              39.9835
            ],
            [
              116.3466349793344,
              39.9835
            ],
            [
              116.3466984024596,
              39.982054534011226
            ],
            [
              116.3466494311277,
              39.980125
            ],
            [
              116.34446617409174,
              39.980125
            ]
          ]
        ]
      }
    },
    {
      "type": "Feature",
      "id": "LU-090",
      "properties": {
        "id": "LU-090",
        "layer": "LAND_USE",
        "land_use_code": "1401",
        "name_zh": "公园绿地（开物主轴）",
        "source_type": "agent_generated_design",
        "confidence": "medium",
        "geometry_role": "design_proposal",
        "area_sqm_declared": 64707.619,
        "derivation": "split(site_boundary, [openworks_axis, seams, campus_industry_line])",
        "usage_note": "依据仓库 provisional_boundaries.geojson 派生的概念建议；不得作为 official redline、审批依据或精确面积复算依据。"
      },
      "geometry": {
        "type": "Polygon",
        "coordinates": [
          [
            [
              116.34979778786541,
              39.9835
            ],
            [
              116.34980587138296,
              39.983163077905246
            ],
            [
              116.34982471725345,
              39.982294636842994
            ],
            [
              116.34984224420377,
              39.98140860030928
            ],
            [
              116.3498586317472,
              39.98050797577838
            ],
            [
              116.3498651098627,
              39.980125
            ],
            [
              116.34781199999999,
              39.980125
            ],
            [
              116.34781199999999,
              39.9835
            ],
            [
              116.34979778786541,
              39.9835
            ]
          ]
        ]
      }
    },
    {
      "type": "Feature",
      "id": "LU-091",
      "properties": {
        "id": "LU-091",
        "layer": "LAND_USE",
        "land_use_code": "1403",
        "name_zh": "广场用地（缝合节点）",
        "source_type": "agent_generated_design",
        "confidence": "medium",
        "geometry_role": "design_proposal",
        "area_sqm_declared": 112864.065,
        "derivation": "split(site_boundary, [openworks_axis, seams, campus_industry_line])",
        "usage_note": "依据仓库 provisional_boundaries.geojson 派生的概念建议；不得作为 official redline、审批依据或精确面积复算依据。"
      },
      "geometry": {
        "type": "Polygon",
        "coordinates": [
          [
            [
              116.35007034802803,
              39.967875
            ],
            [
              116.3500548449833,
              39.9685269488301
            ],
            [
              116.35003599500602,
              39.9694019011936
            ],
            [
              116.35001845586375,
              39.97029370592892
            ],
            [
              116.35000204180584,
              39.97119987375036
            ],
            [
              116.34998656654852,
              39.97211792154685
            ],
            [
              116.34997184339865,
              39.97304537137678
            ],
            [
              116.34995768533938,
              39.97397974974806
            ],
            [
              116.34994390508822,
              39.97491858711126
            ],
            [
              116.34993031510884,
              39.975859419270556
            ],
            [
              116.34991672615487,
              39.976799887560254
            ],
            [
              116.34990295172179,
              39.977737429221214
            ],
            [
              116.3498888035618,
              39.978669590402816
            ],
            [
              116.34987409317306,
              39.97959392112858
            ],
            [
              116.3498651098627,
              39.980125
            ],
            [
              116.350932,
              39.980125
            ],
            [
              116.350932,
              39.967875
            ],
            [
              116.35007034802803,
              39.967875
            ]
          ]
        ]
      }
    },
    {
      "type": "Feature",
      "id": "LU-092",
      "properties": {
        "id": "LU-092",
        "layer": "LAND_USE",
        "land_use_code": "0701",
        "name_zh": "城镇住宅用地",
        "source_type": "agent_generated_design",
        "confidence": "medium",
        "geometry_role": "design_proposal",
        "area_sqm_declared": 242851.916,
        "derivation": "split(site_boundary, [openworks_axis, seams, campus_industry_line])",
        "usage_note": "依据仓库 provisional_boundaries.geojson 派生的概念建议；不得作为 official redline、审批依据或精确面积复算依据。"
      },
      "geometry": {
        "type": "Polygon",
        "coordinates": [
          [
            [
              116.3443907036227,
              39.967875
            ],
            [
              116.34438636570246,
              39.968462067994
            ],
            [
              116.34438,
              39.97
            ],
            [
              116.3443797362885,
              39.971533222201344
            ],
            [
              116.34438562584523,
              39.97310255447032
            ],
            [
              116.34439705334334,
              39.974703404395186
            ],
            [
              116.34441340345604,
              39.97633117956424
            ],
            [
              116.3444340608565,
              39.97798128756574
            ],
            [
              116.34445841021788,
              39.979649135987984
            ],
            [
              116.34446617409174,
              39.980125
            ],
            [
              116.3466494311277,
              39.980125
            ],
            [
              116.34633852765974,
              39.967875
            ],
            [
              116.3443907036227,
              39.967875
            ]
          ]
        ]
      }
    },
    {
      "type": "Feature",
      "id": "LU-093",
      "properties": {
        "id": "LU-093",
        "layer": "LAND_USE",
        "land_use_code": "1401",
        "name_zh": "公园绿地（开物主轴）",
        "source_type": "agent_generated_design",
        "confidence": "medium",
        "geometry_role": "design_proposal",
        "area_sqm_declared": 137242.812,
        "derivation": "split(site_boundary, [openworks_axis, seams, campus_industry_line])",
        "usage_note": "依据仓库 provisional_boundaries.geojson 派生的概念建议；不得作为 official redline、审批依据或精确面积复算依据。"
      },
      "geometry": {
        "type": "Polygon",
        "coordinates": [
          [
            [
              116.34732056193468,
              39.967875
            ],
            [
              116.34684377768008,
              39.97874131133146
            ],
            [
              116.3468453750344,
              39.97864121713739
            ],
            [
              116.3468595458325,
              39.97771026917505
            ],
            [
              116.34687335047465,
              39.97677349240659
            ],
            [
              116.34688697633884,
              39.975833353790115
            ],
            [
              116.34690061256431,
              39.97489221156429
            ],
            [
              116.34691444554235,
              39.97395262791931
            ],
            [
              116.34692866335904,
              39.973017059567184
            ],
            [
              116.34694345437084,
              39.97208795771027
            ],
            [
              116.34695900722589,
              39.971167769404445
            ],
            [
              116.3469754971425,
              39.97025963664587
            ],
            [
              116.34699313672131,
              39.96936474247558
            ],
            [
              116.34701210544236,
              39.968486086511845
            ],
            [
              116.34702666388856,
              39.967875
            ],
            [
              116.34633852765974,
              39.967875
            ],
            [
              116.3466494311277,
              39.980125
            ],
            [
              116.34781199999999,
              39.980125
            ],
            [
              116.34781199999999,
              39.967875
            ],
            [
              116.34732056193468,
              39.967875
            ]
          ]
        ]
      }
    },
    {
      "type": "Feature",
      "id": "LU-094",
      "properties": {
        "id": "LU-094",
        "layer": "LAND_USE",
        "land_use_code": "0702",
        "name_zh": "城镇社区服务设施用地",
        "source_type": "agent_generated_design",
        "confidence": "medium",
        "geometry_role": "design_proposal",
        "area_sqm_declared": 531902.306,
        "derivation": "split(site_boundary, [openworks_axis, seams, campus_industry_line])",
        "usage_note": "依据仓库 provisional_boundaries.geojson 派生的概念建议；不得作为 official redline、审批依据或精确面积复算依据。"
      },
      "geometry": {
        "type": "Polygon",
        "coordinates": [
          [
            [
              116.33989791666666,
              39.967875
            ],
            [
              116.3397,
              39.975
            ],
            [
              116.34003064516129,
              39.980125
            ],
            [
              116.34446617409174,
              39.980125
            ],
            [
              116.34445841021788,
              39.979649135987984
            ],
            [
              116.3444340608565,
              39.97798128756574
            ],
            [
              116.34441340345604,
              39.97633117956424
            ],
            [
              116.34439705334334,
              39.974703404395186
            ],
            [
              116.34438562584523,
              39.97310255447032
            ],
            [
              116.3443797362885,
              39.971533222201344
            ],
            [
              116.34438,
              39.97
            ],
            [
              116.34438636570246,
              39.968462067994
            ],
            [
              116.3443907036227,
              39.967875
            ],
            [
              116.33989791666666,
              39.967875
            ]
          ]
        ]
      }
    },
    {
      "type": "Feature",
      "id": "LU-095",
      "properties": {
        "id": "LU-095",
        "layer": "LAND_USE",
        "land_use_code": "1401",
        "name_zh": "公园绿地（开物主轴）",
        "source_type": "agent_generated_design",
        "confidence": "medium",
        "geometry_role": "design_proposal",
        "area_sqm_declared": 249688.895,
        "derivation": "split(site_boundary, [openworks_axis, seams, campus_industry_line])",
        "usage_note": "依据仓库 provisional_boundaries.geojson 派生的概念建议；不得作为 official redline、审批依据或精确面积复算依据。"
      },
      "geometry": {
        "type": "Polygon",
        "coordinates": [
          [
            [
              116.3498651098627,
              39.980125
            ],
            [
              116.34987409317306,
              39.97959392112858
            ],
            [
              116.3498888035618,
              39.978669590402816
            ],
            [
              116.34990295172179,
              39.977737429221214
            ],
            [
              116.34991672615487,
              39.976799887560254
            ],
            [
              116.34993031510884,
              39.975859419270556
            ],
            [
              116.34994390508822,
              39.97491858711126
            ],
            [
              116.34995768533938,
              39.97397974974806
            ],
            [
              116.34997184339865,
              39.97304537137678
            ],
            [
              116.34998656654852,
              39.97211792154685
            ],
            [
              116.35000204180584,
              39.97119987375036
            ],
            [
              116.35001845586375,
              39.97029370592892
            ],
            [
              116.35003599500602,
              39.9694019011936
            ],
            [
              116.3500548449833,
              39.9685269488301
            ],
            [
              116.35007034802803,
              39.967875
            ],
            [
              116.34781199999999,
              39.967875
            ],
            [
              116.34781199999999,
              39.980125
            ],
            [
              116.3498651098627,
              39.980125
            ]
          ]
        ]
      }
    },
    {
      "type": "Feature",
      "id": "LU-096",
      "properties": {
        "id": "LU-096",
        "layer": "LAND_USE",
        "land_use_code": "0701",
        "name_zh": "城镇住宅用地",
        "source_type": "agent_generated_design",
        "confidence": "medium",
        "geometry_role": "design_proposal",
        "area_sqm_declared": 423912.581,
        "derivation": "split(site_boundary, [openworks_axis, seams, campus_industry_line])",
        "usage_note": "依据仓库 provisional_boundaries.geojson 派生的概念建议；不得作为 official redline、审批依据或精确面积复算依据。"
      },
      "geometry": {
        "type": "Polygon",
        "coordinates": [
          [
            [
              116.35409,
              39.980125
            ],
            [
              116.35507,
              39.967875
            ],
            [
              116.350932,
              39.967875
            ],
            [
              116.350932,
              39.980125
            ],
            [
              116.35409,
              39.980125
            ]
          ]
        ]
      }
    },
    {
      "type": "Feature",
      "id": "LU-097",
      "properties": {
        "id": "LU-097",
        "layer": "LAND_USE",
        "land_use_code": "1403",
        "name_zh": "广场用地（缝合节点）",
        "source_type": "agent_generated_design",
        "confidence": "medium",
        "geometry_role": "design_proposal",
        "area_sqm_declared": 15916.674,
        "derivation": "split(site_boundary, [openworks_axis, seams, campus_industry_line])",
        "usage_note": "依据仓库 provisional_boundaries.geojson 派生的概念建议；不得作为 official redline、审批依据或精确面积复算依据。"
      },
      "geometry": {
        "type": "Polygon",
        "coordinates": [
          [
            [
              116.34702666388856,
              39.967875
            ],
            [
              116.34701210544236,
              39.968486086511845
            ],
            [
              116.34699313672131,
              39.96936474247558
            ],
            [
              116.3469754971425,
              39.97025963664587
            ],
            [
              116.34695900722589,
              39.971167769404445
            ],
            [
              116.34694345437084,
              39.97208795771027
            ],
            [
              116.34692866335904,
              39.973017059567184
            ],
            [
              116.34691444554235,
              39.97395262791931
            ],
            [
              116.34690061256431,
              39.97489221156429
            ],
            [
              116.34688697633884,
              39.975833353790115
            ],
            [
              116.34687335047465,
              39.97677349240659
            ],
            [
              116.3468595458325,
              39.97771026917505
            ],
            [
              116.3468453750344,
              39.97864121713739
            ],
            [
              116.34684377768008,
              39.97874131133146
            ],
            [
              116.34732056193468,
              39.967875
            ],
            [
              116.34702666388856,
              39.967875
            ]
          ]
        ]
      }
    },
    {
      "type": "Feature",
      "id": "LU-098",
      "properties": {
        "id": "LU-098",
        "layer": "LAND_USE",
        "land_use_code": "1401",
        "name_zh": "公园绿地（开物主轴）",
        "source_type": "agent_generated_design",
        "confidence": "medium",
        "geometry_role": "design_proposal",
        "area_sqm_declared": 26108.786,
        "derivation": "split(site_boundary, [openworks_axis, seams, campus_industry_line])",
        "usage_note": "依据仓库 provisional_boundaries.geojson 派生的概念建议；不得作为 official redline、审批依据或精确面积复算依据。"
      },
      "geometry": {
        "type": "Polygon",
        "coordinates": [
          [
            [
              116.34781199999999,
              39.95667471608502
            ],
            [
              116.34732056193468,
              39.967875
            ],
            [
              116.34781199999999,
              39.967875
            ],
            [
              116.34781199999999,
              39.95667471608502
            ]
          ]
        ]
      }
    },
    {
      "type": "Feature",
      "id": "LU-099",
      "properties": {
        "id": "LU-099",
        "layer": "LAND_USE",
        "land_use_code": "1403",
        "name_zh": "广场用地（缝合节点）",
        "source_type": "agent_generated_design",
        "confidence": "medium",
        "geometry_role": "design_proposal",
        "area_sqm_declared": 73231.309,
        "derivation": "split(site_boundary, [openworks_axis, seams, campus_industry_line])",
        "usage_note": "依据仓库 provisional_boundaries.geojson 派生的概念建议；不得作为 official redline、审批依据或精确面积复算依据。"
      },
      "geometry": {
        "type": "Polygon",
        "coordinates": [
          [
            [
              116.35083838099946,
              39.953
            ],
            [
              116.35082446319468,
              39.95327860886899
            ],
            [
              116.35078420153474,
              39.954023750609
            ],
            [
              116.35074073867821,
              39.954782469817
            ],
            [
              116.35069465784174,
              39.95555336151502
            ],
            [
              116.3506465096629,
              39.95633550894509
            ],
            [
              116.35059695548881,
              39.95712620216087
            ],
            [
              116.35054652194219,
              39.95792486685968
            ],
            [
              116.35049577950697,
              39.95873020163807
            ],
            [
              116.35044532055699,
              39.95954054650412
            ],
            [
              116.35039572347459,
              39.96035444813191
            ],
            [
              116.35034756606699,
              39.96117044733497
            ],
            [
              116.35030142550457,
              39.96198707917133
            ],
            [
              116.35025787821688,
              39.962802872895594
            ],
            [
              116.35021749974263,
              39.963616351757075
            ],
            [
              116.35018086452362,
              39.96442603264329
            ],
            [
              116.35014854563175,
              39.96523042555485
            ],
            [
              116.3501210884851,
              39.966028786678876
            ],
            [
              116.35009721663096,
              39.966837597940064
            ],
            [
              116.35007519083489,
              39.96767134566456
            ],
            [
              116.35007034802803,
              39.967875
            ],
            [
              116.350932,
              39.967875
            ],
            [
              116.350932,
              39.953
            ],
            [
              116.35083838099946,
              39.953
            ]
          ]
        ]
      }
    },
    {
      "type": "Feature",
      "id": "LU-100",
      "properties": {
        "id": "LU-100",
        "layer": "LAND_USE",
        "land_use_code": "1403",
        "name_zh": "广场用地（缝合节点）",
        "source_type": "agent_generated_design",
        "confidence": "medium",
        "geometry_role": "design_proposal",
        "area_sqm_declared": 36590.159,
        "derivation": "split(site_boundary, [openworks_axis, seams, campus_industry_line])",
        "usage_note": "依据仓库 provisional_boundaries.geojson 派生的概念建议；不得作为 official redline、审批依据或精确面积复算依据。"
      },
      "geometry": {
        "type": "Polygon",
        "coordinates": [
          [
            [
              116.34732056193468,
              39.967875
            ],
            [
              116.34781199999999,
              39.95667471608502
            ],
            [
              116.34781199999999,
              39.953
            ],
            [
              116.34779361660868,
              39.953
            ],
            [
              116.34778436937157,
              39.953184948821736
            ],
            [
              116.34774443090394,
              39.95392350417394
            ],
            [
              116.34770123024222,
              39.954677064214565
            ],
            [
              116.34765534484575,
              39.955444118582506
            ],
            [
              116.3476073534698,
              39.95622316785518
            ],
            [
              116.34755783585321,
              39.957012721958726
            ],
            [
              116.34750737651399,
              39.9578112356105
            ],
            [
              116.34745656558107,
              39.95861709145969
            ],
            [
              116.34740593387488,
              39.95942962931369
            ],
            [
              116.34735612260893,
              39.96024645253456
            ],
            [
              116.34730769367465,
              39.96106643762393
            ],
            [
              116.34726123057507,
              39.961888134184726
            ],
            [
              116.34721731755356,
              39.9627100976234
            ],
            [
              116.34717653974432,
              39.963530889351624
            ],
            [
              116.34713948337793,
              39.96434907714289
            ],
            [
              116.34710673605473,
              39.965163235657734
            ],
            [
              116.34707891306195,
              39.96597119337099
            ],
            [
              116.34705479317782,
              39.96678718297001
            ],
            [
              116.34703259377987,
              39.967626094550404
            ],
            [
              116.34702666388856,
              39.967875
            ],
            [
              116.34732056193468,
              39.967875
            ]
          ]
        ]
      }
    },
    {
      "type": "Feature",
      "id": "LU-101",
      "properties": {
        "id": "LU-101",
        "layer": "LAND_USE",
        "land_use_code": "0701",
        "name_zh": "城镇住宅用地",
        "source_type": "agent_generated_design",
        "confidence": "medium",
        "geometry_role": "design_proposal",
        "area_sqm_declared": 233477.685,
        "derivation": "split(site_boundary, [openworks_axis, seams, campus_industry_line])",
        "usage_note": "依据仓库 provisional_boundaries.geojson 派生的概念建议；不得作为 official redline、审批依据或精确面积复算依据。"
      },
      "geometry": {
        "type": "Polygon",
        "coordinates": [
          [
            [
              116.34463961860189,
              39.953
            ],
            [
              116.34462495867768,
              39.95362584522915
            ],
            [
              116.34458813429751,
              39.95526740232908
            ],
            [
              116.34455276033057,
              39.95692922614575
            ],
            [
              116.34451932024791,
              39.958603371525165
            ],
            [
              116.34448829752066,
              39.9602818933133
            ],
            [
              116.34446017561982,
              39.961956846356124
            ],
            [
              116.3444354380165,
              39.96362028549962
            ],
            [
              116.3444145681818,
              39.96526426558978
            ],
            [
              116.34439804958676,
              39.96688084147257
            ],
            [
              116.3443907036227,
              39.967875
            ],
            [
              116.34633852765974,
              39.967875
            ],
            [
              116.34596100202006,
              39.953
            ],
            [
              116.34463961860189,
              39.953
            ]
          ]
        ]
      }
    },
    {
      "type": "Feature",
      "id": "LU-102",
      "properties": {
        "id": "LU-102",
        "layer": "LAND_USE",
        "land_use_code": "0702",
        "name_zh": "城镇社区服务设施用地",
        "source_type": "agent_generated_design",
        "confidence": "medium",
        "geometry_role": "design_proposal",
        "area_sqm_declared": 619690.247,
        "derivation": "split(site_boundary, [openworks_axis, seams, campus_industry_line])",
        "usage_note": "依据仓库 provisional_boundaries.geojson 派生的概念建议；不得作为 official redline、审批依据或精确面积复算依据。"
      },
      "geometry": {
        "type": "Polygon",
        "coordinates": [
          [
            [
              116.3403111111111,
              39.953
            ],
            [
              116.33989791666666,
              39.967875
            ],
            [
              116.3443907036227,
              39.967875
            ],
            [
              116.34439804958676,
              39.96688084147257
            ],
            [
              116.3444145681818,
              39.96526426558978
            ],
            [
              116.3444354380165,
              39.96362028549962
            ],
            [
              116.34446017561982,
              39.961956846356124
            ],
            [
              116.34448829752066,
              39.9602818933133
            ],
            [
              116.34451932024791,
              39.958603371525165
            ],
            [
              116.34455276033057,
              39.95692922614575
            ],
            [
              116.34458813429751,
              39.95526740232908
            ],
            [
              116.34462495867768,
              39.95362584522915
            ],
            [
              116.34463961860189,
              39.953
            ],
            [
              116.3403111111111,
              39.953
            ]
          ]
        ]
      }
    },
    {
      "type": "Feature",
      "id": "LU-103",
      "properties": {
        "id": "LU-103",
        "layer": "LAND_USE",
        "land_use_code": "0701",
        "name_zh": "城镇住宅用地",
        "source_type": "agent_generated_design",
        "confidence": "medium",
        "geometry_role": "design_proposal",
        "area_sqm_declared": 613323.011,
        "derivation": "split(site_boundary, [openworks_axis, seams, campus_industry_line])",
        "usage_note": "依据仓库 provisional_boundaries.geojson 派生的概念建议；不得作为 official redline、审批依据或精确面积复算依据。"
      },
      "geometry": {
        "type": "Polygon",
        "coordinates": [
          [
            [
              116.3553,
              39.965
            ],
            [
              116.3553,
              39.953
            ],
            [
              116.350932,
              39.953
            ],
            [
              116.350932,
              39.967875
            ],
            [
              116.35507,
              39.967875
            ],
            [
              116.3553,
              39.965
            ]
          ]
        ]
      }
    },
    {
      "type": "Feature",
      "id": "LU-104",
      "properties": {
        "id": "LU-104",
        "layer": "LAND_USE",
        "land_use_code": "1401",
        "name_zh": "公园绿地（开物主轴）",
        "source_type": "agent_generated_design",
        "confidence": "medium",
        "geometry_role": "design_proposal",
        "area_sqm_declared": 364286.725,
        "derivation": "split(site_boundary, [openworks_axis, seams, campus_industry_line])",
        "usage_note": "依据仓库 provisional_boundaries.geojson 派生的概念建议；不得作为 official redline、审批依据或精确面积复算依据。"
      },
      "geometry": {
        "type": "Polygon",
        "coordinates": [
          [
            [
              116.35007034802803,
              39.967875
            ],
            [
              116.35007519083489,
              39.96767134566456
            ],
            [
              116.35009721663096,
              39.966837597940064
            ],
            [
              116.3501210884851,
              39.966028786678876
            ],
            [
              116.35014854563175,
              39.96523042555485
            ],
            [
              116.35018086452362,
              39.96442603264329
            ],
            [
              116.35021749974263,
              39.963616351757075
            ],
            [
              116.35025787821688,
              39.962802872895594
            ],
            [
              116.35030142550457,
              39.96198707917133
            ],
            [
              116.35034756606699,
              39.96117044733497
            ],
            [
              116.35039572347459,
              39.96035444813191
            ],
            [
              116.35044532055699,
              39.95954054650412
            ],
            [
              116.35049577950697,
              39.95873020163807
            ],
            [
              116.35054652194219,
              39.95792486685968
            ],
            [
              116.35059695548881,
              39.95712620216087
            ],
            [
              116.3506465096629,
              39.95633550894509
            ],
            [
              116.35069465784174,
              39.95555336151502
            ],
            [
              116.35074073867821,
              39.954782469817
            ],
            [
              116.35078420153474,
              39.954023750609
            ],
            [
              116.35082446319468,
              39.95327860886899
            ],
            [
              116.35083838099946,
              39.953
            ],
            [
              116.34797323657016,
              39.953
            ],
            [
              116.34781199999999,
              39.95667471608502
            ],
            [
              116.34781199999999,
              39.967875
            ],
            [
              116.35007034802803,
              39.967875
            ]
          ]
        ]
      }
    },
    {
      "type": "Feature",
      "id": "LU-105",
      "properties": {
        "id": "LU-105",
        "layer": "LAND_USE",
        "land_use_code": "1401",
        "name_zh": "公园绿地（开物主轴）",
        "source_type": "agent_generated_design",
        "confidence": "medium",
        "geometry_role": "design_proposal",
        "area_sqm_declared": 171896.743,
        "derivation": "split(site_boundary, [openworks_axis, seams, campus_industry_line])",
        "usage_note": "依据仓库 provisional_boundaries.geojson 派生的概念建议；不得作为 official redline、审批依据或精确面积复算依据。"
      },
      "geometry": {
        "type": "Polygon",
        "coordinates": [
          [
            [
              116.34703259377987,
              39.967626094550404
            ],
            [
              116.34705479317782,
              39.96678718297001
            ],
            [
              116.34707891306195,
              39.96597119337099
            ],
            [
              116.34710673605473,
              39.965163235657734
            ],
            [
              116.34713948337793,
              39.96434907714289
            ],
            [
              116.34717653974432,
              39.963530889351624
            ],
            [
              116.34721731755356,
              39.9627100976234
            ],
            [
              116.34726123057507,
              39.961888134184726
            ],
            [
              116.34730769367465,
              39.96106643762393
            ],
            [
              116.34735612260893,
              39.96024645253456
            ],
            [
              116.34740593387488,
              39.95942962931369
            ],
            [
              116.34745656558107,
              39.95861709145969
            ],
            [
              116.34750737651399,
              39.9578112356105
            ],
            [
              116.34755783585321,
              39.957012721958726
            ],
            [
              116.3476073534698,
              39.95622316785518
            ],
            [
              116.34765534484575,
              39.955444118582506
            ],
            [
              116.34770123024222,
              39.954677064214565
            ],
            [
              116.34774443090394,
              39.95392350417394
            ],
            [
              116.34778436937157,
              39.953184948821736
            ],
            [
              116.34779361660868,
              39.953
            ],
            [
              116.34596100202006,
              39.953
            ],
            [
              116.34633852765974,
              39.967875
            ],
            [
              116.34702666388856,
              39.967875
            ],
            [
              116.34703259377987,
              39.967626094550404
            ]
          ]
        ]
      }
    },
    {
      "type": "Feature",
      "id": "LU-106",
      "properties": {
        "id": "LU-106",
        "layer": "LAND_USE",
        "land_use_code": "1403",
        "name_zh": "广场用地（缝合节点）",
        "source_type": "agent_generated_design",
        "confidence": "medium",
        "geometry_role": "design_proposal",
        "area_sqm_declared": 2811.058,
        "derivation": "split(site_boundary, [openworks_axis, seams, campus_industry_line])",
        "usage_note": "依据仓库 provisional_boundaries.geojson 派生的概念建议；不得作为 official redline、审批依据或精确面积复算依据。"
      },
      "geometry": {
        "type": "Polygon",
        "coordinates": [
          [
            [
              116.34781199999999,
              39.95667471608502
            ],
            [
              116.34797323657016,
              39.953
            ],
            [
              116.34781199999999,
              39.953
            ],
            [
              116.34781199999999,
              39.95667471608502
            ]
          ]
        ]
      }
    },
    {
      "type": "Feature",
      "id": "LU-107",
      "properties": {
        "id": "LU-107",
        "layer": "LAND_USE",
        "land_use_code": "1403",
        "name_zh": "广场用地（缝合节点）",
        "source_type": "agent_generated_design",
        "confidence": "medium",
        "geometry_role": "design_proposal",
        "area_sqm_declared": 32.068,
        "derivation": "split(site_boundary, [openworks_axis, seams, campus_industry_line])",
        "usage_note": "依据仓库 provisional_boundaries.geojson 派生的概念建议；不得作为 official redline、审批依据或精确面积复算依据。"
      },
      "geometry": {
        "type": "Polygon",
        "coordinates": [
          [
            [
              116.34779361660868,
              39.953
            ],
            [
              116.34781199999999,
              39.953
            ],
            [
              116.34781199999999,
              39.952632324063934
            ],
            [
              116.34779361660868,
              39.953
            ]
          ]
        ]
      }
    },
    {
      "type": "Feature",
      "id": "LU-108",
      "properties": {
        "id": "LU-108",
        "layer": "LAND_USE",
        "land_use_code": "1403",
        "name_zh": "广场用地（缝合节点）",
        "source_type": "agent_generated_design",
        "confidence": "medium",
        "geometry_role": "design_proposal",
        "area_sqm_declared": 913.947,
        "derivation": "split(site_boundary, [openworks_axis, seams, campus_industry_line])",
        "usage_note": "依据仓库 provisional_boundaries.geojson 派生的概念建议；不得作为 official redline、审批依据或精确面积复算依据。"
      },
      "geometry": {
        "type": "Polygon",
        "coordinates": [
          [
            [
              116.35092017824135,
              39.951138485296525
            ],
            [
              116.35089304062768,
              39.95183460975867
            ],
            [
              116.35086093868826,
              39.95254843653405
            ],
            [
              116.35083838099946,
              39.953
            ],
            [
              116.350932,
              39.953
            ],
            [
              116.350932,
              39.95076752905847
            ],
            [
              116.35092017824135,
              39.951138485296525
            ]
          ]
        ]
      }
    },
    {
      "type": "Feature",
      "id": "LU-109",
      "properties": {
        "id": "LU-109",
        "layer": "LAND_USE",
        "land_use_code": "1403",
        "name_zh": "广场用地（缝合节点）",
        "source_type": "agent_generated_design",
        "confidence": "medium",
        "geometry_role": "design_proposal",
        "area_sqm_declared": 37289.898,
        "derivation": "split(site_boundary, [openworks_axis, seams, campus_industry_line])",
        "usage_note": "依据仓库 provisional_boundaries.geojson 派生的概念建议；不得作为 official redline、审批依据或精确面积复算依据。"
      },
      "geometry": {
        "type": "Polygon",
        "coordinates": [
          [
            [
              116.34471588725745,
              39.94984
            ],
            [
              116.34470102479338,
              39.950435311795644
            ],
            [
              116.34466274999998,
              39.9520125
            ],
            [
              116.34463961860189,
              39.953
            ],
            [
              116.34596100202006,
              39.953
            ],
            [
              116.34588080161527,
              39.94984
            ],
            [
              116.34471588725745,
              39.94984
            ]
          ]
        ]
      }
    },
    {
      "type": "Feature",
      "id": "LU-110",
      "properties": {
        "id": "LU-110",
        "layer": "LAND_USE",
        "land_use_code": "1401",
        "name_zh": "公园绿地（开物主轴）",
        "source_type": "agent_generated_design",
        "confidence": "medium",
        "geometry_role": "design_proposal",
        "area_sqm_declared": 85726.784,
        "derivation": "split(site_boundary, [openworks_axis, seams, campus_industry_line])",
        "usage_note": "依据仓库 provisional_boundaries.geojson 派生的概念建议；不得作为 official redline、审批依据或精确面积复算依据。"
      },
      "geometry": {
        "type": "Polygon",
        "coordinates": [
          [
            [
              116.35086093868826,
              39.95254843653405
            ],
            [
              116.35089304062768,
              39.95183460975867
            ],
            [
              116.35092017824135,
              39.951138485296525
            ],
            [
              116.350932,
              39.95076752905847
            ],
            [
              116.350932,
              39.94984
            ],
            [
              116.34811188879524,
              39.94984
            ],
            [
              116.34797323657016,
              39.953
            ],
            [
              116.35083838099946,
              39.953
            ],
            [
              116.35086093868826,
              39.95254843653405
            ]
          ]
        ]
      }
    },
    {
      "type": "Feature",
      "id": "LU-111",
      "properties": {
        "id": "LU-111",
        "layer": "LAND_USE",
        "land_use_code": "1401",
        "name_zh": "公园绿地（开物主轴）",
        "source_type": "agent_generated_design",
        "confidence": "medium",
        "geometry_role": "design_proposal",
        "area_sqm_declared": 56673.217,
        "derivation": "split(site_boundary, [openworks_axis, seams, campus_industry_line])",
        "usage_note": "依据仓库 provisional_boundaries.geojson 派生的概念建议；不得作为 official redline、审批依据或精确面积复算依据。"
      },
      "geometry": {
        "type": "Polygon",
        "coordinates": [
          [
            [
              116.34781199999999,
              39.952632324063934
            ],
            [
              116.34781199999999,
              39.94984
            ],
            [
              116.34588080161527,
              39.94984
            ],
            [
              116.34596100202006,
              39.953
            ],
            [
              116.34779361660868,
              39.953
            ],
            [
              116.34781199999999,
              39.952632324063934
            ]
          ]
        ]
      }
    },
    {
      "type": "Feature",
      "id": "LU-112",
      "properties": {
        "id": "LU-112",
        "layer": "LAND_USE",
        "land_use_code": "1403",
        "name_zh": "广场用地（缝合节点）",
        "source_type": "agent_generated_design",
        "confidence": "medium",
        "geometry_role": "design_proposal",
        "area_sqm_declared": 5395.651,
        "derivation": "split(site_boundary, [openworks_axis, seams, campus_industry_line])",
        "usage_note": "依据仓库 provisional_boundaries.geojson 派生的概念建议；不得作为 official redline、审批依据或精确面积复算依据。"
      },
      "geometry": {
        "type": "Polygon",
        "coordinates": [
          [
            [
              116.34797323657016,
              39.953
            ],
            [
              116.34811188879524,
              39.94984
            ],
            [
              116.34791346933594,
              39.94984
            ],
            [
              116.34790002966582,
              39.950411501957355
            ],
            [
              116.34787886759412,
              39.95107462744852
            ],
            [
              116.34785215931467,
              39.95175896157384
            ],
            [
              116.34782046993836,
              39.9524629215601
            ],
            [
              116.34781199999999,
              39.952632324063934
            ],
            [
              116.34781199999999,
              39.953
            ],
            [
              116.34797323657016,
              39.953
            ]
          ]
        ]
      }
    },
    {
      "type": "Feature",
      "id": "LU-113",
      "properties": {
        "id": "LU-113",
        "layer": "LAND_USE",
        "land_use_code": "0701",
        "name_zh": "城镇住宅用地",
        "source_type": "agent_generated_design",
        "confidence": "medium",
        "geometry_role": "design_proposal",
        "area_sqm_declared": 135418.94,
        "derivation": "split(site_boundary, [openworks_axis, seams, campus_industry_line])",
        "usage_note": "依据仓库 provisional_boundaries.geojson 派生的概念建议；不得作为 official redline、审批依据或精确面积复算依据。"
      },
      "geometry": {
        "type": "Polygon",
        "coordinates": [
          [
            [
              116.35095717133466,
              39.949804642991666
            ],
            [
              116.35096581190932,
              39.94916948988487
            ],
            [
              116.35096615476775,
              39.94899998467719
            ],
            [
              116.350932,
              39.949006099152015
            ],
            [
              116.350932,
              39.94984
            ],
            [
              116.350932,
              39.95076752905847
            ],
            [
              116.350932,
              39.953
            ],
            [
              116.3553,
              39.953
            ],
            [
              116.3553,
              39.94834111529494
            ],
            [
              116.35509504794977,
              39.94837174576316
            ],
            [
              116.355,
              39.948385955653826
            ],
            [
              116.355,
              39.94984
            ],
            [
              116.35095634143097,
              39.94984
            ],
            [
              116.35095717133466,
              39.949804642991666
            ]
          ]
        ]
      }
    },
    {
      "type": "Feature",
      "id": "LU-114",
      "properties": {
        "id": "LU-114",
        "layer": "LAND_USE",
        "land_use_code": "0702",
        "name_zh": "城镇社区服务设施用地",
        "source_type": "agent_generated_design",
        "confidence": "medium",
        "geometry_role": "design_proposal",
        "area_sqm_declared": 147869.747,
        "derivation": "split(site_boundary, [openworks_axis, seams, campus_industry_line])",
        "usage_note": "依据仓库 provisional_boundaries.geojson 派生的概念建议；不得作为 official redline、审批依据或精确面积复算依据。"
      },
      "geometry": {
        "type": "Polygon",
        "coordinates": [
          [
            [
              116.34043659331569,
              39.94848264063513
            ],
            [
              116.3403111111111,
              39.953
            ],
            [
              116.34463961860189,
              39.953
            ],
            [
              116.34466274999998,
              39.9520125
            ],
            [
              116.34470102479338,
              39.950435311795644
            ],
            [
              116.34471588725745,
              39.94984
            ],
            [
              116.342,
              39.94984
            ],
            [
              116.342,
              39.9487662674966
            ],
            [
              116.34180432028018,
              39.948731455999074
            ],
            [
              116.34148350425107,
              39.94867379987945
            ],
            [
              116.3411597052654,
              39.94861511414767
            ],
            [
              116.34083556658895,
              39.948555952695905
            ],
            [
              116.34051373728846,
              39.948496870310706
            ],
            [
              116.34043659331569,
              39.94848264063513
            ]
          ]
        ]
      }
    },
    {
      "type": "Feature",
      "id": "LU-115",
      "properties": {
        "id": "LU-115",
        "layer": "LAND_USE",
        "land_use_code": "1401",
        "name_zh": "公园绿地（开物主轴）",
        "source_type": "agent_generated_design",
        "confidence": "medium",
        "geometry_role": "design_proposal",
        "area_sqm_declared": 1517.903,
        "derivation": "split(site_boundary, [openworks_axis, seams, campus_industry_line])",
        "usage_note": "依据仓库 provisional_boundaries.geojson 派生的概念建议；不得作为 official redline、审批依据或精确面积复算依据。"
      },
      "geometry": {
        "type": "Polygon",
        "coordinates": [
          [
            [
              116.34781199999999,
              39.952632324063934
            ],
            [
              116.34782046993836,
              39.9524629215601
            ],
            [
              116.34785215931467,
              39.95175896157384
            ],
            [
              116.34787886759412,
              39.95107462744852
            ],
            [
              116.34790002966582,
              39.950411501957355
            ],
            [
              116.34791346933594,
              39.94984
            ],
            [
              116.34781199999999,
              39.94984
            ],
            [
              116.34781199999999,
              39.952632324063934
            ]
          ]
        ]
      }
    },
    {
      "type": "Feature",
      "id": "LU-116",
      "properties": {
        "id": "LU-116",
        "layer": "LAND_USE",
        "land_use_code": "1401",
        "name_zh": "公园绿地（开物主轴）",
        "source_type": "agent_generated_design",
        "confidence": "medium",
        "geometry_role": "design_proposal",
        "area_sqm_declared": 323.839,
        "derivation": "split(site_boundary, [openworks_axis, seams, campus_industry_line])",
        "usage_note": "依据仓库 provisional_boundaries.geojson 派生的概念建议；不得作为 official redline、审批依据或精确面积复算依据。"
      },
      "geometry": {
        "type": "Polygon",
        "coordinates": [
          [
            [
              116.34791508730066,
              39.94977119845911
            ],
            [
              116.34791865213795,
              39.94951000417644
            ],
            [
              116.3479154945886,
              39.94951024204841
            ],
            [
              116.34781199999999,
              39.94951558317259
            ],
            [
              116.34781199999999,
              39.94984
            ],
            [
              116.34791346933594,
              39.94984
            ],
            [
              116.34791508730066,
              39.94977119845911
            ]
          ]
        ]
      }
    },
    {
      "type": "Feature",
      "id": "LU-117",
      "properties": {
        "id": "LU-117",
        "layer": "LAND_USE",
        "land_use_code": "05",
        "name_zh": "智能原生商业服务业用地",
        "source_type": "agent_generated_design",
        "confidence": "medium",
        "geometry_role": "design_proposal",
        "area_sqm_declared": 650.54,
        "derivation": "split(site_boundary, [openworks_axis, seams, campus_industry_line])",
        "usage_note": "依据仓库 provisional_boundaries.geojson 派生的概念建议；不得作为 official redline、审批依据或精确面积复算依据。"
      },
      "geometry": {
        "type": "Polygon",
        "coordinates": [
          [
            [
              116.34812706971562,
              39.94949401414693
            ],
            [
              116.34811413077152,
              39.94949527791772
            ],
            [
              116.34791865213795,
              39.94951000417644
            ],
            [
              116.34791508730066,
              39.94977119845911
            ],
            [
              116.34791346933594,
              39.94984
            ],
            [
              116.34811188879524,
              39.94984
            ],
            [
              116.34812706971562,
              39.94949401414693
            ]
          ]
        ]
      }
    },
    {
      "type": "Feature",
      "id": "LU-118",
      "properties": {
        "id": "LU-118",
        "layer": "LAND_USE",
        "land_use_code": "1401",
        "name_zh": "公园绿地（开物主轴）",
        "source_type": "agent_generated_design",
        "confidence": "medium",
        "geometry_role": "design_proposal",
        "area_sqm_declared": 6307.269,
        "derivation": "split(site_boundary, [openworks_axis, seams, campus_industry_line])",
        "usage_note": "依据仓库 provisional_boundaries.geojson 派生的概念建议；不得作为 official redline、审批依据或精确面积复算依据。"
      },
      "geometry": {
        "type": "Polygon",
        "coordinates": [
          [
            [
              116.3458700345763,
              39.9494157646955
            ],
            [
              116.34588080161527,
              39.94984
            ],
            [
              116.34781199999999,
              39.94984
            ],
            [
              116.34781199999999,
              39.94951558317259
            ],
            [
              116.34771332961478,
              39.949520675330426
            ],
            [
              116.34750779630738,
              39.949526178208636
            ],
            [
              116.3473031754414,
              39.94952687393656
            ],
            [
              116.34710266728634,
              39.94952330234513
            ],
            [
              116.34690534092512,
              39.949515713548315
            ],
            [
              116.34671072871582,
              39.94950436588251
            ],
            [
              116.34651835178167,
              39.94948952554787
            ],
            [
              116.34632771546552,
              39.949471463967036
            ],
            [
              116.34613830605416,
              39.94945045477358
            ],
            [
              116.34594958892188,
              39.94942677077842
            ],
            [
              116.3458700345763,
              39.9494157646955
            ]
          ]
        ]
      }
    },
    {
      "type": "Feature",
      "id": "LU-119",
      "properties": {
        "id": "LU-119",
        "layer": "LAND_USE",
        "land_use_code": "05",
        "name_zh": "智能原生商业服务业用地",
        "source_type": "agent_generated_design",
        "confidence": "medium",
        "geometry_role": "design_proposal",
        "area_sqm_declared": 5608.965,
        "derivation": "split(site_boundary, [openworks_axis, seams, campus_industry_line])",
        "usage_note": "依据仓库 provisional_boundaries.geojson 派生的概念建议；不得作为 official redline、审批依据或精确面积复算依据。"
      },
      "geometry": {
        "type": "Polygon",
        "coordinates": [
          [
            [
              116.34473108897983,
              39.949231099308825
            ],
            [
              116.34471588725745,
              39.94984
            ],
            [
              116.34588080161527,
              39.94984
            ],
            [
              116.3458700345763,
              39.9494157646955
            ],
            [
              116.345761008057,
              39.94940068123397
            ],
            [
              116.34557198677138,
              39.94937244963495
            ],
            [
              116.34538192932479,
              39.949342332195585
            ],
            [
              116.34519022312253,
              39.94931057703467
            ],
            [
              116.34499624122196,
              39.9492774240222
            ],
            [
              116.34479934490277,
              39.94924310517968
            ],
            [
              116.34473108897983,
              39.949231099308825
            ]
          ]
        ]
      }
    },
    {
      "type": "Feature",
      "id": "LU-120",
      "properties": {
        "id": "LU-120",
        "layer": "LAND_USE",
        "land_use_code": "1401",
        "name_zh": "公园绿地（开物主轴）",
        "source_type": "agent_generated_design",
        "confidence": "medium",
        "geometry_role": "design_proposal",
        "area_sqm_declared": 15179.653,
        "derivation": "split(site_boundary, [openworks_axis, seams, campus_industry_line])",
        "usage_note": "依据仓库 provisional_boundaries.geojson 派生的概念建议；不得作为 official redline、审批依据或精确面积复算依据。"
      },
      "geometry": {
        "type": "Polygon",
        "coordinates": [
          [
            [
              116.34812706971562,
              39.94949401414693
            ],
            [
              116.34811188879524,
              39.94984
            ],
            [
              116.350932,
              39.94984
            ],
            [
              116.350932,
              39.949006099152015
            ],
            [
              116.35082043404375,
              39.949026071977954
            ],
            [
              116.35061332179404,
              39.94906488955144
            ],
            [
              116.35041095129307,
              39.949104179622296
            ],
            [
              116.35021264432991,
              39.94914364280864
            ],
            [
              116.35001772735762,
              39.94918297480466
            ],
            [
              116.34982553299912,
              39.949221864368596
            ],
            [
              116.34963540182018,
              39.94925999136447
            ],
            [
              116.3494466844527,
              39.94929702499394
            ],
            [
              116.34925874417195,
              39.949332622373596
            ],
            [
              116.3490709598494,
              39.94936642766181
            ],
            [
              116.34888272920848,
              39.94939807193089
            ],
            [
              116.34869347214938,
              39.949427173975636
            ],
            [
              116.34850263374251,
              39.94945334220231
            ],
            [
              116.34830968641306,
              39.94947617763369
            ],
            [
              116.34812706971562,
              39.94949401414693
            ]
          ]
        ]
      }
    },
    {
      "type": "Feature",
      "id": "LU-121",
      "properties": {
        "id": "LU-121",
        "layer": "LAND_USE",
        "land_use_code": "05",
        "name_zh": "智能原生商业服务业用地",
        "source_type": "agent_generated_design",
        "confidence": "medium",
        "geometry_role": "design_proposal",
        "area_sqm_declared": 21747.596,
        "derivation": "split(site_boundary, [openworks_axis, seams, campus_industry_line])",
        "usage_note": "依据仓库 provisional_boundaries.geojson 派生的概念建议；不得作为 official redline、审批依据或精确面积复算依据。"
      },
      "geometry": {
        "type": "Polygon",
        "coordinates": [
          [
            [
              116.34471588725745,
              39.94984
            ],
            [
              116.34473108897983,
              39.949231099308825
            ],
            [
              116.3445988861509,
              39.949207845501356
            ],
            [
              116.34439420992437,
              39.94917186404838
            ],
            [
              116.34418465621896,
              39.94913537519738
            ],
            [
              116.34396956181864,
              39.94909858991344
            ],
            [
              116.34374826185494,
              39.949061716980594
            ],
            [
              116.34351852918837,
              39.9490247125228
            ],
            [
              116.3432719150906,
              39.948985014915635
            ],
            [
              116.34300523644416,
              39.94894075612412
            ],
            [
              116.3427225730705,
              39.94889272735379
            ],
            [
              116.34242647175681,
              39.9488414699005
            ],
            [
              116.34211951774557,
              39.94878752974958
            ],
            [
              116.342,
              39.9487662674966
            ],
            [
              116.342,
              39.94984
            ],
            [
              116.34471588725745,
              39.94984
            ]
          ]
        ]
      }
    },
    {
      "type": "Feature",
      "id": "LU-122",
      "properties": {
        "id": "LU-122",
        "layer": "LAND_USE",
        "land_use_code": "05",
        "name_zh": "智能原生商业服务业用地",
        "source_type": "agent_generated_design",
        "confidence": "medium",
        "geometry_role": "design_proposal",
        "area_sqm_declared": 44095.853,
        "derivation": "split(site_boundary, [openworks_axis, seams, campus_industry_line])",
        "usage_note": "依据仓库 provisional_boundaries.geojson 派生的概念建议；不得作为 official redline、审批依据或精确面积复算依据。"
      },
      "geometry": {
        "type": "Polygon",
        "coordinates": [
          [
            [
              116.35096615476775,
              39.94899998467719
            ],
            [
              116.35096581190932,
              39.94916948988487
            ],
            [
              116.35095717133466,
              39.949804642991666
            ],
            [
              116.35095634143097,
              39.94984
            ],
            [
              116.355,
              39.94984
            ],
            [
              116.355,
              39.948385955653826
            ],
            [
              116.35478612048875,
              39.948417931140696
            ],
            [
              116.35446966393947,
              39.94846526338304
            ],
            [
              116.3541483409431,
              39.94851335059219
            ],
            [
              116.35382481513629,
              39.9485618007205
            ],
            [
              116.3535017501643,
              39.94861022171809
            ],
            [
              116.35318181040125,
              39.94865822142431
            ],
            [
              116.3528676609122,
              39.94870540757256
            ],
            [
              116.35256196792749,
              39.94875138771777
            ],
            [
              116.35226739893054,
              39.94879576922036
            ],
            [
              116.35198662384212,
              39.94883815906405
            ],
            [
              116.35172231620058,
              39.948878163669114
            ],
            [
              116.35147851079353,
              39.94891518273797
            ],
            [
              116.3512516121866,
              39.948951038802925
            ],
            [
              116.35103296960598,
              39.9489880233121
            ],
            [
              116.35096615476775,
              39.94899998467719
            ]
          ]
        ]
      }
    },
    {
      "type": "Feature",
      "id": "LU-123",
      "properties": {
        "id": "LU-123",
        "layer": "LAND_USE",
        "land_use_code": "1401",
        "name_zh": "公园绿地（开物主轴）",
        "source_type": "agent_generated_design",
        "confidence": "medium",
        "geometry_role": "design_proposal",
        "area_sqm_declared": 1829.858,
        "derivation": "split(site_boundary, [openworks_axis, seams, campus_industry_line])",
        "usage_note": "依据仓库 provisional_boundaries.geojson 派生的概念建议；不得作为 official redline、审批依据或精确面积复算依据。"
      },
      "geometry": {
        "type": "Polygon",
        "coordinates": [
          [
            [
              116.34791865213795,
              39.94951000417644
            ],
            [
              116.34792349226984,
              39.949155369538545
            ],
            [
              116.34792471107974,
              39.94856571881885
            ],
            [
              116.3479182322858,
              39.94800401733631
            ],
            [
              116.34791114928886,
              39.94774693315693
            ],
            [
              116.34781199999999,
              39.94774979758753
            ],
            [
              116.34781199999999,
              39.94951558317259
            ],
            [
              116.3479154945886,
              39.94951024204841
            ],
            [
              116.34791865213795,
              39.94951000417644
            ]
          ]
        ]
      }
    },
    {
      "type": "Feature",
      "id": "LU-124",
      "properties": {
        "id": "LU-124",
        "layer": "LAND_USE",
        "land_use_code": "1401",
        "name_zh": "公园绿地（开物主轴）",
        "source_type": "agent_generated_design",
        "confidence": "medium",
        "geometry_role": "design_proposal",
        "area_sqm_declared": 32797.079,
        "derivation": "split(site_boundary, [openworks_axis, seams, campus_industry_line])",
        "usage_note": "依据仓库 provisional_boundaries.geojson 派生的概念建议；不得作为 official redline、审批依据或精确面积复算依据。"
      },
      "geometry": {
        "type": "Polygon",
        "coordinates": [
          [
            [
              116.3458265555419,
              39.94770263433108
            ],
            [
              116.3458700345763,
              39.9494157646955
            ],
            [
              116.34594958892188,
              39.94942677077842
            ],
            [
              116.34613830605416,
              39.94945045477358
            ],
            [
              116.34632771546552,
              39.949471463967036
            ],
            [
              116.34651835178167,
              39.94948952554787
            ],
            [
              116.34671072871582,
              39.94950436588251
            ],
            [
              116.34690534092512,
              39.949515713548315
            ],
            [
              116.34710266728634,
              39.94952330234513
            ],
            [
              116.3473031754414,
              39.94952687393656
            ],
            [
              116.34750779630738,
              39.949526178208636
            ],
            [
              116.34771332961478,
              39.949520675330426
            ],
            [
              116.34781199999999,
              39.94951558317259
            ],
            [
              116.34781199999999,
              39.94774979758753
            ],
            [
              116.34746785098964,
              39.94775974007897
            ],
            [
              116.3458265555419,
              39.94770263433108
            ]
          ]
        ]
      }
    },
    {
      "type": "Feature",
      "id": "LU-125",
      "properties": {
        "id": "LU-125",
        "layer": "LAND_USE",
        "land_use_code": "1403",
        "name_zh": "广场用地（缝合节点）",
        "source_type": "agent_generated_design",
        "confidence": "medium",
        "geometry_role": "design_proposal",
        "area_sqm_declared": 4074.588,
        "derivation": "split(site_boundary, [openworks_axis, seams, campus_industry_line])",
        "usage_note": "依据仓库 provisional_boundaries.geojson 派生的概念建议；不得作为 official redline、审批依据或精确面积复算依据。"
      },
      "geometry": {
        "type": "Polygon",
        "coordinates": [
          [
            [
              116.34812706971562,
              39.94949401414693
            ],
            [
              116.34820409823602,
              39.94773846983925
            ],
            [
              116.34791114928886,
              39.94774693315693
            ],
            [
              116.3479182322858,
              39.94800401733631
            ],
            [
              116.34792471107974,
              39.94856571881885
            ],
            [
              116.34792349226984,
              39.949155369538545
            ],
            [
              116.34791865213795,
              39.94951000417644
            ],
            [
              116.34811413077152,
              39.94949527791772
            ],
            [
              116.34812706971562,
              39.94949401414693
            ]
          ]
        ]
      }
    },
    {
      "type": "Feature",
      "id": "LU-126",
      "properties": {
        "id": "LU-126",
        "layer": "LAND_USE",
        "land_use_code": "1403",
        "name_zh": "广场用地（缝合节点）",
        "source_type": "agent_generated_design",
        "confidence": "medium",
        "geometry_role": "design_proposal",
        "area_sqm_declared": 17107.333,
        "derivation": "split(site_boundary, [openworks_axis, seams, campus_industry_line])",
        "usage_note": "依据仓库 provisional_boundaries.geojson 派生的概念建议；不得作为 official redline、审批依据或精确面积复算依据。"
      },
      "geometry": {
        "type": "Polygon",
        "coordinates": [
          [
            [
              116.34477084655072,
              39.94766590294821
            ],
            [
              116.34473929958676,
              39.94890222577009
            ],
            [
              116.34473108897983,
              39.949231099308825
            ],
            [
              116.34479934490277,
              39.94924310517968
            ],
            [
              116.34499624122196,
              39.9492774240222
            ],
            [
              116.34519022312253,
              39.94931057703467
            ],
            [
              116.34538192932479,
              39.949342332195585
            ],
            [
              116.34557198677138,
              39.94937244963495
            ],
            [
              116.345761008057,
              39.94940068123397
            ],
            [
              116.3458700345763,
              39.9494157646955
            ],
            [
              116.3458265555419,
              39.94770263433108
            ],
            [
              116.34477084655072,
              39.94766590294821
            ]
          ]
        ]
      }
    },
    {
      "type": "Feature",
      "id": "LU-127",
      "properties": {
        "id": "LU-127",
        "layer": "LAND_USE",
        "land_use_code": "1401",
        "name_zh": "公园绿地（开物主轴）",
        "source_type": "agent_generated_design",
        "confidence": "medium",
        "geometry_role": "design_proposal",
        "area_sqm_declared": 41160.315,
        "derivation": "split(site_boundary, [openworks_axis, seams, campus_industry_line])",
        "usage_note": "依据仓库 provisional_boundaries.geojson 派生的概念建议；不得作为 official redline、审批依据或精确面积复算依据。"
      },
      "geometry": {
        "type": "Polygon",
        "coordinates": [
          [
            [
              116.34820409823602,
              39.94773846983925
            ],
            [
              116.34812706971562,
              39.94949401414693
            ],
            [
              116.34830968641306,
              39.94947617763369
            ],
            [
              116.34850263374251,
              39.94945334220231
            ],
            [
              116.34869347214938,
              39.949427173975636
            ],
            [
              116.34888272920848,
              39.94939807193089
            ],
            [
              116.3490709598494,
              39.94936642766181
            ],
            [
              116.34925874417195,
              39.949332622373596
            ],
            [
              116.3494466844527,
              39.94929702499394
            ],
            [
              116.34963540182018,
              39.94925999136447
            ],
            [
              116.34982553299912,
              39.949221864368596
            ],
            [
              116.35001772735762,
              39.94918297480466
            ],
            [
              116.35021264432991,
              39.94914364280864
            ],
            [
              116.35041095129307,
              39.949104179622296
            ],
            [
              116.35061332179404,
              39.94906488955144
            ],
            [
              116.35082043404375,
              39.949026071977954
            ],
            [
              116.350932,
              39.949006099152015
            ],
            [
              116.350932,
              39.94765966054694
            ],
            [
              116.34820409823602,
              39.94773846983925
            ]
          ]
        ]
      }
    },
    {
      "type": "Feature",
      "id": "LU-128",
      "properties": {
        "id": "LU-128",
        "layer": "LAND_USE",
        "land_use_code": "1401",
        "name_zh": "公园绿地（开物主轴）",
        "source_type": "agent_generated_design",
        "confidence": "medium",
        "geometry_role": "design_proposal",
        "area_sqm_declared": 393.455,
        "derivation": "split(site_boundary, [openworks_axis, seams, campus_industry_line])",
        "usage_note": "依据仓库 provisional_boundaries.geojson 派生的概念建议；不得作为 official redline、审批依据或精确面积复算依据。"
      },
      "geometry": {
        "type": "Polygon",
        "coordinates": [
          [
            [
              116.35096705049389,
              39.94855714811058
            ],
            [
              116.35096023784561,
              39.947968761973314
            ],
            [
              116.35095169231496,
              39.94765909163444
            ],
            [
              116.350932,
              39.94765966054694
            ],
            [
              116.350932,
              39.949006099152015
            ],
            [
              116.35096615476775,
              39.94899998467719
            ],
            [
              116.35096705049389,
              39.94855714811058
            ]
          ]
        ]
      }
    },
    {
      "type": "Feature",
      "id": "LU-129",
      "properties": {
        "id": "LU-129",
        "layer": "LAND_USE",
        "land_use_code": "1403",
        "name_zh": "广场用地（缝合节点）",
        "source_type": "agent_generated_design",
        "confidence": "medium",
        "geometry_role": "design_proposal",
        "area_sqm_declared": 36114.958,
        "derivation": "split(site_boundary, [openworks_axis, seams, campus_industry_line])",
        "usage_note": "依据仓库 provisional_boundaries.geojson 派生的概念建议；不得作为 official redline、审批依据或精确面积复算依据。"
      },
      "geometry": {
        "type": "Polygon",
        "coordinates": [
          [
            [
              116.34473108897983,
              39.949231099308825
            ],
            [
              116.34473929958676,
              39.94890222577009
            ],
            [
              116.34477084655072,
              39.94766590294821
            ],
            [
              116.342,
              39.94756949662187
            ],
            [
              116.342,
              39.9487662674966
            ],
            [
              116.34211951774557,
              39.94878752974958
            ],
            [
              116.34242647175681,
              39.9488414699005
            ],
            [
              116.3427225730705,
              39.94889272735379
            ],
            [
              116.34300523644416,
              39.94894075612412
            ],
            [
              116.3432719150906,
              39.948985014915635
            ],
            [
              116.34351852918837,
              39.9490247125228
            ],
            [
              116.34374826185494,
              39.949061716980594
            ],
            [
              116.34396956181864,
              39.94909858991344
            ],
            [
              116.34418465621896,
              39.94913537519738
            ],
            [
              116.34439420992437,
              39.94917186404838
            ],
            [
              116.3445988861509,
              39.949207845501356
            ],
            [
              116.34473108897983,
              39.949231099308825
            ]
          ]
        ]
      }
    },
    {
      "type": "Feature",
      "id": "LU-130",
      "properties": {
        "id": "LU-130",
        "layer": "LAND_USE",
        "land_use_code": "1403",
        "name_zh": "广场用地（缝合节点）",
        "source_type": "agent_generated_design",
        "confidence": "medium",
        "geometry_role": "design_proposal",
        "area_sqm_declared": 39970.919,
        "derivation": "split(site_boundary, [openworks_axis, seams, campus_industry_line])",
        "usage_note": "依据仓库 provisional_boundaries.geojson 派生的概念建议；不得作为 official redline、审批依据或精确面积复算依据。"
      },
      "geometry": {
        "type": "Polygon",
        "coordinates": [
          [
            [
              116.35095169231496,
              39.94765909163444
            ],
            [
              116.35096023784561,
              39.947968761973314
            ],
            [
              116.35096705049389,
              39.94855714811058
            ],
            [
              116.35096615476775,
              39.94899998467719
            ],
            [
              116.35103296960598,
              39.9489880233121
            ],
            [
              116.3512516121866,
              39.948951038802925
            ],
            [
              116.35147851079353,
              39.94891518273797
            ],
            [
              116.35172231620058,
              39.948878163669114
            ],
            [
              116.35198662384212,
              39.94883815906405
            ],
            [
              116.35226739893054,
              39.94879576922036
            ],
            [
              116.35256196792749,
              39.94875138771777
            ],
            [
              116.3528676609122,
              39.94870540757256
            ],
            [
              116.35318181040125,
              39.94865822142431
            ],
            [
              116.3535017501643,
              39.94861022171809
            ],
            [
              116.35382481513629,
              39.9485618007205
            ],
            [
              116.3541483409431,
              39.94851335059219
            ],
            [
              116.35446966393947,
              39.94846526338304
            ],
            [
              116.35478612048875,
              39.948417931140696
            ],
            [
              116.355,
              39.948385955653826
            ],
            [
              116.355,
              39.94802180685253
            ],
            [
              116.35359183315187,
              39.947972812370075
            ],
            [
              116.35367281642345,
              39.94796067459028
            ],
            [
              116.35399644803246,
              39.94791220860765
            ],
            [
              116.35431785810117,
              39.947864108357294
            ],
            [
              116.35463438476538,
              39.94781676561689
            ],
            [
              116.35494336576505,
              39.94777057222398
            ],
            [
              116.355,
              39.947762108129254
            ],
            [
              116.355,
              39.947542135713256
            ],
            [
              116.35095169231496,
              39.94765909163444
            ]
          ]
        ]
      }
    },
    {
      "type": "Feature",
      "id": "LU-131",
      "properties": {
        "id": "LU-131",
        "layer": "LAND_USE",
        "land_use_code": "1403",
        "name_zh": "广场用地（缝合节点）",
        "source_type": "agent_generated_design",
        "confidence": "medium",
        "geometry_role": "design_proposal",
        "area_sqm_declared": 15944.247,
        "derivation": "split(site_boundary, [openworks_axis, seams, campus_industry_line])",
        "usage_note": "依据仓库 provisional_boundaries.geojson 派生的概念建议；不得作为 official redline、审批依据或精确面积复算依据。"
      },
      "geometry": {
        "type": "Polygon",
        "coordinates": [
          [
            [
              116.34045104288316,
              39.947962456206234
            ],
            [
              116.34043659331569,
              39.94848264063513
            ],
            [
              116.34051373728846,
              39.948496870310706
            ],
            [
              116.34083556658895,
              39.948555952695905
            ],
            [
              116.3411597052654,
              39.94861511414767
            ],
            [
              116.34148350425107,
              39.94867379987945
            ],
            [
              116.34180432028018,
              39.948731455999074
            ],
            [
              116.342,
              39.9487662674966
            ],
            [
              116.342,
              39.94756949662187
            ],
            [
              116.34046344347041,
              39.94751603506507
            ],
            [
              116.3404539970458,
              39.94785610635118
            ],
            [
              116.34045104288316,
              39.947962456206234
            ]
          ]
        ]
      }
    },
    {
      "type": "Feature",
      "id": "LU-132",
      "properties": {
        "id": "LU-132",
        "layer": "LAND_USE",
        "land_use_code": "05",
        "name_zh": "智能原生商业服务业用地",
        "source_type": "agent_generated_design",
        "confidence": "medium",
        "geometry_role": "design_proposal",
        "area_sqm_declared": 1735.768,
        "derivation": "split(site_boundary, [openworks_axis, seams, campus_industry_line])",
        "usage_note": "依据仓库 provisional_boundaries.geojson 派生的概念建议；不得作为 official redline、审批依据或精确面积复算依据。"
      },
      "geometry": {
        "type": "Polygon",
        "coordinates": [
          [
            [
              116.355,
              39.947762108129254
            ],
            [
              116.35494336576505,
              39.94777057222398
            ],
            [
              116.35463438476538,
              39.94781676561689
            ],
            [
              116.35431785810117,
              39.947864108357294
            ],
            [
              116.35399644803246,
              39.94791220860765
            ],
            [
              116.35367281642345,
              39.94796067459028
            ],
            [
              116.35359183315187,
              39.947972812370075
            ],
            [
              116.355,
              39.94802180685253
            ],
            [
              116.355,
              39.947762108129254
            ]
          ]
        ]
      }
    },
    {
      "type": "Feature",
      "id": "LU-133",
      "properties": {
        "id": "LU-133",
        "layer": "LAND_USE",
        "land_use_code": "1401",
        "name_zh": "公园绿地（开物主轴）",
        "source_type": "agent_generated_design",
        "confidence": "medium",
        "geometry_role": "design_proposal",
        "area_sqm_declared": 69382.347,
        "derivation": "split(site_boundary, [openworks_axis, seams, campus_industry_line])",
        "usage_note": "依据仓库 provisional_boundaries.geojson 派生的概念建议；不得作为 official redline、审批依据或精确面积复算依据。"
      },
      "geometry": {
        "type": "Polygon",
        "coordinates": [
          [
            [
              116.34780305301321,
              39.94606360278449
            ],
            [
              116.34774910678333,
              39.94564566051259
            ],
            [
              116.34768621190476,
              39.94525051033737
            ],
            [
              116.34761531055561,
              39.944877205131725
            ],
            [
              116.34753732689242,
              39.944524774768375
            ],
            [
              116.34745316246395,
              39.94419222462991
            ],
            [
              116.34739833591632,
              39.944
            ],
            [
              116.34573258314565,
              39.944
            ],
            [
              116.3458265555419,
              39.94770263433108
            ],
            [
              116.34746785098964,
              39.94775974007897
            ],
            [
              116.34781199999999,
              39.94774979758753
            ],
            [
              116.34791114928886,
              39.94774693315693
            ],
            [
              116.34790357801718,
              39.94747212657736
            ],
            [
              116.34788036560077,
              39.9469729572208
            ],
            [
              116.34784709457527,
              39.946505262976686
            ],
            [
              116.34781199999999,
              39.946153325485426
            ],
            [
              116.34780305301321,
              39.94606360278449
            ]
          ]
        ]
      }
    },
    {
      "type": "Feature",
      "id": "LU-134",
      "properties": {
        "id": "LU-134",
        "layer": "LAND_USE",
        "land_use_code": "1401",
        "name_zh": "公园绿地（开物主轴）",
        "source_type": "agent_generated_design",
        "confidence": "medium",
        "geometry_role": "design_proposal",
        "area_sqm_declared": 88045.459,
        "derivation": "split(site_boundary, [openworks_axis, seams, campus_industry_line])",
        "usage_note": "依据仓库 provisional_boundaries.geojson 派生的概念建议；不得作为 official redline、审批依据或精确面积复算依据。"
      },
      "geometry": {
        "type": "Polygon",
        "coordinates": [
          [
            [
              116.350932,
              39.94713272939182
            ],
            [
              116.35091963232472,
              39.94686702284014
            ],
            [
              116.35088294326172,
              39.94635160150793
            ],
            [
              116.350833720145,
              39.94585819803477
            ],
            [
              116.35077294059641,
              39.94538747629826
            ],
            [
              116.35070149202625,
              39.944938709869675
            ],
            [
              116.35062027568692,
              39.94451119362347
            ],
            [
              116.35053021085311,
              39.944104245433735
            ],
            [
              116.35050382305181,
              39.944
            ],
            [
              116.34836813214793,
              39.944
            ],
            [
              116.34820409823602,
              39.94773846983925
            ],
            [
              116.350932,
              39.94765966054694
            ],
            [
              116.350932,
              39.94713272939182
            ]
          ]
        ]
      }
    },
    {
      "type": "Feature",
      "id": "LU-135",
      "properties": {
        "id": "LU-135",
        "layer": "LAND_USE",
        "land_use_code": "05",
        "name_zh": "智能原生商业服务业用地",
        "source_type": "agent_generated_design",
        "confidence": "medium",
        "geometry_role": "design_proposal",
        "area_sqm_declared": 33606.155,
        "derivation": "split(site_boundary, [openworks_axis, seams, campus_industry_line])",
        "usage_note": "依据仓库 provisional_boundaries.geojson 派生的概念建议；不得作为 official redline、审批依据或精确面积复算依据。"
      },
      "geometry": {
        "type": "Polygon",
        "coordinates": [
          [
            [
              116.34486622973321,
              39.944
            ],
            [
              116.34484928925619,
              39.944647032306534
            ],
            [
              116.34481391528925,
              39.946000140871526
            ],
            [
              116.34477709090908,
              39.94742118707739
            ],
            [
              116.34477084655072,
              39.94766590294821
            ],
            [
              116.3458265555419,
              39.94770263433108
            ],
            [
              116.34573258314565,
              39.944
            ],
            [
              116.34486622973321,
              39.944
            ]
          ]
        ]
      }
    },
    {
      "type": "Feature",
      "id": "LU-136",
      "properties": {
        "id": "LU-136",
        "layer": "LAND_USE",
        "land_use_code": "16",
        "name_zh": "留白用地（产业代际缓冲）",
        "source_type": "agent_generated_design",
        "confidence": "medium",
        "geometry_role": "design_proposal",
        "area_sqm_declared": 139010.787,
        "derivation": "split(site_boundary, [openworks_axis, seams, campus_industry_line])",
        "usage_note": "依据仓库 provisional_boundaries.geojson 派生的概念建议；不得作为 official redline、审批依据或精确面积复算依据。"
      },
      "geometry": {
        "type": "Polygon",
        "coordinates": [
          [
            [
              116.355,
              39.947542135713256
            ],
            [
              116.355,
              39.944
            ],
            [
              116.350932,
              39.944
            ],
            [
              116.350932,
              39.94713272939182
            ],
            [
              116.350932,
              39.94765966054694
            ],
            [
              116.35095169231496,
              39.94765909163444
            ],
            [
              116.355,
              39.947542135713256
            ]
          ]
        ]
      }
    },
    {
      "type": "Feature",
      "id": "LU-137",
      "properties": {
        "id": "LU-137",
        "layer": "LAND_USE",
        "land_use_code": "05",
        "name_zh": "智能原生商业服务业用地",
        "source_type": "agent_generated_design",
        "confidence": "medium",
        "geometry_role": "design_proposal",
        "area_sqm_declared": 96780.313,
        "derivation": "split(site_boundary, [openworks_axis, seams, campus_industry_line])",
        "usage_note": "依据仓库 provisional_boundaries.geojson 派生的概念建议；不得作为 official redline、审批依据或精确面积复算依据。"
      },
      "geometry": {
        "type": "Polygon",
        "coordinates": [
          [
            [
              116.34477084655072,
              39.94766590294821
            ],
            [
              116.34477709090908,
              39.94742118707739
            ],
            [
              116.34481391528925,
              39.946000140871526
            ],
            [
              116.34484928925619,
              39.944647032306534
            ],
            [
              116.34486622973321,
              39.944
            ],
            [
              116.342,
              39.944
            ],
            [
              116.342,
              39.94756949662187
            ],
            [
              116.34477084655072,
              39.94766590294821
            ]
          ]
        ]
      }
    },
    {
      "type": "Feature",
      "id": "LU-138",
      "properties": {
        "id": "LU-138",
        "layer": "LAND_USE",
        "land_use_code": "05",
        "name_zh": "智能原生商业服务业用地",
        "source_type": "agent_generated_design",
        "confidence": "medium",
        "geometry_role": "design_proposal",
        "area_sqm_declared": 15924.439,
        "derivation": "split(site_boundary, [openworks_axis, seams, campus_industry_line])",
        "usage_note": "依据仓库 provisional_boundaries.geojson 派生的概念建议；不得作为 official redline、审批依据或精确面积复算依据。"
      },
      "geometry": {
        "type": "Polygon",
        "coordinates": [
          [
            [
              116.34820409823602,
              39.94773846983925
            ],
            [
              116.34836813214793,
              39.944
            ],
            [
              116.34781199999999,
              39.944
            ],
            [
              116.34781199999999,
              39.946153325485426
            ],
            [
              116.34784709457527,
              39.946505262976686
            ],
            [
              116.34788036560077,
              39.9469729572208
            ],
            [
              116.34790357801718,
              39.94747212657736
            ],
            [
              116.34791114928886,
              39.94774693315693
            ],
            [
              116.34820409823602,
              39.94773846983925
            ]
          ]
        ]
      }
    },
    {
      "type": "Feature",
      "id": "LU-139",
      "properties": {
        "id": "LU-139",
        "layer": "LAND_USE",
        "land_use_code": "16",
        "name_zh": "留白用地（产业代际缓冲）",
        "source_type": "agent_generated_design",
        "confidence": "medium",
        "geometry_role": "design_proposal",
        "area_sqm_declared": 4803.322,
        "derivation": "split(site_boundary, [openworks_axis, seams, campus_industry_line])",
        "usage_note": "依据仓库 provisional_boundaries.geojson 派生的概念建议；不得作为 official redline、审批依据或精确面积复算依据。"
      },
      "geometry": {
        "type": "Polygon",
        "coordinates": [
          [
            [
              116.35050382305181,
              39.944
            ],
            [
              116.35053021085311,
              39.944104245433735
            ],
            [
              116.35062027568692,
              39.94451119362347
            ],
            [
              116.35070149202625,
              39.944938709869675
            ],
            [
              116.35077294059641,
              39.94538747629826
            ],
            [
              116.350833720145,
              39.94585819803477
            ],
            [
              116.35088294326172,
              39.94635160150793
            ],
            [
              116.35091963232472,
              39.94686702284014
            ],
            [
              116.350932,
              39.94713272939182
            ],
            [
              116.350932,
              39.944
            ],
            [
              116.35050382305181,
              39.944
            ]
          ]
        ]
      }
    },
    {
      "type": "Feature",
      "id": "LU-140",
      "properties": {
        "id": "LU-140",
        "layer": "LAND_USE",
        "land_use_code": "05",
        "name_zh": "智能原生商业服务业用地",
        "source_type": "agent_generated_design",
        "confidence": "medium",
        "geometry_role": "design_proposal",
        "area_sqm_declared": 3563.759,
        "derivation": "split(site_boundary, [openworks_axis, seams, campus_industry_line])",
        "usage_note": "依据仓库 provisional_boundaries.geojson 派生的概念建议；不得作为 official redline、审批依据或精确面积复算依据。"
      },
      "geometry": {
        "type": "Polygon",
        "coordinates": [
          [
            [
              116.34739833591632,
              39.944
            ],
            [
              116.34745316246395,
              39.94419222462991
            ],
            [
              116.34753732689242,
              39.944524774768375
            ],
            [
              116.34761531055561,
              39.944877205131725
            ],
            [
              116.34768621190476,
              39.94525051033737
            ],
            [
              116.34774910678333,
              39.94564566051259
            ],
            [
              116.34780305301321,
              39.94606360278449
            ],
            [
              116.34781199999999,
              39.946153325485426
            ],
            [
              116.34781199999999,
              39.944
            ],
            [
              116.34739833591632,
              39.944
            ]
          ]
        ]
      }
    },
    {
      "type": "Feature",
      "id": "LU-141",
      "properties": {
        "id": "LU-141",
        "layer": "LAND_USE",
        "land_use_code": "1401",
        "name_zh": "公园绿地（开物主轴）",
        "source_type": "agent_generated_design",
        "confidence": "medium",
        "geometry_role": "design_proposal",
        "area_sqm_declared": 32887.033,
        "derivation": "split(site_boundary, [openworks_axis, seams, campus_industry_line])",
        "usage_note": "依据仓库 provisional_boundaries.geojson 派生的概念建议；不得作为 official redline、审批依据或精确面积复算依据。"
      },
      "geometry": {
        "type": "Polygon",
        "coordinates": [
          [
            [
              116.34739833591632,
              39.944
            ],
            [
              116.34736369133542,
              39.94387853435912
            ],
            [
              116.34726975508556,
              39.943582656842985
            ],
            [
              116.34717215788918,
              39.94330351737372
            ],
            [
              116.34707166193589,
              39.94304001284919
            ],
            [
              116.34696898348021,
              39.94279101078979
            ],
            [
              116.34686478985206,
              39.94255534784336
            ],
            [
              116.34675969780746,
              39.942331827343715
            ],
            [
              116.34665427367695,
              39.94211921538958
            ],
            [
              116.34654903591827,
              39.94191623484479
            ],
            [
              116.34644446094345,
              39.94172155665021
            ],
            [
              116.34634099355492,
              39.94153378795517
            ],
            [
              116.34623906405388,
              39.94135145689799
            ],
            [
              116.34613911517363,
              39.94117299459564
            ],
            [
              116.3460416434394,
              39.94099671633794
            ],
            [
              116.3459472611319,
              39.94082080656726
            ],
            [
              116.3458567860275,
              39.940643316639154
            ],
            [
              116.34577136463051,
              39.94046219101404
            ],
            [
              116.34569262717405,
              39.94027534601192
            ],
            [
              116.34563389646473,
              39.940111616737234
            ],
            [
              116.34573258314565,
              39.944
            ],
            [
              116.34739833591632,
              39.944
            ]
          ]
        ]
      }
    },
    {
      "type": "Feature",
      "id": "LU-142",
      "properties": {
        "id": "LU-142",
        "layer": "LAND_USE",
        "land_use_code": "1401",
        "name_zh": "公园绿地（开物主轴）",
        "source_type": "agent_generated_design",
        "confidence": "medium",
        "geometry_role": "design_proposal",
        "area_sqm_declared": 50387.092,
        "derivation": "split(site_boundary, [openworks_axis, seams, campus_industry_line])",
        "usage_note": "依据仓库 provisional_boundaries.geojson 派生的概念建议；不得作为 official redline、审批依据或精确面积复算依据。"
      },
      "geometry": {
        "type": "Polygon",
        "coordinates": [
          [
            [
              116.35050382305181,
              39.944
            ],
            [
              116.35043223940828,
              39.94371720766415
            ],
            [
              116.35032733072029,
              39.94334944841741
            ],
            [
              116.35021648664377,
              39.943000362551174
            ],
            [
              116.35010074643789,
              39.94266937251696
            ],
            [
              116.34998119134687,
              39.94235592915979
            ],
            [
              116.34985894855012,
              39.94205951270087
            ],
            [
              116.34973519415139,
              39.94177963423313
            ],
            [
              116.34961115482818,
              39.94151583816229
            ],
            [
              116.3494881076832,
              39.94126770612826
            ],
            [
              116.34936737769235,
              39.941034863004795
            ],
            [
              116.34925033187795,
              39.94081698558782
            ],
            [
              116.34913836887414,
              39.94061381446415
            ],
            [
              116.34903310166457,
              39.94042552668772
            ],
            [
              116.34893533142706,
              39.94025096650813
            ],
            [
              116.3488470046244,
              39.940091238741715
            ],
            [
              116.34876915259586,
              39.939946149228696
            ],
            [
              116.3487028010433,
              39.93981599435682
            ],
            [
              116.34864864695585,
              39.93970117741638
            ],
            [
              116.34860690360627,
              39.93960212984961
            ],
            [
              116.34856609046665,
              39.93948836459868
            ],
            [
              116.34836813214793,
              39.944
            ],
            [
              116.35050382305181,
              39.944
            ]
          ]
        ]
      }
    },
    {
      "type": "Feature",
      "id": "LU-143",
      "properties": {
        "id": "LU-143",
        "layer": "LAND_USE",
        "land_use_code": "05",
        "name_zh": "智能原生商业服务业用地",
        "source_type": "agent_generated_design",
        "confidence": "medium",
        "geometry_role": "design_proposal",
        "area_sqm_declared": 254062.216,
        "derivation": "split(site_boundary, [openworks_axis, seams, campus_industry_line])",
        "usage_note": "依据仓库 provisional_boundaries.geojson 派生的概念建议；不得作为 official redline、审批依据或精确面积复算依据。"
      },
      "geometry": {
        "type": "Polygon",
        "coordinates": [
          [
            [
              116.34499127110445,
              39.939
            ],
            [
              116.3407,
              39.939
            ],
            [
              116.34046344347041,
              39.94751603506507
            ],
            [
              116.342,
              39.94756949662187
            ],
            [
              116.342,
              39.944
            ],
            [
              116.34486622973321,
              39.944
            ],
            [
              116.34488272933883,
              39.94336980653644
            ],
            [
              116.3449137520661,
              39.94217640871525
            ],
            [
              116.34494187396693,
              39.941074783996996
            ],
            [
              116.34496661157024,
              39.94007287753569
            ],
            [
              116.34498748140494,
              39.939178634485344
            ],
            [
              116.34499127110445,
              39.939
            ]
          ]
        ]
      }
    },
    {
      "type": "Feature",
      "id": "LU-144",
      "properties": {
        "id": "LU-144",
        "layer": "LAND_USE",
        "land_use_code": "05",
        "name_zh": "智能原生商业服务业用地",
        "source_type": "agent_generated_design",
        "confidence": "medium",
        "geometry_role": "design_proposal",
        "area_sqm_declared": 219692.488,
        "derivation": "split(site_boundary, [openworks_axis, seams, campus_industry_line])",
        "usage_note": "依据仓库 provisional_boundaries.geojson 派生的概念建议；不得作为 official redline、审批依据或精确面积复算依据。"
      },
      "geometry": {
        "type": "Polygon",
        "coordinates": [
          [
            [
              116.350932,
              39.944
            ],
            [
              116.355,
              39.944
            ],
            [
              116.355,
              39.947542135713256
            ],
            [
              116.355,
              39.947762108129254
            ],
            [
              116.355,
              39.94802180685253
            ],
            [
              116.355,
              39.948385955653826
            ],
            [
              116.35509504794977,
              39.94837174576316
            ],
            [
              116.3553,
              39.94834111529494
            ],
            [
              116.3553,
              39.948032244780926
            ],
            [
              116.3553,
              39.94771727448825
            ],
            [
              116.3553,
              39.94753346869012
            ],
            [
              116.3553,
              39.939
            ],
            [
              116.350932,
              39.939
            ],
            [
              116.350932,
              39.944
            ]
          ]
        ]
      }
    },
    {
      "type": "Feature",
      "id": "LU-145",
      "properties": {
        "id": "LU-145",
        "layer": "LAND_USE",
        "land_use_code": "05",
        "name_zh": "智能原生商业服务业用地",
        "source_type": "agent_generated_design",
        "confidence": "medium",
        "geometry_role": "design_proposal",
        "area_sqm_declared": 103853.594,
        "derivation": "split(site_boundary, [openworks_axis, seams, campus_industry_line])",
        "usage_note": "依据仓库 provisional_boundaries.geojson 派生的概念建议；不得作为 official redline、审批依据或精确面积复算依据。"
      },
      "geometry": {
        "type": "Polygon",
        "coordinates": [
          [
            [
              116.34781199999999,
              39.939
            ],
            [
              116.34499127110445,
              39.939
            ],
            [
              116.34498748140494,
              39.939178634485344
            ],
            [
              116.34496661157024,
              39.94007287753569
            ],
            [
              116.34494187396693,
              39.941074783996996
            ],
            [
              116.3449137520661,
              39.94217640871525
            ],
            [
              116.34488272933883,
              39.94336980653644
            ],
            [
              116.34486622973321,
              39.944
            ],
            [
              116.34573258314565,
              39.944
            ],
            [
              116.34563389646473,
              39.940111616737234
            ],
            [
              116.34569262717405,
              39.94027534601192
            ],
            [
              116.34577136463051,
              39.94046219101404
            ],
            [
              116.3458567860275,
              39.940643316639154
            ],
            [
              116.3459472611319,
              39.94082080656726
            ],
            [
              116.3460416434394,
              39.94099671633794
            ],
            [
              116.34613911517363,
              39.94117299459564
            ],
            [
              116.34623906405388,
              39.94135145689799
            ],
            [
              116.34634099355492,
              39.94153378795517
            ],
            [
              116.34644446094345,
              39.94172155665021
            ],
            [
              116.34654903591827,
              39.94191623484479
            ],
            [
              116.34665427367695,
              39.94211921538958
            ],
            [
              116.34675969780746,
              39.942331827343715
            ],
            [
              116.34686478985206,
              39.94255534784336
            ],
            [
              116.34696898348021,
              39.94279101078979
            ],
            [
              116.34707166193589,
              39.94304001284919
            ],
            [
              116.34717215788918,
              39.94330351737372
            ],
            [
              116.34726975508556,
              39.943582656842985
            ],
            [
              116.34736369133542,
              39.94387853435912
            ],
            [
              116.34739833591632,
              39.944
            ],
            [
              116.34781199999999,
              39.944
            ],
            [
              116.34781199999999,
              39.939
            ]
          ]
        ]
      }
    },
    {
      "type": "Feature",
      "id": "LU-146",
      "properties": {
        "id": "LU-146",
        "layer": "LAND_USE",
        "land_use_code": "05",
        "name_zh": "智能原生商业服务业用地",
        "source_type": "agent_generated_design",
        "confidence": "medium",
        "geometry_role": "design_proposal",
        "area_sqm_declared": 97662.821,
        "derivation": "split(site_boundary, [openworks_axis, seams, campus_industry_line])",
        "usage_note": "依据仓库 provisional_boundaries.geojson 派生的概念建议；不得作为 official redline、审批依据或精确面积复算依据。"
      },
      "geometry": {
        "type": "Polygon",
        "coordinates": [
          [
            [
              116.350932,
              39.939
            ],
            [
              116.34781199999999,
              39.939
            ],
            [
              116.34781199999999,
              39.944
            ],
            [
              116.34836813214793,
              39.944
            ],
            [
              116.34856609046665,
              39.93948836459868
            ],
            [
              116.34860690360627,
              39.93960212984961
            ],
            [
              116.34864864695585,
              39.93970117741638
            ],
            [
              116.3487028010433,
              39.93981599435682
            ],
            [
              116.34876915259586,
              39.939946149228696
            ],
            [
              116.3488470046244,
              39.940091238741715
            ],
            [
              116.34893533142706,
              39.94025096650813
            ],
            [
              116.34903310166457,
              39.94042552668772
            ],
            [
              116.34913836887414,
              39.94061381446415
            ],
            [
              116.34925033187795,
              39.94081698558782
            ],
            [
              116.34936737769235,
              39.941034863004795
            ],
            [
              116.3494881076832,
              39.94126770612826
            ],
            [
              116.34961115482818,
              39.94151583816229
            ],
            [
              116.34973519415139,
              39.94177963423313
            ],
            [
              116.34985894855012,
              39.94205951270087
            ],
            [
              116.34998119134687,
              39.94235592915979
            ],
            [
              116.35010074643789,
              39.94266937251696
            ],
            [
              116.35021648664377,
              39.943000362551174
            ],
            [
              116.35032733072029,
              39.94334944841741
            ],
            [
              116.35043223940828,
              39.94371720766415
            ],
            [
              116.35050382305181,
              39.944
            ],
            [
              116.350932,
              39.944
            ],
            [
              116.350932,
              39.939
            ]
          ]
        ]
      }
    }
  ]
}
