{"type": "FeatureCollection", "name": "buildings", "features": [{"type": "Feature", "id": "BLDG-001", "properties": {"id": "BLDG-001", "layer": "BUILDING_FOOTPRINT", "building_type": "office", "land_use_code": "05", "source_type": "agent_generated_design", "confidence": "medium", "geometry_role": "design_proposal", "area_sqm_declared": 2438.797}, "geometry": {"type": "Polygon", "coordinates": [[[116.34348478830677, 39.93971384299056], [116.34347823040794, 39.94040003843371], [116.34310376399854, 39.94039791733577], [116.34311032563724, 39.93971172194389], [116.34348478830677, 39.93971384299056]]]}}, {"type": "Feature", "id": "BLDG-002", "properties": {"id": "BLDG-002", "layer": "BUILDING_FOOTPRINT", "building_type": "office", "land_use_code": "05", "source_type": "agent_generated_design", "confidence": "medium", "geometry_role": "design_proposal", "area_sqm_declared": 3275.017}, "geometry": {"type": "Polygon", "coordinates": [[[116.34402705060258, 39.94868454630197], [116.34402201244443, 39.94921199101793], [116.34336771270208, 39.94920828693423], [116.34337275588462, 39.94868084228709], [116.34402705060258, 39.94868454630197]]]}}, {"type": "Feature", "id": "BLDG-003", "properties": {"id": "BLDG-003", "layer": "BUILDING_FOOTPRINT", "building_type": "office", "land_use_code": "05", "source_type": "agent_generated_design", "confidence": "medium", "geometry_role": "design_proposal", "area_sqm_declared": 7266.538}, "geometry": {"type": "Polygon", "coordinates": [[[116.34602846933859, 39.939717039146394], [116.34602100876299, 39.940500722171464], [116.3450440567767, 39.940495207288485], [116.3450515284954, 39.93971152441568], [116.34602846933859, 39.939717039146394]]]}}, {"type": "Feature", "id": "BLDG-004", "properties": {"id": "BLDG-004", "layer": "BUILDING_FOOTPRINT", "building_type": "office", "land_use_code": "05", "source_type": "agent_generated_design", "confidence": "medium", "geometry_role": "design_proposal", "area_sqm_declared": 3075.842}, "geometry": {"type": "Polygon", "coordinates": [[[116.34463513370474, 39.94061114422418], [116.34462910034655, 39.94124354246656], [116.34411663569156, 39.941240644469794], [116.34412267376672, 39.94060824629197], [116.34463513370474, 39.94061114422418]]]}}, {"type": "Feature", "id": "BLDG-005", "properties": {"id": "BLDG-005", "layer": "BUILDING_FOOTPRINT", "building_type": "office", "land_use_code": "05", "source_type": "agent_generated_design", "confidence": "medium", "geometry_role": "design_proposal", "area_sqm_declared": 7407.153}, "geometry": {"type": "Polygon", "coordinates": [[[116.34523455545612, 39.94331108631098], [116.34522705206825, 39.94409821000255], [116.34423549721333, 39.94409260570998], [116.34424301196199, 39.943305482173805], [116.34523455545612, 39.94331108631098]]]}}, {"type": "Feature", "id": "BLDG-006", "properties": {"id": "BLDG-006", "layer": "BUILDING_FOOTPRINT", "building_type": "office", "land_use_code": "05", "source_type": "agent_generated_design", "confidence": "medium", "geometry_role": "design_proposal", "area_sqm_declared": 4992.731}, "geometry": {"type": "Polygon", "coordinates": [[[116.34597087516204, 39.94465958830188], [116.34596392028728, 39.945389959084196], [116.34524362354078, 39.9453858933383], [116.3452505860737, 39.94465552266059], [116.34597087516204, 39.94465958830188]]]}}, {"type": "Feature", "id": "BLDG-007", "properties": {"id": "BLDG-007", "layer": "BUILDING_FOOTPRINT", "building_type": "office", "land_use_code": "05", "source_type": "agent_generated_design", "confidence": "medium", "geometry_role": "design_proposal", "area_sqm_declared": 4913.734}, "geometry": {"type": "Polygon", "coordinates": [[[116.34229362219224, 39.94028405931795], [116.34228686073212, 39.94099025856426], [116.34155374444842, 39.940986097275164], [116.34156051344384, 39.94027989813239], [116.34229362219224, 39.94028405931795]]]}}, {"type": "Feature", "id": "BLDG-008", "properties": {"id": "BLDG-008", "layer": "BUILDING_FOOTPRINT", "building_type": "office", "land_use_code": "05", "source_type": "agent_generated_design", "confidence": "medium", "geometry_role": "design_proposal", "area_sqm_declared": 2273.905}, "geometry": {"type": "Polygon", "coordinates": [[[116.34257414371174, 39.94643031479561], [116.34256875443346, 39.946993315922015], [116.34214316660947, 39.94699090172607], [116.34214855937591, 39.94642790064753], [116.34257414371174, 39.94643031479561]]]}}, {"type": "Feature", "id": "BLDG-009", "properties": {"id": "BLDG-009", "layer": "BUILDING_FOOTPRINT", "building_type": "office", "land_use_code": "05", "source_type": "agent_generated_design", "confidence": "medium", "geometry_role": "design_proposal", "area_sqm_declared": 1894.902}, "geometry": {"type": "Polygon", "coordinates": [[[116.342933831964, 39.9470891535466], [116.34293060183877, 39.94742677340682], [116.34233919313306, 39.947423419987004], [116.34234242616513, 39.94708580016667], [116.342933831964, 39.9470891535466]]]}}, {"type": "Feature", "id": "BLDG-010", "properties": {"id": "BLDG-010", "layer": "BUILDING_FOOTPRINT", "building_type": "office", "land_use_code": "05", "source_type": "agent_generated_design", "confidence": "medium", "geometry_role": "design_proposal", "area_sqm_declared": 3610.142}, "geometry": {"type": "Polygon", "coordinates": [[[116.34275381374508, 39.94246570570089], [116.34274630768104, 39.94325016149132], [116.34226140051298, 39.943247411481074], [116.34226891211385, 39.94246295576664], [116.34275381374508, 39.94246570570089]]]}}, {"type": "Feature", "id": "BLDG-011", "properties": {"id": "BLDG-011", "layer": "BUILDING_FOOTPRINT", "building_type": "office", "land_use_code": "05", "source_type": "agent_generated_design", "confidence": "medium", "geometry_role": "design_proposal", "area_sqm_declared": 2444.119}, "geometry": {"type": "Polygon", "coordinates": [[[116.34503603308303, 39.94719389973911], [116.34503309936406, 39.94750152193282], [116.34419588948984, 39.94749678906013], [116.34419882695819, 39.9471891669177], [116.34503603308303, 39.94719389973911]]]}}, {"type": "Feature", "id": "BLDG-012", "properties": {"id": "BLDG-012", "layer": "BUILDING_FOOTPRINT", "building_type": "office", "land_use_code": "05", "source_type": "agent_generated_design", "confidence": "medium", "geometry_role": "design_proposal", "area_sqm_declared": 4988.423}, "geometry": {"type": "Polygon", "coordinates": [[[116.34254191204559, 39.941809861838315], [116.34253504327557, 39.942527500838146], [116.34180263137465, 39.94252334507841], [116.34180950779509, 39.94180570618364], [116.34254191204559, 39.941809861838315]]]}}, {"type": "Feature", "id": "BLDG-013", "properties": {"id": "BLDG-013", "layer": "BUILDING_FOOTPRINT", "building_type": "office", "land_use_code": "05", "source_type": "agent_generated_design", "confidence": "medium", "geometry_role": "design_proposal", "area_sqm_declared": 3491.245}, "geometry": {"type": "Polygon", "coordinates": [[[116.34372186663825, 39.94660749218357], [116.3437150388621, 39.94732200899941], [116.34320017045907, 39.94731909323616], [116.34320700359082, 39.9466045764937], [116.34372186663825, 39.94660749218357]]]}}, {"type": "Feature", "id": "BLDG-014", "properties": {"id": "BLDG-014", "layer": "BUILDING_FOOTPRINT", "building_type": "office", "land_use_code": "05", "source_type": "agent_generated_design", "confidence": "medium", "geometry_role": "design_proposal", "area_sqm_declared": 3839.783}, "geometry": {"type": "Polygon", "coordinates": [[[116.34566166004593, 39.943747003096156], [116.34565751148222, 39.94418247872257], [116.34472843410221, 39.94417723125181], [116.3447325885553, 39.94374175570588], [116.34566166004593, 39.943747003096156]]]}}, {"type": "Feature", "id": "BLDG-015", "properties": {"id": "BLDG-015", "layer": "BUILDING_FOOTPRINT", "building_type": "office", "land_use_code": "05", "source_type": "agent_generated_design", "confidence": "medium", "geometry_role": "design_proposal", "area_sqm_declared": 2438.045}, "geometry": {"type": "Polygon", "coordinates": [[[116.34269665293772, 39.941267116014686], [116.34269262814932, 39.94168773024994], [116.34208189619194, 39.94168426607977], [116.3420859247193, 39.94126365189584], [116.34269665293772, 39.941267116014686]]]}}, {"type": "Feature", "id": "BLDG-016", "properties": {"id": "BLDG-016", "layer": "BUILDING_FOOTPRINT", "building_type": "office", "land_use_code": "05", "source_type": "agent_generated_design", "confidence": "medium", "geometry_role": "design_proposal", "area_sqm_declared": 2418.06}, "geometry": {"type": "Polygon", "coordinates": [[[116.34241767745917, 39.94828254448373], [116.34241143175112, 39.94893481446105], [116.34202079076297, 39.948932598007495], [116.34202704018067, 39.94828032808111], [116.34241767745917, 39.94828254448373]]]}}, {"type": "Feature", "id": "BLDG-017", "properties": {"id": "BLDG-017", "layer": "BUILDING_FOOTPRINT", "building_type": "office", "land_use_code": "05", "source_type": "agent_generated_design", "confidence": "medium", "geometry_role": "design_proposal", "area_sqm_declared": 2751.247}, "geometry": {"type": "Polygon", "coordinates": [[[116.34344645439313, 39.94407049135813], [116.3434434932541, 39.944380271336094], [116.34250768678099, 39.94437496795283], [116.34251065213985, 39.94406518803273], [116.34344645439313, 39.94407049135813]]]}}, {"type": "Feature", "id": "BLDG-018", "properties": {"id": "BLDG-018", "layer": "BUILDING_FOOTPRINT", "building_type": "office", "land_use_code": "05", "source_type": "agent_generated_design", "confidence": "medium", "geometry_role": "design_proposal", "area_sqm_declared": 5399.623}, "geometry": {"type": "Polygon", "coordinates": [[[116.34539654320669, 39.94602479924109], [116.34538891642937, 39.94682498727462], [116.34467787171621, 39.94682097021849], [116.34468550677634, 39.94602078229819], [116.34539654320669, 39.94602479924109]]]}}, {"type": "Feature", "id": "BLDG-019", "properties": {"id": "BLDG-019", "layer": "BUILDING_FOOTPRINT", "building_type": "office", "land_use_code": "05", "source_type": "agent_generated_design", "confidence": "medium", "geometry_role": "design_proposal", "area_sqm_declared": 6461.693}, "geometry": {"type": "Polygon", "coordinates": [[[116.34482786983814, 39.940921686723904], [116.3448202277328, 39.941722932364016], [116.34397051099505, 39.94171812735159], [116.34397816300988, 39.9409168818471], [116.34482786983814, 39.940921686723904]]]}}, {"type": "Feature", "id": "BLDG-020", "properties": {"id": "BLDG-020", "layer": "BUILDING_FOOTPRINT", "building_type": "office", "land_use_code": "05", "source_type": "agent_generated_design", "confidence": "medium", "geometry_role": "design_proposal", "area_sqm_declared": 5856.231}, "geometry": {"type": "Polygon", "coordinates": [[[116.3428759802859, 39.948489072981495], [116.34286909709911, 39.94920841288935], [116.34201122213464, 39.949203547052136], [116.34201811430573, 39.948484207267576], [116.3428759802859, 39.948489072981495]]]}}, {"type": "Feature", "id": "BLDG-021", "properties": {"id": "BLDG-021", "layer": "BUILDING_FOOTPRINT", "building_type": "office", "land_use_code": "05", "source_type": "agent_generated_design", "confidence": "medium", "geometry_role": "design_proposal", "area_sqm_declared": 5961.26}, "geometry": {"type": "Polygon", "coordinates": [[[116.34619965877488, 39.93963591945617], [116.34619285559285, 39.94035073816138], [116.34531418240174, 39.940345779740596], [116.34532099472523, 39.93963096116026], [116.34619965877488, 39.93963591945617]]]}}, {"type": "Feature", "id": "BLDG-022", "properties": {"id": "BLDG-022", "layer": "BUILDING_FOOTPRINT", "building_type": "office", "land_use_code": "05", "source_type": "agent_generated_design", "confidence": "medium", "geometry_role": "design_proposal", "area_sqm_declared": 2641.944}, "geometry": {"type": "Polygon", "coordinates": [[[116.34575315418877, 39.939687353178996], [116.34574790951632, 39.94023804250653], [116.34524243248578, 39.94023518893604], [116.34524768120957, 39.939684499663855], [116.34575315418877, 39.939687353178996]]]}}, {"type": "Feature", "id": "BLDG-023", "properties": {"id": "BLDG-023", "layer": "BUILDING_FOOTPRINT", "building_type": "office", "land_use_code": "05", "source_type": "agent_generated_design", "confidence": "medium", "geometry_role": "design_proposal", "area_sqm_declared": 4167.288}, "geometry": {"type": "Polygon", "coordinates": [[[116.34320642954312, 39.94435793003853], [116.34320155940779, 39.94486722597091], [116.3423393828233, 39.944862338321336], [116.3423442593505, 39.94435304247665], [116.34320642954312, 39.94435793003853]]]}}, {"type": "Feature", "id": "BLDG-024", "properties": {"id": "BLDG-024", "layer": "BUILDING_FOOTPRINT", "building_type": "office", "land_use_code": "05", "source_type": "agent_generated_design", "confidence": "medium", "geometry_role": "design_proposal", "area_sqm_declared": 5840.349}, "geometry": {"type": "Polygon", "coordinates": [[[116.3433698424222, 39.94450147243042], [116.34336215319114, 39.945305766263765], [116.34259701520993, 39.945301430091305], [116.34260471339921, 39.94449713638082], [116.3433698424222, 39.94450147243042]]]}}, {"type": "Feature", "id": "BLDG-025", "properties": {"id": "BLDG-025", "layer": "BUILDING_FOOTPRINT", "building_type": "office", "land_use_code": "05", "source_type": "agent_generated_design", "confidence": "medium", "geometry_role": "design_proposal", "area_sqm_declared": 5530.361}, "geometry": {"type": "Polygon", "coordinates": [[[116.34266394800822, 39.94696713098305], [116.34265677298367, 39.947716768049126], [116.34187939356626, 39.94771235766606], [116.34188657707455, 39.94696272071645], [116.34266394800822, 39.94696713098305]]]}}, {"type": "Feature", "id": "BLDG-026", "properties": {"id": "BLDG-026", "layer": "BUILDING_FOOTPRINT", "building_type": "office", "land_use_code": "05", "source_type": "agent_generated_design", "confidence": "medium", "geometry_role": "design_proposal", "area_sqm_declared": 3578.127}, "geometry": {"type": "Polygon", "coordinates": [[[116.34221772654938, 39.947280162019716], [116.34221268323707, 39.947806720216015], [116.34149663801713, 39.94780265525037], [116.34150168681843, 39.94727609712946], [116.34221772654938, 39.947280162019716]]]}}, {"type": "Feature", "id": "BLDG-027", "properties": {"id": "BLDG-027", "layer": "BUILDING_FOOTPRINT", "building_type": "office", "land_use_code": "05", "source_type": "agent_generated_design", "confidence": "medium", "geometry_role": "design_proposal", "area_sqm_declared": 3842.087}, "geometry": {"type": "Polygon", "coordinates": [[[116.34454056456026, 39.94481848230824], [116.34453658185096, 39.945235817321624], [116.34356652366866, 39.94523032880273], [116.34357051227114, 39.944812993870045], [116.34454056456026, 39.94481848230824]]]}}, {"type": "Feature", "id": "BLDG-028", "properties": {"id": "BLDG-028", "layer": "BUILDING_FOOTPRINT", "building_type": "office", "land_use_code": "05", "source_type": "agent_generated_design", "confidence": "medium", "geometry_role": "design_proposal", "area_sqm_declared": 4882.068}, "geometry": {"type": "Polygon", "coordinates": [[[116.34584238329046, 39.948016300739475], [116.34583663244479, 39.948620040792164], [116.34498453228262, 39.94861522956132], [116.34499029061791, 39.94801148961094], [116.34584238329046, 39.948016300739475]]]}}, {"type": "Feature", "id": "BLDG-029", "properties": {"id": "BLDG-029", "layer": "BUILDING_FOOTPRINT", "building_type": "office", "land_use_code": "05", "source_type": "agent_generated_design", "confidence": "medium", "geometry_role": "design_proposal", "area_sqm_declared": 4297.237}, "geometry": {"type": "Polygon", "coordinates": [[[116.34387490321731, 39.94126330623579], [116.343867788863, 39.942008127720996], [116.34325988871082, 39.94200468577632], [116.34326700965536, 39.94125986438141], [116.34387490321731, 39.94126330623579]]]}}, {"type": "Feature", "id": "BLDG-030", "properties": {"id": "BLDG-030", "layer": "BUILDING_FOOTPRINT", "building_type": "office", "land_use_code": "05", "source_type": "agent_generated_design", "confidence": "medium", "geometry_role": "design_proposal", "area_sqm_declared": 4178.532}, "geometry": {"type": "Polygon", "coordinates": [[[116.3447223914641, 39.947344256193716], [116.3447176468854, 39.94784151728938], [116.34383218274478, 39.947836509023865], [116.34383693373357, 39.94733924801592], [116.3447223914641, 39.947344256193716]]]}}, {"type": "Feature", "id": "BLDG-031", "properties": {"id": "BLDG-031", "layer": "BUILDING_FOOTPRINT", "building_type": "office", "land_use_code": "05", "source_type": "agent_generated_design", "confidence": "medium", "geometry_role": "design_proposal", "area_sqm_declared": 3858.711}, "geometry": {"type": "Polygon", "coordinates": [[[116.3458462200264, 39.944702914361756], [116.34583927086813, 39.94543254463384], [116.34528201282497, 39.945429398958744], [116.34528896790198, 39.944699768767514], [116.3458462200264, 39.944702914361756]]]}}, {"type": "Feature", "id": "BLDG-032", "properties": {"id": "BLDG-032", "layer": "BUILDING_FOOTPRINT", "building_type": "office", "land_use_code": "05", "source_type": "agent_generated_design", "confidence": "medium", "geometry_role": "design_proposal", "area_sqm_declared": 4655.756}, "geometry": {"type": "Polygon", "coordinates": [[[116.34626736500131, 39.94708654141657], [116.3462629135211, 39.947554191299616], [116.34521385534921, 39.94754827098572], [116.34521831397151, 39.9470806212002], [116.34626736500131, 39.94708654141657]]]}}, {"type": "Feature", "id": "BLDG-033", "properties": {"id": "BLDG-033", "layer": "BUILDING_FOOTPRINT", "building_type": "office", "land_use_code": "05", "source_type": "agent_generated_design", "confidence": "medium", "geometry_role": "design_proposal", "area_sqm_declared": 1837.507}, "geometry": {"type": "Polygon", "coordinates": [[[116.34496353436313, 39.948187318674954], [116.344958621719, 39.94870236794827], [116.34458268263867, 39.94870024319924], [116.34458759810177, 39.948185193964456], [116.34496353436313, 39.948187318674954]]]}}, {"type": "Feature", "id": "BLDG-034", "properties": {"id": "BLDG-034", "layer": "BUILDING_FOOTPRINT", "building_type": "office", "land_use_code": "05", "source_type": "agent_generated_design", "confidence": "medium", "geometry_role": "design_proposal", "area_sqm_declared": 3062.957}, "geometry": {"type": "Polygon", "coordinates": [[[116.34367382168473, 39.94765612653773], [116.34367072244982, 39.94798042428255], [116.34267547877216, 39.94797478562968], [116.34267858270589, 39.94765048794927], [116.34367382168473, 39.94765612653773]]]}}, {"type": "Feature", "id": "BLDG-035", "properties": {"id": "BLDG-035", "layer": "BUILDING_FOOTPRINT", "building_type": "office", "land_use_code": "05", "source_type": "agent_generated_design", "confidence": "medium", "geometry_role": "design_proposal", "area_sqm_declared": 1830.768}, "geometry": {"type": "Polygon", "coordinates": [[[116.34612536701398, 39.94306992401712], [116.34612085599527, 39.94354379341979], [116.34571377607759, 39.94354149676666], [116.34571828990423, 39.94306762740233], [116.34612536701398, 39.94306992401712]]]}}, {"type": "Feature", "id": "BLDG-036", "properties": {"id": "BLDG-036", "layer": "BUILDING_FOOTPRINT", "building_type": "office", "land_use_code": "05", "source_type": "agent_generated_design", "confidence": "medium", "geometry_role": "design_proposal", "area_sqm_declared": 4659.691}, "geometry": {"type": "Polygon", "coordinates": [[[116.34296168063348, 39.94602653693247], [116.34295432215526, 39.94679571476498], [116.34231597748392, 39.946792095223074], [116.34232334310994, 39.946022917488634], [116.34296168063348, 39.94602653693247]]]}}, {"type": "Feature", "id": "BLDG-037", "properties": {"id": "BLDG-037", "layer": "BUILDING_FOOTPRINT", "building_type": "office", "land_use_code": "05", "source_type": "agent_generated_design", "confidence": "medium", "geometry_role": "design_proposal", "area_sqm_declared": 1665.376}, "geometry": {"type": "Polygon", "coordinates": [[[116.35342477964916, 39.97222119837367], [116.35342090887885, 39.972631976830115], [116.35299354988337, 39.97262959221865], [116.35299742321166, 39.972218813796715], [116.35342477964916, 39.97222119837367]]]}}, {"type": "Feature", "id": "BLDG-038", "properties": {"id": "BLDG-038", "layer": "BUILDING_FOOTPRINT", "building_type": "office", "land_use_code": "05", "source_type": "agent_generated_design", "confidence": "medium", "geometry_role": "design_proposal", "area_sqm_declared": 3480.214}, "geometry": {"type": "Polygon", "coordinates": [[[116.35356010841691, 39.97348976109434], [116.35355263607457, 39.974282872461764], [116.35309007363816, 39.97428029184896], [116.3530975513264, 39.973487180553626], [116.35356010841691, 39.97348976109434]]]}}, {"type": "Feature", "id": "BLDG-039", "properties": {"id": "BLDG-039", "layer": "BUILDING_FOOTPRINT", "building_type": "office", "land_use_code": "05", "source_type": "agent_generated_design", "confidence": "medium", "geometry_role": "design_proposal", "area_sqm_declared": 1660.044}, "geometry": {"type": "Polygon", "coordinates": [[[116.3527143864914, 39.96754464143976], [116.35270968749329, 39.96804284849161], [116.35235847572875, 39.968040886787456], [116.35236317727602, 39.96754267977002], [116.3527143864914, 39.96754464143976]]]}}, {"type": "Feature", "id": "BLDG-040", "properties": {"id": "BLDG-040", "layer": "BUILDING_FOOTPRINT", "building_type": "office", "land_use_code": "05", "source_type": "agent_generated_design", "confidence": "medium", "geometry_role": "design_proposal", "area_sqm_declared": 4838.526}, "geometry": {"type": "Polygon", "coordinates": [[[116.35281617562345, 39.97056205620778], [116.35281150684128, 39.97105708441185], [116.35178121245055, 39.971051327452194], [116.35178588866393, 39.970556299348516], [116.35281617562345, 39.97056205620778]]]}}, {"type": "Feature", "id": "BLDG-041", "properties": {"id": "BLDG-041", "layer": "BUILDING_FOOTPRINT", "building_type": "office", "land_use_code": "05", "source_type": "agent_generated_design", "confidence": "medium", "geometry_role": "design_proposal", "area_sqm_declared": 2508.66}, "geometry": {"type": "Polygon", "coordinates": [[[116.35319306012398, 39.96857724712362], [116.3531878908795, 39.96912569642413], [116.35270575259882, 39.969123005125006], [116.35271092569583, 39.96857455587648], [116.35319306012398, 39.96857724712362]]]}}, {"type": "Feature", "id": "BLDG-042", "properties": {"id": "BLDG-042", "layer": "BUILDING_FOOTPRINT", "building_type": "office", "land_use_code": "05", "source_type": "agent_generated_design", "confidence": "medium", "geometry_role": "design_proposal", "area_sqm_declared": 1974.751}, "geometry": {"type": "Polygon", "coordinates": [[[116.35309485322192, 39.9686095747063], [116.35309221194366, 39.96888976949315], [116.35234933458409, 39.96888562130391], [116.35235197889493, 39.96860542655799], [116.35309485322192, 39.9686095747063]]]}}, {"type": "Feature", "id": "BLDG-043", "properties": {"id": "BLDG-043", "layer": "BUILDING_FOOTPRINT", "building_type": "office", "land_use_code": "05", "source_type": "agent_generated_design", "confidence": "medium", "geometry_role": "design_proposal", "area_sqm_declared": 2313.928}, "geometry": {"type": "Polygon", "coordinates": [[[116.35309721855003, 39.96789795925977], [116.35309234515199, 39.96841495597229], [116.35262058214568, 39.96841232223162], [116.35262545909707, 39.96789532556707], [116.35309721855003, 39.96789795925977]]]}}, {"type": "Feature", "id": "BLDG-044", "properties": {"id": "BLDG-044", "layer": "BUILDING_FOOTPRINT", "building_type": "office", "land_use_code": "05", "source_type": "agent_generated_design", "confidence": "medium", "geometry_role": "design_proposal", "area_sqm_declared": 2542.674}, "geometry": {"type": "Polygon", "coordinates": [[[116.35273946472525, 39.97346352262752], [116.35273648410435, 39.97377948744735], [116.35188818863281, 39.97377474747873], [116.3518911731594, 39.97345878271164], [116.35273946472525, 39.97346352262752]]]}}, {"type": "Feature", "id": "BLDG-045", "properties": {"id": "BLDG-045", "layer": "BUILDING_FOOTPRINT", "building_type": "office", "land_use_code": "05", "source_type": "agent_generated_design", "confidence": "medium", "geometry_role": "design_proposal", "area_sqm_declared": 1522.504}, "geometry": {"type": "Polygon", "coordinates": [[[116.35269318091316, 39.9708224650191], [116.3526896759701, 39.971194019145706], [116.3522577438216, 39.97119160630416], [116.35226125110303, 39.97082005220913], [116.35269318091316, 39.9708224650191]]]}}, {"type": "Feature", "id": "BLDG-046", "properties": {"id": "BLDG-046", "layer": "BUILDING_FOOTPRINT", "building_type": "office", "land_use_code": "05", "source_type": "agent_generated_design", "confidence": "medium", "geometry_role": "design_proposal", "area_sqm_declared": 4871.477}, "geometry": {"type": "Polygon", "coordinates": [[[116.35261155391501, 39.96211201054229], [116.35260432679456, 39.96287828067428], [116.35193427884005, 39.962874536687735], [116.35194151343921, 39.962108266656784], [116.35261155391501, 39.96211201054229]]]}}, {"type": "Feature", "id": "BLDG-047", "properties": {"id": "BLDG-047", "layer": "BUILDING_FOOTPRINT", "building_type": "office", "land_use_code": "05", "source_type": "agent_generated_design", "confidence": "medium", "geometry_role": "design_proposal", "area_sqm_declared": 4266.638}, "geometry": {"type": "Polygon", "coordinates": [[[116.3527216408615, 39.97388341307095], [116.35271722274302, 39.97435174011901], [116.35175685986778, 39.97434637331569], [116.35176128454025, 39.97387804635616], [116.3527216408615, 39.97388341307095]]]}}, {"type": "Feature", "id": "BLDG-048", "properties": {"id": "BLDG-048", "layer": "BUILDING_FOOTPRINT", "building_type": "office", "land_use_code": "05", "source_type": "agent_generated_design", "confidence": "medium", "geometry_role": "design_proposal", "area_sqm_declared": 2741.185}, "geometry": {"type": "Polygon", "coordinates": [[[116.35319831219125, 39.966134589607535], [116.35319194619495, 39.9668100745499], [116.35276421152815, 39.96680768708107], [116.35277058173358, 39.9661322021955], [116.35319831219125, 39.966134589607535]]]}}, {"type": "Feature", "id": "BLDG-049", "properties": {"id": "BLDG-049", "layer": "BUILDING_FOOTPRINT", "building_type": "office", "land_use_code": "05", "source_type": "agent_generated_design", "confidence": "medium", "geometry_role": "design_proposal", "area_sqm_declared": 3520.441}, "geometry": {"type": "Polygon", "coordinates": [[[116.3533144108982, 39.96891090968411], [116.35331100845278, 39.9692719693382], [116.35228326362112, 39.96926623112735], [116.3522866714729, 39.968905171546226], [116.3533144108982, 39.96891090968411]]]}}, {"type": "Feature", "id": "BLDG-050", "properties": {"id": "BLDG-050", "layer": "BUILDING_FOOTPRINT", "building_type": "office", "land_use_code": "05", "source_type": "agent_generated_design", "confidence": "medium", "geometry_role": "design_proposal", "area_sqm_declared": 2859.268}, "geometry": {"type": "Polygon", "coordinates": [[[116.35277896062858, 39.96212647074683], [116.35277498635135, 39.96254796399616], [116.3520600139036, 39.96254396990987], [116.35206399257036, 39.96212247671984], [116.35277896062858, 39.96212647074683]]]}}, {"type": "Feature", "id": "BLDG-051", "properties": {"id": "BLDG-051", "layer": "BUILDING_FOOTPRINT", "building_type": "office", "land_use_code": "05", "source_type": "agent_generated_design", "confidence": "medium", "geometry_role": "design_proposal", "area_sqm_declared": 3372.904}, "geometry": {"type": "Polygon", "coordinates": [[[116.35302146750385, 39.96443289234383], [116.35301823991877, 39.964775295821575], [116.35197998310474, 39.96476949640812], [116.35198321586849, 39.96442709300031], [116.35302146750385, 39.96443289234383]]]}}, {"type": "Feature", "id": "BLDG-052", "properties": {"id": "BLDG-052", "layer": "BUILDING_FOOTPRINT", "building_type": "office", "land_use_code": "05", "source_type": "agent_generated_design", "confidence": "medium", "geometry_role": "design_proposal", "area_sqm_declared": 4119.24}, "geometry": {"type": "Polygon", "coordinates": [[[116.35353402492498, 39.96834069580501], [116.3535280124487, 39.968978951185626], [116.35284773192922, 39.968975155273355], [116.3528537507313, 39.96833689997806], [116.35353402492498, 39.96834069580501]]]}}, {"type": "Feature", "id": "BLDG-053", "properties": {"id": "BLDG-053", "layer": "BUILDING_FOOTPRINT", "building_type": "office", "land_use_code": "05", "source_type": "agent_generated_design", "confidence": "medium", "geometry_role": "design_proposal", "area_sqm_declared": 2081.998}, "geometry": {"type": "Polygon", "coordinates": [[[116.35292918346522, 39.96653173396408], [116.35292637429893, 39.966829684402285], [116.35218984827871, 39.96682557069651], [116.35219266064198, 39.96652762030148], [116.35292918346522, 39.96653173396408]]]}}, {"type": "Feature", "id": "BLDG-054", "properties": {"id": "BLDG-054", "layer": "BUILDING_FOOTPRINT", "building_type": "office", "land_use_code": "05", "source_type": "agent_generated_design", "confidence": "medium", "geometry_role": "design_proposal", "area_sqm_declared": 2977.437}, "geometry": {"type": "Polygon", "coordinates": [[[116.3523860197814, 39.96844862424201], [116.35238080637433, 39.96900107224135], [116.35181271716957, 39.96899789699967], [116.35181793514906, 39.96844544906211], [116.3523860197814, 39.96844862424201]]]}}, {"type": "Feature", "id": "BLDG-055", "properties": {"id": "BLDG-055", "layer": "BUILDING_FOOTPRINT", "building_type": "office", "land_use_code": "05", "source_type": "agent_generated_design", "confidence": "medium", "geometry_role": "design_proposal", "area_sqm_declared": 2985.777}, "geometry": {"type": "Polygon", "coordinates": [[[116.353610431741, 39.96251445099373], [116.35360401847647, 39.96319547298021], [116.35314192966152, 39.96319289538925], [116.35314834750989, 39.9625118734646], [116.353610431741, 39.96251445099373]]]}}, {"type": "Feature", "id": "BLDG-056", "properties": {"id": "BLDG-056", "layer": "BUILDING_FOOTPRINT", "building_type": "office", "land_use_code": "05", "source_type": "agent_generated_design", "confidence": "medium", "geometry_role": "design_proposal", "area_sqm_declared": 3241.73}, "geometry": {"type": "Polygon", "coordinates": [[[116.35280531893649, 39.966055092844506], [116.35280112125012, 39.96650023548487], [116.35203353463176, 39.96649594737314], [116.35203773729583, 39.966050804800034], [116.35280531893649, 39.966055092844506]]]}}, {"type": "Feature", "id": "BLDG-057", "properties": {"id": "BLDG-057", "layer": "BUILDING_FOOTPRINT", "building_type": "office", "land_use_code": "05", "source_type": "agent_generated_design", "confidence": "medium", "geometry_role": "design_proposal", "area_sqm_declared": 2610.434}, "geometry": {"type": "Polygon", "coordinates": [[[116.3528043930797, 39.97065072206513], [116.35279921636631, 39.97119959345359], [116.35229788910881, 39.97119679328358], [116.35230306983145, 39.970647921949244], [116.3528043930797, 39.97065072206513]]]}}, {"type": "Feature", "id": "BLDG-058", "properties": {"id": "BLDG-058", "layer": "BUILDING_FOOTPRINT", "building_type": "office", "land_use_code": "05", "source_type": "agent_generated_design", "confidence": "medium", "geometry_role": "design_proposal", "area_sqm_declared": 6124.259}, "geometry": {"type": "Polygon", "coordinates": [[[116.35297152056363, 39.966894160710254], [116.35296406817878, 39.967684619648026], [116.35214742667446, 39.96768005843428], [116.35215488846356, 39.96688959962349], [116.35297152056363, 39.966894160710254]]]}}, {"type": "Feature", "id": "BLDG-059", "properties": {"id": "BLDG-059", "layer": "BUILDING_FOOTPRINT", "building_type": "office", "land_use_code": "05", "source_type": "agent_generated_design", "confidence": "medium", "geometry_role": "design_proposal", "area_sqm_declared": 4490.312}, "geometry": {"type": "Polygon", "coordinates": [[[116.35331851346837, 39.96705924884333], [116.35331320953046, 39.96762212828797], [116.3524723605021, 39.96761743431398], [116.35247767133527, 39.967054554962374], [116.35331851346837, 39.96705924884333]]]}}, {"type": "Feature", "id": "BLDG-060", "properties": {"id": "BLDG-060", "layer": "BUILDING_FOOTPRINT", "building_type": "office", "land_use_code": "05", "source_type": "agent_generated_design", "confidence": "medium", "geometry_role": "design_proposal", "area_sqm_declared": 6367.187}, "geometry": {"type": "Polygon", "coordinates": [[[116.35320735624617, 39.98428877479507], [116.35320067969636, 39.98499676409067], [116.35225250928185, 39.984991469085564], [116.3522591956174, 39.98428347992201], [116.35320735624617, 39.98428877479507]]]}}, {"type": "Feature", "id": "BLDG-061", "properties": {"id": "BLDG-061", "layer": "BUILDING_FOOTPRINT", "building_type": "office", "land_use_code": "05", "source_type": "agent_generated_design", "confidence": "medium", "geometry_role": "design_proposal", "area_sqm_declared": 1932.833}, "geometry": {"type": "Polygon", "coordinates": [[[116.35294043977818, 39.984559427481], [116.35293585012893, 39.98504591659371], [116.35251697268676, 39.985043577394485], [116.35252156530663, 39.984557088321864], [116.35294043977818, 39.984559427481]]]}}, {"type": "Feature", "id": "BLDG-062", "properties": {"id": "BLDG-062", "layer": "BUILDING_FOOTPRINT", "building_type": "office", "land_use_code": "05", "source_type": "agent_generated_design", "confidence": "medium", "geometry_role": "design_proposal", "area_sqm_declared": 4235.099}, "geometry": {"type": "Polygon", "coordinates": [[[116.35264882880347, 39.98723278045533], [116.35264120640703, 39.98804028444831], [116.35208823405998, 39.98803719462134], [116.35209586296634, 39.98722969071623], [116.35264882880347, 39.98723278045533]]]}}, {"type": "Feature", "id": "BLDG-063", "properties": {"id": "BLDG-063", "layer": "BUILDING_FOOTPRINT", "building_type": "office", "land_use_code": "05", "source_type": "agent_generated_design", "confidence": "medium", "geometry_role": "design_proposal", "area_sqm_declared": 1563.457}, "geometry": {"type": "Polygon", "coordinates": [[[116.35264143476313, 39.98691766223705], [116.35263776067124, 39.98730689341536], [116.35221425606457, 39.98730452724587], [116.35221793255965, 39.98691529609998], [116.35264143476313, 39.98691766223705]]]}}, {"type": "Feature", "id": "BLDG-064", "properties": {"id": "BLDG-064", "layer": "BUILDING_FOOTPRINT", "building_type": "office", "land_use_code": "05", "source_type": "agent_generated_design", "confidence": "medium", "geometry_role": "design_proposal", "area_sqm_declared": 1182.231}, "geometry": {"type": "Polygon", "coordinates": [[[116.35212218029694, 39.98572012925372], [116.35211939663323, 39.98601480585825], [116.35169640837104, 39.98601244070117], [116.35169919385184, 39.98571776412119], [116.35212218029694, 39.98572012925372]]]}}, {"type": "Feature", "id": "BLDG-065", "properties": {"id": "BLDG-065", "layer": "BUILDING_FOOTPRINT", "building_type": "office", "land_use_code": "05", "source_type": "agent_generated_design", "confidence": "medium", "geometry_role": "design_proposal", "area_sqm_declared": 3640.273}, "geometry": {"type": "Polygon", "coordinates": [[[116.35293992677899, 39.986319967585786], [116.35293441866493, 39.986903772784366], [116.3522769979253, 39.98690010072655], [116.35228251163467, 39.986316295603466], [116.35293992677899, 39.986319967585786]]]}}, {"type": "Feature", "id": "BLDG-066", "properties": {"id": "BLDG-066", "layer": "BUILDING_FOOTPRINT", "building_type": "office", "land_use_code": "05", "source_type": "agent_generated_design", "confidence": "medium", "geometry_role": "design_proposal", "area_sqm_declared": 6111.442}, "geometry": {"type": "Polygon", "coordinates": [[[116.35298737235516, 39.98862042319824], [116.35298039933771, 39.98935948441398], [116.35210852070428, 39.98935461395726], [116.35211550311648, 39.988615552868275], [116.35298737235516, 39.98862042319824]]]}}, {"type": "Feature", "id": "BLDG-067", "properties": {"id": "BLDG-067", "layer": "BUILDING_FOOTPRINT", "building_type": "office", "land_use_code": "05", "source_type": "agent_generated_design", "confidence": "medium", "geometry_role": "design_proposal", "area_sqm_declared": 3209.661}, "geometry": {"type": "Polygon", "coordinates": [[[116.35303129307913, 39.987588699698826], [116.35302722947027, 39.98801944478832], [116.35224159004657, 39.9880150567233], [116.35224565858915, 39.98758431170037], [116.35303129307913, 39.987588699698826]]]}}, {"type": "Feature", "id": "BLDG-068", "properties": {"id": "BLDG-068", "layer": "BUILDING_FOOTPRINT", "building_type": "office", "land_use_code": "05", "source_type": "agent_generated_design", "confidence": "medium", "geometry_role": "design_proposal", "area_sqm_declared": 2295.328}, "geometry": {"type": "Polygon", "coordinates": [[[116.35224128001244, 39.991166532530144], [116.3522371647936, 39.9916021607658], [116.35168159901534, 39.99159905443754], [116.35168571776306, 39.99116342624955], [116.35224128001244, 39.991166532530144]]]}}, {"type": "Feature", "id": "BLDG-069", "properties": {"id": "BLDG-069", "layer": "BUILDING_FOOTPRINT", "building_type": "office", "land_use_code": "05", "source_type": "agent_generated_design", "confidence": "medium", "geometry_role": "design_proposal", "area_sqm_declared": 3123.653}, "geometry": {"type": "Polygon", "coordinates": [[[116.35263681358286, 39.98845210968215], [116.3526328855014, 39.98886822240919], [116.35184140293342, 39.988863798972396], [116.3518453358166, 39.988447686310195], [116.35263681358286, 39.98845210968215]]]}}, {"type": "Feature", "id": "BLDG-070", "properties": {"id": "BLDG-070", "layer": "BUILDING_FOOTPRINT", "building_type": "office", "land_use_code": "05", "source_type": "agent_generated_design", "confidence": "medium", "geometry_role": "design_proposal", "area_sqm_declared": 3956.939}, "geometry": {"type": "Polygon", "coordinates": [[[116.35337942774717, 39.99240802523078], [116.3533747055777, 39.99290876096603], [116.35254147376956, 39.99290410927073], [116.35254620202288, 39.99240337361752], [116.35337942774717, 39.99240802523078]]]}}, {"type": "Feature", "id": "BLDG-071", "properties": {"id": "BLDG-071", "layer": "BUILDING_FOOTPRINT", "building_type": "office", "land_use_code": "05", "source_type": "agent_generated_design", "confidence": "medium", "geometry_role": "design_proposal", "area_sqm_declared": 3717.039}, "geometry": {"type": "Polygon", "coordinates": [[[116.35287807223574, 39.98915768106905], [116.35287257024633, 39.98974072253837], [116.35220037900763, 39.98973696751311], [116.35220588671115, 39.9891539261209], [116.35287807223574, 39.98915768106905]]]}}, {"type": "Feature", "id": "BLDG-072", "properties": {"id": "BLDG-072", "layer": "BUILDING_FOOTPRINT", "building_type": "office", "land_use_code": "05", "source_type": "agent_generated_design", "confidence": "medium", "geometry_role": "design_proposal", "area_sqm_declared": 2245.409}, "geometry": {"type": "Polygon", "coordinates": [[[116.35258042976763, 39.98374899393489], [116.35257586881916, 39.984232185962775], [116.35208593619694, 39.984229448301164], [116.35209050059626, 39.98374625631987], [116.35258042976763, 39.98374899393489]]]}}, {"type": "Feature", "id": "BLDG-073", "properties": {"id": "BLDG-073", "layer": "BUILDING_FOOTPRINT", "building_type": "office", "land_use_code": "05", "source_type": "agent_generated_design", "confidence": "medium", "geometry_role": "design_proposal", "area_sqm_declared": 1628.35}, "geometry": {"type": "Polygon", "coordinates": [[[116.35322879791164, 39.98767057026421], [116.35322481876314, 39.98809249018161], [116.352817904781, 39.98809021878536], [116.35282188643255, 39.98766829890172], [116.35322879791164, 39.98767057026421]]]}}, {"type": "Feature", "id": "BLDG-074", "properties": {"id": "BLDG-074", "layer": "BUILDING_FOOTPRINT", "building_type": "office", "land_use_code": "05", "source_type": "agent_generated_design", "confidence": "medium", "geometry_role": "design_proposal", "area_sqm_declared": 4280.461}, "geometry": {"type": "Polygon", "coordinates": [[[116.35305757604313, 39.98759961150908], [116.35305293987359, 39.9880910674169], [116.3521346265863, 39.988085937998825], [116.35213926933555, 39.98759448217978], [116.35305757604313, 39.98759961150908]]]}}, {"type": "Feature", "id": "BLDG-075", "properties": {"id": "BLDG-075", "layer": "BUILDING_FOOTPRINT", "building_type": "office", "land_use_code": "05", "source_type": "agent_generated_design", "confidence": "medium", "geometry_role": "design_proposal", "area_sqm_declared": 3292.15}, "geometry": {"type": "Polygon", "coordinates": [[[116.35239863097735, 40.02102873698946], [116.35239200945895, 40.021729098299105], [116.35189615659672, 40.02172632612955], [116.35190278318416, 40.02102596488827], [116.35239863097735, 40.02102873698946]]]}}, {"type": "Feature", "id": "BLDG-076", "properties": {"id": "BLDG-076", "layer": "BUILDING_FOOTPRINT", "building_type": "office", "land_use_code": "05", "source_type": "agent_generated_design", "confidence": "medium", "geometry_role": "design_proposal", "area_sqm_declared": 6923.883}, "geometry": {"type": "Polygon", "coordinates": [[[116.35256671963961, 40.0243123890889], [116.35255935384755, 40.02509158236009], [116.35162196247721, 40.02508634113871], [116.35162933893193, 40.02430714801131], [116.35256671963961, 40.0243123890889]]]}}, {"type": "Feature", "id": "BLDG-077", "properties": {"id": "BLDG-077", "layer": "BUILDING_FOOTPRINT", "building_type": "office", "land_use_code": "05", "source_type": "agent_generated_design", "confidence": "medium", "geometry_role": "design_proposal", "area_sqm_declared": 2787.899}, "geometry": {"type": "Polygon", "coordinates": [[[116.3524543170682, 40.017681077036826], [116.35245149677316, 40.0179794452252], [116.35146590674842, 40.01797393362471], [116.35146873133529, 40.017675565494244], [116.3524543170682, 40.017681077036826]]]}}, {"type": "Feature", "id": "BLDG-078", "properties": {"id": "BLDG-078", "layer": "BUILDING_FOOTPRINT", "building_type": "office", "land_use_code": "05", "source_type": "agent_generated_design", "confidence": "medium", "geometry_role": "design_proposal", "area_sqm_declared": 6850.734}, "geometry": {"type": "Polygon", "coordinates": [[[116.35241835082084, 40.02370644643442], [116.35241153656037, 40.02442714712999], [116.35140878249203, 40.02442153890752], [116.3514156073022, 40.02370083835425], [116.35241835082084, 40.02370644643442]]]}}, {"type": "Feature", "id": "BLDG-079", "properties": {"id": "BLDG-079", "layer": "BUILDING_FOOTPRINT", "building_type": "office", "land_use_code": "05", "source_type": "agent_generated_design", "confidence": "medium", "geometry_role": "design_proposal", "area_sqm_declared": 5204.588}, "geometry": {"type": "Polygon", "coordinates": [[[116.35296635219774, 40.02408449095208], [116.35296038364656, 40.02471627399069], [116.35209135804541, 40.024711418296825], [116.35209733461146, 40.02407963536623], [116.35296635219774, 40.02408449095208]]]}}, {"type": "Feature", "id": "BLDG-080", "properties": {"id": "BLDG-080", "layer": "BUILDING_FOOTPRINT", "building_type": "office", "land_use_code": "05", "source_type": "agent_generated_design", "confidence": "medium", "geometry_role": "design_proposal", "area_sqm_declared": 4336.733}, "geometry": {"type": "Polygon", "coordinates": [[[116.35247880731484, 40.02156512927782], [116.35247412137296, 40.02206081815502], [116.35155122931958, 40.02205565747629], [116.351555921939, 40.021559968689175], [116.35247880731484, 40.02156512927782]]]}}, {"type": "Feature", "id": "BLDG-081", "properties": {"id": "BLDG-081", "layer": "BUILDING_FOOTPRINT", "building_type": "office", "land_use_code": "05", "source_type": "agent_generated_design", "confidence": "medium", "geometry_role": "design_proposal", "area_sqm_declared": 4304.837}, "geometry": {"type": "Polygon", "coordinates": [[[116.35230377419079, 40.024860856602906], [116.35229760306588, 40.02551339583073], [116.35160166724873, 40.02550950379902], [116.35160784500316, 40.02485696466063], [116.35230377419079, 40.024860856602906]]]}}, {"type": "Feature", "id": "BLDG-082", "properties": {"id": "BLDG-082", "layer": "BUILDING_FOOTPRINT", "building_type": "office", "land_use_code": "05", "source_type": "agent_generated_design", "confidence": "medium", "geometry_role": "design_proposal", "area_sqm_declared": 2911.707}, "geometry": {"type": "Polygon", "coordinates": [[[116.35270477340937, 40.020181732421484], [116.35270071016342, 40.020611723120076], [116.35198641623482, 40.02060773096643], [116.35199048396377, 40.02017774032828], [116.35270477340937, 40.020181732421484]]]}}, {"type": "Feature", "id": "BLDG-083", "properties": {"id": "BLDG-083", "layer": "BUILDING_FOOTPRINT", "building_type": "office", "land_use_code": "05", "source_type": "agent_generated_design", "confidence": "medium", "geometry_role": "design_proposal", "area_sqm_declared": 5691.61}, "geometry": {"type": "Polygon", "coordinates": [[[116.35293205426157, 40.02206579558922], [116.35292616725611, 40.022688958679254], [116.3519627046248, 40.02268357470549], [116.35196860039423, 40.02206041173359], [116.35293205426157, 40.02206579558922]]]}}, {"type": "Feature", "id": "BLDG-084", "properties": {"id": "BLDG-084", "layer": "BUILDING_FOOTPRINT", "building_type": "office", "land_use_code": "05", "source_type": "agent_generated_design", "confidence": "medium", "geometry_role": "design_proposal", "area_sqm_declared": 3156.677}, "geometry": {"type": "Polygon", "coordinates": [[[116.35203192722612, 40.01830131965275], [116.35202602193755, 40.018925633192715], [116.35149268074792, 40.018922649716224], [116.35149859089626, 40.01829833624185], [116.35203192722612, 40.01830131965275]]]}}, {"type": "Feature", "id": "BLDG-085", "properties": {"id": "BLDG-085", "layer": "BUILDING_FOOTPRINT", "building_type": "office", "land_use_code": "05", "source_type": "agent_generated_design", "confidence": "medium", "geometry_role": "design_proposal", "area_sqm_declared": 5791.54}, "geometry": {"type": "Polygon", "coordinates": [[[116.35287960336048, 40.02156427250653], [116.35287349745036, 40.022210566292785], [116.35192821301744, 40.022205283561185], [116.35193432784524, 40.02155898989515], [116.35287960336048, 40.02156427250653]]]}}, {"type": "Feature", "id": "BLDG-086", "properties": {"id": "BLDG-086", "layer": "BUILDING_FOOTPRINT", "building_type": "office", "land_use_code": "05", "source_type": "agent_generated_design", "confidence": "medium", "geometry_role": "design_proposal", "area_sqm_declared": 1920.124}, "geometry": {"type": "Polygon", "coordinates": [[[116.35185316766433, 40.01825723693818], [116.35184940706772, 40.018654704530505], [116.35133983748568, 40.01865185331109], [116.35134360103834, 40.01825438575868], [116.35185316766433, 40.01825723693818]]]}}, {"type": "Feature", "id": "BLDG-087", "properties": {"id": "BLDG-087", "layer": "BUILDING_FOOTPRINT", "building_type": "office", "land_use_code": "05", "source_type": "agent_generated_design", "confidence": "medium", "geometry_role": "design_proposal", "area_sqm_declared": 2763.104}, "geometry": {"type": "Polygon", "coordinates": [[[116.35246845920838, 40.017942816973395], [116.35246365263535, 40.01845132367114], [116.35189049326709, 40.018448119529694], [116.35189530409387, 40.01793961288932], [116.35246845920838, 40.017942816973395]]]}}, {"type": "Feature", "id": "BLDG-088", "properties": {"id": "BLDG-088", "layer": "BUILDING_FOOTPRINT", "building_type": "residential", "land_use_code": "0701", "source_type": "agent_generated_design", "confidence": "medium", "geometry_role": "design_proposal", "area_sqm_declared": 5232.562}, "geometry": {"type": "Polygon", "coordinates": [[[116.3533777190951, 39.94063310789868], [116.3533720454592, 39.9412358423076], [116.35245734202005, 39.94123073704139], [116.35246302368036, 39.94062800274085], [116.3533777190951, 39.94063310789868]]]}}, {"type": "Feature", "id": "BLDG-089", "properties": {"id": "BLDG-089", "layer": "BUILDING_FOOTPRINT", "building_type": "residential", "land_use_code": "0701", "source_type": "agent_generated_design", "confidence": "medium", "geometry_role": "design_proposal", "area_sqm_declared": 5041.258}, "geometry": {"type": "Polygon", "coordinates": [[[116.35365614870848, 39.94461605522887], [116.35365045886127, 39.945220686538875], [116.35277191144324, 39.9452157851991], [116.35277760902305, 39.944611153993506], [116.35365614870848, 39.94461605522887]]]}}, {"type": "Feature", "id": "BLDG-090", "properties": {"id": "BLDG-090", "layer": "BUILDING_FOOTPRINT", "building_type": "residential", "land_use_code": "0701", "source_type": "agent_generated_design", "confidence": "medium", "geometry_role": "design_proposal", "area_sqm_declared": 3125.636}, "geometry": {"type": "Polygon", "coordinates": [[[116.35243490691961, 39.941796258914685], [116.35242727673038, 39.94260562833761], [116.35202037274118, 39.94260335482618], [116.35202800772403, 39.94179398546808], [116.35243490691961, 39.941796258914685]]]}}, {"type": "Feature", "id": "BLDG-091", "properties": {"id": "BLDG-091", "layer": "BUILDING_FOOTPRINT", "building_type": "residential", "land_use_code": "0701", "source_type": "agent_generated_design", "confidence": "medium", "geometry_role": "design_proposal", "area_sqm_declared": 5793.067}, "geometry": {"type": "Polygon", "coordinates": [[[116.35304057988013, 39.9474032820858], [116.35303340727211, 39.94816467513077], [116.35223166488217, 39.94816019819712], [116.35223884637719, 39.947398805272215], [116.35304057988013, 39.9474032820858]]]}}, {"type": "Feature", "id": "BLDG-092", "properties": {"id": "BLDG-092", "layer": "BUILDING_FOOTPRINT", "building_type": "residential", "land_use_code": "0701", "source_type": "agent_generated_design", "confidence": "medium", "geometry_role": "design_proposal", "area_sqm_declared": 3724.19}, "geometry": {"type": "Polygon", "coordinates": [[[116.35296529769735, 39.94552323571567], [116.35295842285271, 39.946252984782255], [116.35242067145775, 39.94624998227519], [116.35242755201506, 39.9455202332858], [116.35296529769735, 39.94552323571567]]]}}, {"type": "Feature", "id": "BLDG-093", "properties": {"id": "BLDG-093", "layer": "BUILDING_FOOTPRINT", "building_type": "residential", "land_use_code": "0701", "source_type": "agent_generated_design", "confidence": "medium", "geometry_role": "design_proposal", "area_sqm_declared": 3889.892}, "geometry": {"type": "Polygon", "coordinates": [[[116.3537585144636, 39.940147342851304], [116.3537535381241, 39.94067632216337], [116.35297874201805, 39.94067200079882], [116.35298372432278, 39.94014302156729], [116.3537585144636, 39.940147342851304]]]}}, {"type": "Feature", "id": "BLDG-094", "properties": {"id": "BLDG-094", "layer": "BUILDING_FOOTPRINT", "building_type": "residential", "land_use_code": "0701", "source_type": "agent_generated_design", "confidence": "medium", "geometry_role": "design_proposal", "area_sqm_declared": 1633.188}, "geometry": {"type": "Polygon", "coordinates": [[[116.35302182391541, 39.94218397700067], [116.35301870987425, 39.94251459682584], [116.35249822597395, 39.94251169110675], [116.35250134251991, 39.9421810713154], [116.35302182391541, 39.94218397700067]]]}}, {"type": "Feature", "id": "BLDG-095", "properties": {"id": "BLDG-095", "layer": "BUILDING_FOOTPRINT", "building_type": "residential", "land_use_code": "0701", "source_type": "agent_generated_design", "confidence": "medium", "geometry_role": "design_proposal", "area_sqm_declared": 2459.718}, "geometry": {"type": "Polygon", "coordinates": [[[116.35377859429981, 39.94838315454167], [116.35377438725857, 39.94883024212114], [116.35319464862856, 39.948827009105315], [116.35319885944337, 39.94837992157676], [116.35377859429981, 39.94838315454167]]]}}, {"type": "Feature", "id": "BLDG-096", "properties": {"id": "BLDG-096", "layer": "BUILDING_FOOTPRINT", "building_type": "residential", "land_use_code": "0701", "source_type": "agent_generated_design", "confidence": "medium", "geometry_role": "design_proposal", "area_sqm_declared": 5211.281}, "geometry": {"type": "Polygon", "coordinates": [[[116.35339849724969, 39.945360522282115], [116.35339291257512, 39.94595372539265], [116.3524672291615, 39.94594855881737], [116.35247282182975, 39.94535535581479], [116.35339849724969, 39.945360522282115]]]}}, {"type": "Feature", "id": "BLDG-097", "properties": {"id": "BLDG-097", "layer": "BUILDING_FOOTPRINT", "building_type": "residential", "land_use_code": "0701", "source_type": "agent_generated_design", "confidence": "medium", "geometry_role": "design_proposal", "area_sqm_declared": 3179.042}, "geometry": {"type": "Polygon", "coordinates": [[[116.34308249187993, 39.955330094475954], [116.34307738820901, 39.955863503211944], [116.3424493041969, 39.95585994234762], [116.34245441274659, 39.95532653367853], [116.34308249187993, 39.955330094475954]]]}}, {"type": "Feature", "id": "BLDG-098", "properties": {"id": "BLDG-098", "layer": "BUILDING_FOOTPRINT", "building_type": "residential", "land_use_code": "0701", "source_type": "agent_generated_design", "confidence": "medium", "geometry_role": "design_proposal", "area_sqm_declared": 2528.492}, "geometry": {"type": "Polygon", "coordinates": [[[116.34275941466512, 39.95456422012425], [116.34275419087854, 39.95510992901363], [116.34226590133517, 39.95510715964685], [116.34227112900199, 39.9545614508107], [116.34275941466512, 39.95456422012425]]]}}, {"type": "Feature", "id": "BLDG-099", "properties": {"id": "BLDG-099", "layer": "BUILDING_FOOTPRINT", "building_type": "residential", "land_use_code": "0701", "source_type": "agent_generated_design", "confidence": "medium", "geometry_role": "design_proposal", "area_sqm_declared": 5818.422}, "geometry": {"type": "Polygon", "coordinates": [[[116.34256732222623, 39.95640119027325], [116.34256085962764, 39.95707606952456], [116.34165226902903, 39.95707091316791], [116.34165874055746, 39.956396034039166], [116.34256732222623, 39.95640119027325]]]}}, {"type": "Feature", "id": "BLDG-100", "properties": {"id": "BLDG-100", "layer": "BUILDING_FOOTPRINT", "building_type": "residential", "land_use_code": "0701", "source_type": "agent_generated_design", "confidence": "medium", "geometry_role": "design_proposal", "area_sqm_declared": 5109.864}, "geometry": {"type": "Polygon", "coordinates": [[[116.34296249775846, 39.9502659222889], [116.34295667975252, 39.950873986875436], [116.34207113608132, 39.95086896461459], [116.34207696192719, 39.950260900135646], [116.34296249775846, 39.9502659222889]]]}}, {"type": "Feature", "id": "BLDG-101", "properties": {"id": "BLDG-101", "layer": "BUILDING_FOOTPRINT", "building_type": "residential", "land_use_code": "0701", "source_type": "agent_generated_design", "confidence": "medium", "geometry_role": "design_proposal", "area_sqm_declared": 2209.256}, "geometry": {"type": "Polygon", "coordinates": [[[116.34260342919364, 39.9571969580515], [116.34259758132583, 39.95780765915071], [116.34221633038258, 39.95780549648588], [116.34222218164119, 39.95719479543318], [116.34260342919364, 39.9571969580515]]]}}, {"type": "Feature", "id": "BLDG-102", "properties": {"id": "BLDG-102", "layer": "BUILDING_FOOTPRINT", "building_type": "residential", "land_use_code": "0701", "source_type": "agent_generated_design", "confidence": "medium", "geometry_role": "design_proposal", "area_sqm_declared": 3478.384}, "geometry": {"type": "Polygon", "coordinates": [[[116.34384334167986, 39.95120958398132], [116.34383768009137, 39.9518020754675], [116.34321902054839, 39.95179857220399], [116.34322468747396, 39.95120608079094], [116.34384334167986, 39.95120958398132]]]}}, {"type": "Feature", "id": "BLDG-103", "properties": {"id": "BLDG-103", "layer": "BUILDING_FOOTPRINT", "building_type": "residential", "land_use_code": "0701", "source_type": "agent_generated_design", "confidence": "medium", "geometry_role": "design_proposal", "area_sqm_declared": 2321.519}, "geometry": {"type": "Polygon", "coordinates": [[[116.34323167292384, 39.959906253286384], [116.343226507107, 39.96044619185172], [116.34277336101282, 39.960443623634944], [116.34277853039325, 39.95990368511845], [116.34323167292384, 39.959906253286384]]]}}, {"type": "Feature", "id": "BLDG-104", "properties": {"id": "BLDG-104", "layer": "BUILDING_FOOTPRINT", "building_type": "residential", "land_use_code": "0701", "source_type": "agent_generated_design", "confidence": "medium", "geometry_role": "design_proposal", "area_sqm_declared": 3368.938}, "geometry": {"type": "Polygon", "coordinates": [[[116.34542050618334, 39.95967086336189], [116.34541549109225, 39.96019680540707], [116.3447403971218, 39.96019299140358], [116.34474541738422, 39.95966704942905], [116.34542050618334, 39.95967086336189]]]}}, {"type": "Feature", "id": "BLDG-105", "properties": {"id": "BLDG-105", "layer": "BUILDING_FOOTPRINT", "building_type": "residential", "land_use_code": "0701", "source_type": "agent_generated_design", "confidence": "medium", "geometry_role": "design_proposal", "area_sqm_declared": 5054.399}, "geometry": {"type": "Polygon", "coordinates": [[[116.3440659459358, 39.95918620674333], [116.34405873750609, 39.95994061576143], [116.34335263149464, 39.95993661819954], [116.34335984768272, 39.959182209287675], [116.3440659459358, 39.95918620674333]]]}}, {"type": "Feature", "id": "BLDG-106", "properties": {"id": "BLDG-106", "layer": "BUILDING_FOOTPRINT", "building_type": "residential", "land_use_code": "0701", "source_type": "agent_generated_design", "confidence": "medium", "geometry_role": "design_proposal", "area_sqm_declared": 4805.229}, "geometry": {"type": "Polygon", "coordinates": [[[116.34464520002089, 39.96005440354063], [116.34463972619115, 39.96062776668687], [116.34375645113235, 39.960622769828085], [116.34376193233825, 39.96004940678275], [116.34464520002089, 39.96005440354063]]]}}, {"type": "Feature", "id": "BLDG-107", "properties": {"id": "BLDG-107", "layer": "BUILDING_FOOTPRINT", "building_type": "residential", "land_use_code": "0701", "source_type": "agent_generated_design", "confidence": "medium", "geometry_role": "design_proposal", "area_sqm_declared": 1378.98}, "geometry": {"type": "Polygon", "coordinates": [[[116.34198797491425, 39.95101676748702], [116.34198516554754, 39.951309945962066], [116.34148951123315, 39.95130713158667], [116.34149232271562, 39.95101395314068], [116.34198797491425, 39.95101676748702]]]}}, {"type": "Feature", "id": "BLDG-108", "properties": {"id": "BLDG-108", "layer": "BUILDING_FOOTPRINT", "building_type": "residential", "land_use_code": "0701", "source_type": "agent_generated_design", "confidence": "medium", "geometry_role": "design_proposal", "area_sqm_declared": 2907.716}, "geometry": {"type": "Polygon", "coordinates": [[[116.34398984896873, 39.951928813152115], [116.34398691366805, 39.952236058554874], [116.34298961397187, 39.95223041081816], [116.34299255373415, 39.95192316547653], [116.34398984896873, 39.951928813152115]]]}}, {"type": "Feature", "id": "BLDG-109", "properties": {"id": "BLDG-109", "layer": "BUILDING_FOOTPRINT", "building_type": "residential", "land_use_code": "0701", "source_type": "agent_generated_design", "confidence": "medium", "geometry_role": "design_proposal", "area_sqm_declared": 2453.523}, "geometry": {"type": "Polygon", "coordinates": [[[116.34613548281894, 39.96024229055319], [116.34613273408529, 39.960530866511554], [116.3452366654496, 39.960525808772246], [116.34523941794949, 39.96023723286529], [116.34613548281894, 39.96024229055319]]]}}, {"type": "Feature", "id": "BLDG-110", "properties": {"id": "BLDG-110", "layer": "BUILDING_FOOTPRINT", "building_type": "residential", "land_use_code": "0701", "source_type": "agent_generated_design", "confidence": "medium", "geometry_role": "design_proposal", "area_sqm_declared": 4631.323}, "geometry": {"type": "Polygon", "coordinates": [[[116.3427178661857, 39.9561390997444], [116.34271340247291, 39.956605351977615], [116.34166658669132, 39.956599411947565], [116.34167105751189, 39.956133159811905], [116.3427178661857, 39.9561390997444]]]}}, {"type": "Feature", "id": "BLDG-111", "properties": {"id": "BLDG-111", "layer": "BUILDING_FOOTPRINT", "building_type": "residential", "land_use_code": "0701", "source_type": "agent_generated_design", "confidence": "medium", "geometry_role": "design_proposal", "area_sqm_declared": 1625.194}, "geometry": {"type": "Polygon", "coordinates": [[[116.34328044382706, 39.953075264253634], [116.34327682177145, 39.95345396833706], [116.34282457872582, 39.95345140554561], [116.34282820327526, 39.953072701496374], [116.34328044382706, 39.953075264253634]]]}}, {"type": "Feature", "id": "BLDG-112", "properties": {"id": "BLDG-112", "layer": "BUILDING_FOOTPRINT", "building_type": "residential", "land_use_code": "0701", "source_type": "agent_generated_design", "confidence": "medium", "geometry_role": "design_proposal", "area_sqm_declared": 3332.09}, "geometry": {"type": "Polygon", "coordinates": [[[116.3423757239897, 39.95584027641719], [116.34236839616611, 39.95660530035183], [116.34190938011584, 39.95660269551814], [116.34191671305322, 39.95583767165371], [116.3423757239897, 39.95584027641719]]]}}, {"type": "Feature", "id": "BLDG-113", "properties": {"id": "BLDG-113", "layer": "BUILDING_FOOTPRINT", "building_type": "residential", "land_use_code": "0701", "source_type": "agent_generated_design", "confidence": "medium", "geometry_role": "design_proposal", "area_sqm_declared": 6710.976}, "geometry": {"type": "Polygon", "coordinates": [[[116.34348105154683, 39.95708878265509], [116.34347417717932, 39.95780764314354], [116.34249031364273, 39.95780206701197], [116.34249719831027, 39.9570832066647], [116.34348105154683, 39.95708878265509]]]}}, {"type": "Feature", "id": "BLDG-114", "properties": {"id": "BLDG-114", "layer": "BUILDING_FOOTPRINT", "building_type": "residential", "land_use_code": "0701", "source_type": "agent_generated_design", "confidence": "medium", "geometry_role": "design_proposal", "area_sqm_declared": 4343.558}, "geometry": {"type": "Polygon", "coordinates": [[[116.34549471019156, 39.95136199606037], [116.34548774851439, 39.95209237512017], [116.34486105415533, 39.95208883525093], [116.34486802249714, 39.95135845628221], [116.34549471019156, 39.95136199606037]]]}}, {"type": "Feature", "id": "BLDG-115", "properties": {"id": "BLDG-115", "layer": "BUILDING_FOOTPRINT", "building_type": "residential", "land_use_code": "0701", "source_type": "agent_generated_design", "confidence": "medium", "geometry_role": "design_proposal", "area_sqm_declared": 5436.929}, "geometry": {"type": "Polygon", "coordinates": [[[116.34428844124137, 39.95789031082397], [116.34428160496378, 39.95860604817891], [116.3434810356534, 39.95860151707061], [116.34348788027597, 39.9578857798299], [116.34428844124137, 39.95789031082397]]]}}, {"type": "Feature", "id": "BLDG-116", "properties": {"id": "BLDG-116", "layer": "BUILDING_FOOTPRINT", "building_type": "residential", "land_use_code": "0701", "source_type": "agent_generated_design", "confidence": "medium", "geometry_role": "design_proposal", "area_sqm_declared": 6382.028}, "geometry": {"type": "Polygon", "coordinates": [[[116.34423705146145, 39.952518472898], [116.34422971912862, 39.953286231240156], [116.34335372771973, 39.9532812727372], [116.34336106984554, 39.952513514529144], [116.34423705146145, 39.952518472898]]]}}, {"type": "Feature", "id": "BLDG-117", "properties": {"id": "BLDG-117", "layer": "BUILDING_FOOTPRINT", "building_type": "residential", "land_use_code": "0701", "source_type": "agent_generated_design", "confidence": "medium", "geometry_role": "design_proposal", "area_sqm_declared": 2354.076}, "geometry": {"type": "Polygon", "coordinates": [[[116.34436361724146, 39.95614015781041], [116.34436048642587, 39.95646800581177], [116.34360376951865, 39.9564637236157], [116.3436069039471, 39.95613587566379], [116.34436361724146, 39.95614015781041]]]}}, {"type": "Feature", "id": "BLDG-118", "properties": {"id": "BLDG-118", "layer": "BUILDING_FOOTPRINT", "building_type": "residential", "land_use_code": "0701", "source_type": "agent_generated_design", "confidence": "medium", "geometry_role": "design_proposal", "area_sqm_declared": 5962.877}, "geometry": {"type": "Polygon", "coordinates": [[[116.3432186872471, 39.95533386766115], [116.34321217752482, 39.956014367958865], [116.34228873448755, 39.95600913247634], [116.3422952533609, 39.95532863230413], [116.3432186872471, 39.95533386766115]]]}}, {"type": "Feature", "id": "BLDG-119", "properties": {"id": "BLDG-119", "layer": "BUILDING_FOOTPRINT", "building_type": "residential", "land_use_code": "0701", "source_type": "agent_generated_design", "confidence": "medium", "geometry_role": "design_proposal", "area_sqm_declared": 2524.729}, "geometry": {"type": "Polygon", "coordinates": [[[116.34518247607204, 39.95267986266774], [116.34517817198726, 39.95313118911215], [116.34458866520445, 39.95312785779522], [116.34459297316333, 39.952676531403775], [116.34518247607204, 39.95267986266774]]]}}, {"type": "Feature", "id": "BLDG-120", "properties": {"id": "BLDG-120", "layer": "BUILDING_FOOTPRINT", "building_type": "residential", "land_use_code": "0701", "source_type": "agent_generated_design", "confidence": "medium", "geometry_role": "design_proposal", "area_sqm_declared": 1994.109}, "geometry": {"type": "Polygon", "coordinates": [[[116.3431939015329, 39.95377892167286], [116.34319025378626, 39.95416025205587], [116.34263916895905, 39.95415712848336], [116.34264281976571, 39.95377579814231], [116.3431939015329, 39.95377892167286]]]}}, {"type": "Feature", "id": "BLDG-121", "properties": {"id": "BLDG-121", "layer": "BUILDING_FOOTPRINT", "building_type": "residential", "land_use_code": "0701", "source_type": "agent_generated_design", "confidence": "medium", "geometry_role": "design_proposal", "area_sqm_declared": 3237.458}, "geometry": {"type": "Polygon", "coordinates": [[[116.34344962215532, 39.95752028389635], [116.34344371255276, 39.95813822030385], [116.34289156363344, 39.958135091828936], [116.34289747820499, 39.95751715548954], [116.34344962215532, 39.95752028389635]]]}}, {"type": "Feature", "id": "BLDG-122", "properties": {"id": "BLDG-122", "layer": "BUILDING_FOOTPRINT", "building_type": "residential", "land_use_code": "0701", "source_type": "agent_generated_design", "confidence": "medium", "geometry_role": "design_proposal", "area_sqm_declared": 5277.951}, "geometry": {"type": "Polygon", "coordinates": [[[116.34253170434366, 39.957309994983625], [116.34252581158732, 39.957925314168826], [116.34162183075092, 39.9579201836912], [116.34162773160797, 39.9573048646172], [116.34253170434366, 39.957309994983625]]]}}, {"type": "Feature", "id": "BLDG-123", "properties": {"id": "BLDG-123", "layer": "BUILDING_FOOTPRINT", "building_type": "residential", "land_use_code": "0701", "source_type": "agent_generated_design", "confidence": "medium", "geometry_role": "design_proposal", "area_sqm_declared": 3200.681}, "geometry": {"type": "Polygon", "coordinates": [[[116.34512163692627, 39.976867652173986], [116.3451175869482, 39.9772919286416], [116.34432232664453, 39.97728743282446], [116.34432638153984, 39.97686315642402], [116.34512163692627, 39.976867652173986]]]}}, {"type": "Feature", "id": "BLDG-124", "properties": {"id": "BLDG-124", "layer": "BUILDING_FOOTPRINT", "building_type": "residential", "land_use_code": "0701", "source_type": "agent_generated_design", "confidence": "medium", "geometry_role": "design_proposal", "area_sqm_declared": 4342.267}, "geometry": {"type": "Polygon", "coordinates": [[[116.34564292831224, 39.97985217172633], [116.34563791682866, 39.98037753687124], [116.34476657105137, 39.980372614456456], [116.34477158920704, 39.97984724940261], [116.34564292831224, 39.97985217172633]]]}}, {"type": "Feature", "id": "BLDG-125", "properties": {"id": "BLDG-125", "layer": "BUILDING_FOOTPRINT", "building_type": "residential", "land_use_code": "0701", "source_type": "agent_generated_design", "confidence": "medium", "geometry_role": "design_proposal", "area_sqm_declared": 3860.578}, "geometry": {"type": "Polygon", "coordinates": [[[116.34258266871325, 39.981143142277475], [116.34257876374505, 39.98155058565467], [116.34157985180569, 39.98154491563568], [116.3415837627062, 39.981137472339846], [116.34258266871325, 39.981143142277475]]]}}, {"type": "Feature", "id": "BLDG-126", "properties": {"id": "BLDG-126", "layer": "BUILDING_FOOTPRINT", "building_type": "residential", "land_use_code": "0701", "source_type": "agent_generated_design", "confidence": "medium", "geometry_role": "design_proposal", "area_sqm_declared": 2641.391}, "geometry": {"type": "Polygon", "coordinates": [[[116.3423829564633, 39.97580270528604], [116.3423756202879, 39.97656806594715], [116.34201180789616, 39.97656600129856], [116.34201914812938, 39.975800640693116], [116.3423829564633, 39.97580270528604]]]}}, {"type": "Feature", "id": "BLDG-127", "properties": {"id": "BLDG-127", "layer": "BUILDING_FOOTPRINT", "building_type": "residential", "land_use_code": "0701", "source_type": "agent_generated_design", "confidence": "medium", "geometry_role": "design_proposal", "area_sqm_declared": 2787.583}, "geometry": {"type": "Polygon", "coordinates": [[[116.34522580328309, 39.98222670640533], [116.34522260607854, 39.98256163635771], [116.34434515551754, 39.982556676222686], [116.34434835700584, 39.98222174632882], [116.34522580328309, 39.98222670640533]]]}}, {"type": "Feature", "id": "BLDG-128", "properties": {"id": "BLDG-128", "layer": "BUILDING_FOOTPRINT", "building_type": "residential", "land_use_code": "0701", "source_type": "agent_generated_design", "confidence": "medium", "geometry_role": "design_proposal", "area_sqm_declared": 3518.137}, "geometry": {"type": "Polygon", "coordinates": [[[116.34515470128034, 39.978368833548075], [116.34514787208974, 39.979084253553516], [116.34462945565282, 39.97908132353081], [116.34463629024884, 39.9783659035992], [116.34515470128034, 39.978368833548075]]]}}, {"type": "Feature", "id": "BLDG-129", "properties": {"id": "BLDG-129", "layer": "BUILDING_FOOTPRINT", "building_type": "residential", "land_use_code": "0701", "source_type": "agent_generated_design", "confidence": "medium", "geometry_role": "design_proposal", "area_sqm_declared": 5092.125}, "geometry": {"type": "Polygon", "coordinates": [[[116.34578505527394, 39.98182564064852], [116.345778895254, 39.98247150247957], [116.34494769083695, 39.98246680792713], [116.34495385868199, 39.981820946202866], [116.34578505527394, 39.98182564064852]]]}}, {"type": "Feature", "id": "BLDG-130", "properties": {"id": "BLDG-130", "layer": "BUILDING_FOOTPRINT", "building_type": "residential", "land_use_code": "0701", "source_type": "agent_generated_design", "confidence": "medium", "geometry_role": "design_proposal", "area_sqm_declared": 7764.304}, "geometry": {"type": "Polygon", "coordinates": [[[116.34558813124731, 39.98169628864811], [116.34558070738599, 39.982474427663796], [116.34452876068154, 39.98246848358213], [116.34453619647428, 39.981690344729344], [116.34558813124731, 39.98169628864811]]]}}, {"type": "Feature", "id": "BLDG-131", "properties": {"id": "BLDG-131", "layer": "BUILDING_FOOTPRINT", "building_type": "residential", "land_use_code": "0701", "source_type": "agent_generated_design", "confidence": "medium", "geometry_role": "design_proposal", "area_sqm_declared": 3918.566}, "geometry": {"type": "Polygon", "coordinates": [[[116.34182017687948, 39.97562100959714], [116.34181303590297, 39.976365373893366], [116.34125808930473, 39.97636222140381], [116.34126523630107, 39.97561785719023], [116.34182017687948, 39.97562100959714]]]}}, {"type": "Feature", "id": "BLDG-132", "properties": {"id": "BLDG-132", "layer": "BUILDING_FOOTPRINT", "building_type": "residential", "land_use_code": "0701", "source_type": "agent_generated_design", "confidence": "medium", "geometry_role": "design_proposal", "area_sqm_declared": 1731.355}, "geometry": {"type": "Polygon", "coordinates": [[[116.34386929622126, 39.97586093372304], [116.34386589448648, 39.976216633202796], [116.34335278285498, 39.97621372754893], [116.34335618724954, 39.97585802810556], [116.34386929622126, 39.97586093372304]]]}}, {"type": "Feature", "id": "BLDG-133", "properties": {"id": "BLDG-133", "layer": "BUILDING_FOOTPRINT", "building_type": "residential", "land_use_code": "0701", "source_type": "agent_generated_design", "confidence": "medium", "geometry_role": "design_proposal", "area_sqm_declared": 2488.465}, "geometry": {"type": "Polygon", "coordinates": [[[116.34396182336253, 39.98164881391396], [116.34395779484744, 39.98207002414865], [116.34333495229093, 39.982066497183155], [116.34333898463002, 39.98164528700078], [116.34396182336253, 39.98164881391396]]]}}, {"type": "Feature", "id": "BLDG-134", "properties": {"id": "BLDG-134", "layer": "BUILDING_FOOTPRINT", "building_type": "residential", "land_use_code": "0701", "source_type": "agent_generated_design", "confidence": "medium", "geometry_role": "design_proposal", "area_sqm_declared": 1839.31}, "geometry": {"type": "Polygon", "coordinates": [[[116.3441779182274, 39.98252838908449], [116.3441746037262, 39.98287504803331], [116.34361522868303, 39.982871881648904], [116.34361854601076, 39.98252522273875], [116.3441779182274, 39.98252838908449]]]}}, {"type": "Feature", "id": "BLDG-135", "properties": {"id": "BLDG-135", "layer": "BUILDING_FOOTPRINT", "building_type": "residential", "land_use_code": "0701", "source_type": "agent_generated_design", "confidence": "medium", "geometry_role": "design_proposal", "area_sqm_declared": 4738.385}, "geometry": {"type": "Polygon", "coordinates": [[[116.34264747489632, 39.97920746637043], [116.3426412228552, 39.9798599079592], [116.34187559048273, 39.979855563308185], [116.34188184980437, 39.97920312181925], [116.34264747489632, 39.97920746637043]]]}}, {"type": "Feature", "id": "BLDG-136", "properties": {"id": "BLDG-136", "layer": "BUILDING_FOOTPRINT", "building_type": "residential", "land_use_code": "0701", "source_type": "agent_generated_design", "confidence": "medium", "geometry_role": "design_proposal", "area_sqm_declared": 2201.907}, "geometry": {"type": "Polygon", "coordinates": [[[116.34325074960103, 39.980400749167146], [116.34324719534327, 39.98077198693163], [116.34262190140832, 39.98076844227218], [116.34262545904951, 39.98039720455405], [116.34325074960103, 39.980400749167146]]]}}, {"type": "Feature", "id": "BLDG-137", "properties": {"id": "BLDG-137", "layer": "BUILDING_FOOTPRINT", "building_type": "residential", "land_use_code": "0701", "source_type": "agent_generated_design", "confidence": "medium", "geometry_role": "design_proposal", "area_sqm_declared": 1435.582}, "geometry": {"type": "Polygon", "coordinates": [[[116.3445198632129, 39.982893523167284], [116.34451702580452, 39.98319043500055], [116.3440072805989, 39.98318755115926], [116.34401012021345, 39.98289063935614], [116.3445198632129, 39.982893523167284]]]}}, {"type": "Feature", "id": "BLDG-138", "properties": {"id": "BLDG-138", "layer": "BUILDING_FOOTPRINT", "building_type": "residential", "land_use_code": "0701", "source_type": "agent_generated_design", "confidence": "medium", "geometry_role": "design_proposal", "area_sqm_declared": 2159.811}, "geometry": {"type": "Polygon", "coordinates": [[[116.34318294632807, 39.978425113240206], [116.34317983738013, 39.978749828619144], [116.34247864449411, 39.978745853116216], [116.34248175676045, 39.97842113778273], [116.34318294632807, 39.978425113240206]]]}}, {"type": "Feature", "id": "BLDG-139", "properties": {"id": "BLDG-139", "layer": "BUILDING_FOOTPRINT", "building_type": "residential", "land_use_code": "0701", "source_type": "agent_generated_design", "confidence": "medium", "geometry_role": "design_proposal", "area_sqm_declared": 1661.657}, "geometry": {"type": "Polygon", "coordinates": [[[116.34569137168918, 39.97763310639944], [116.34568818948321, 39.977966756879546], [116.34516317684047, 39.97796379202866], [116.34516636159938, 39.97763014158339], [116.34569137168918, 39.97763310639944]]]}}, {"type": "Feature", "id": "BLDG-140", "properties": {"id": "BLDG-140", "layer": "BUILDING_FOOTPRINT", "building_type": "residential", "land_use_code": "0701", "source_type": "agent_generated_design", "confidence": "medium", "geometry_role": "design_proposal", "area_sqm_declared": 4654.386}, "geometry": {"type": "Polygon", "coordinates": [[[116.34403600838375, 39.982331307426605], [116.34403118356511, 39.982835820683434], [116.34305857015228, 39.98283031219606], [116.34306340212348, 39.9823257990371], [116.34403600838375, 39.982331307426605]]]}}, {"type": "Feature", "id": "BLDG-141", "properties": {"id": "BLDG-141", "layer": "BUILDING_FOOTPRINT", "building_type": "residential", "land_use_code": "0701", "source_type": "agent_generated_design", "confidence": "medium", "geometry_role": "design_proposal", "area_sqm_declared": 3616.175}, "geometry": {"type": "Polygon", "coordinates": [[[116.34314390096023, 39.977501284337826], [116.34313750841879, 39.97816893253366], [116.34256652593152, 39.97816569539888], [116.34257292402877, 39.97749804727916], [116.34314390096023, 39.977501284337826]]]}}, {"type": "Feature", "id": "BLDG-142", "properties": {"id": "BLDG-142", "layer": "BUILDING_FOOTPRINT", "building_type": "residential", "land_use_code": "0701", "source_type": "agent_generated_design", "confidence": "medium", "geometry_role": "design_proposal", "area_sqm_declared": 3817.618}, "geometry": {"type": "Polygon", "coordinates": [[[116.34266998742791, 39.9756416159129], [116.34266532553804, 39.97612819515813], [116.3418382462689, 39.976123501880096], [116.34184291402347, 39.975636922715296], [116.34266998742791, 39.9756416159129]]]}}, {"type": "Feature", "id": "BLDG-143", "properties": {"id": "BLDG-143", "layer": "BUILDING_FOOTPRINT", "building_type": "residential", "land_use_code": "0701", "source_type": "agent_generated_design", "confidence": "medium", "geometry_role": "design_proposal", "area_sqm_declared": 2298.589}, "geometry": {"type": "Polygon", "coordinates": [[[116.34468114866857, 39.99839854061637], [116.34467759164646, 39.99877063988776], [116.3440261841591, 39.99876695476078], [116.34402974471637, 39.9983948555377], [116.34468114866857, 39.99839854061637]]]}}, {"type": "Feature", "id": "BLDG-144", "properties": {"id": "BLDG-144", "layer": "BUILDING_FOOTPRINT", "building_type": "residential", "land_use_code": "0701", "source_type": "agent_generated_design", "confidence": "medium", "geometry_role": "design_proposal", "area_sqm_declared": 1788.963}, "geometry": {"type": "Polygon", "coordinates": [[[116.34525103206444, 40.003141956788376], [116.34524821345674, 40.003437018150464], [116.3446088193095, 40.00343340406475], [116.34461164066921, 40.00313834274022], [116.34525103206444, 40.003141956788376]]]}}, {"type": "Feature", "id": "BLDG-145", "properties": {"id": "BLDG-145", "layer": "BUILDING_FOOTPRINT", "building_type": "residential", "land_use_code": "0701", "source_type": "agent_generated_design", "confidence": "medium", "geometry_role": "design_proposal", "area_sqm_declared": 3049.779}, "geometry": {"type": "Polygon", "coordinates": [[[116.34485284102396, 39.9997250117336], [116.34484638377485, 40.00040064311476], [116.34437037043688, 40.00039795125045], [116.3443768323768, 39.99972231993335], [116.34485284102396, 39.9997250117336]]]}}, {"type": "Feature", "id": "BLDG-146", "properties": {"id": "BLDG-146", "layer": "BUILDING_FOOTPRINT", "building_type": "residential", "land_use_code": "0701", "source_type": "agent_generated_design", "confidence": "medium", "geometry_role": "design_proposal", "area_sqm_declared": 5023.144}, "geometry": {"type": "Polygon", "coordinates": [[[116.34555549346288, 40.002609852397356], [116.34555022178978, 40.00316197256636], [116.34459077729062, 40.0031565506255], [116.34459605669082, 40.00260443056191], [116.34555549346288, 40.002609852397356]]]}}, {"type": "Feature", "id": "BLDG-147", "properties": {"id": "BLDG-147", "layer": "BUILDING_FOOTPRINT", "building_type": "residential", "land_use_code": "0701", "source_type": "agent_generated_design", "confidence": "medium", "geometry_role": "design_proposal", "area_sqm_declared": 2281.112}, "geometry": {"type": "Polygon", "coordinates": [[[116.34554793811344, 40.0028810461802], [116.3455436694884, 40.00332810543583], [116.34500557259034, 40.003325065527704], [116.34500984472443, 40.00287800631994], [116.34554793811344, 40.0028810461802]]]}}, {"type": "Feature", "id": "BLDG-148", "properties": {"id": "BLDG-148", "layer": "BUILDING_FOOTPRINT", "building_type": "residential", "land_use_code": "0701", "source_type": "agent_generated_design", "confidence": "medium", "geometry_role": "design_proposal", "area_sqm_declared": 2944.141}, "geometry": {"type": "Polygon", "coordinates": [[[116.3446309319129, 40.00187796293168], [116.34462463817688, 40.00253621259626], [116.34415296427282, 40.00253354434342], [116.34415926253769, 40.00187529474068], [116.3446309319129, 40.00187796293168]]]}}, {"type": "Feature", "id": "BLDG-149", "properties": {"id": "BLDG-149", "layer": "BUILDING_FOOTPRINT", "building_type": "residential", "land_use_code": "0701", "source_type": "agent_generated_design", "confidence": "medium", "geometry_role": "design_proposal", "area_sqm_declared": 5489.593}, "geometry": {"type": "Polygon", "coordinates": [[[116.34457373206024, 39.9965158326912], [116.34456618641717, 39.99730509589987], [116.343832755275, 39.99730094582276], [116.34384030936017, 39.99651168272944], [116.34457373206024, 39.9965158326912]]]}}, {"type": "Feature", "id": "BLDG-150", "properties": {"id": "BLDG-150", "layer": "BUILDING_FOOTPRINT", "building_type": "residential", "land_use_code": "0701", "source_type": "agent_generated_design", "confidence": "medium", "geometry_role": "design_proposal", "area_sqm_declared": 2712.174}, "geometry": {"type": "Polygon", "coordinates": [[[116.34401086655342, 39.99809434255012], [116.34400540089123, 39.998665523278916], [116.34350468256548, 39.998662688050054], [116.34351015239885, 39.99809150737829], [116.34401086655342, 39.99809434255012]]]}}, {"type": "Feature", "id": "BLDG-151", "properties": {"id": "BLDG-151", "layer": "BUILDING_FOOTPRINT", "building_type": "residential", "land_use_code": "0701", "source_type": "agent_generated_design", "confidence": "medium", "geometry_role": "design_proposal", "area_sqm_declared": 1943.351}, "geometry": {"type": "Polygon", "coordinates": [[[116.34560509354972, 39.99992723695692], [116.3456008020187, 40.000376781637904], [116.34514493430653, 40.000374206705196], [116.3451492288266, 39.99992466206497], [116.34560509354972, 39.99992723695692]]]}}, {"type": "Feature", "id": "BLDG-152", "properties": {"id": "BLDG-152", "layer": "BUILDING_FOOTPRINT", "building_type": "residential", "land_use_code": "0701", "source_type": "agent_generated_design", "confidence": "medium", "geometry_role": "design_proposal", "area_sqm_declared": 5425.089}, "geometry": {"type": "Polygon", "coordinates": [[[116.34484916223104, 39.99595119505321], [116.34484281927901, 39.996614952906064], [116.34398096470372, 39.99661007775261], [116.34398731599839, 39.99594632001371], [116.34484916223104, 39.99595119505321]]]}}, {"type": "Feature", "id": "BLDG-153", "properties": {"id": "BLDG-153", "layer": "BUILDING_FOOTPRINT", "building_type": "residential", "land_use_code": "0701", "source_type": "agent_generated_design", "confidence": "medium", "geometry_role": "design_proposal", "area_sqm_declared": 1421.8}, "geometry": {"type": "Polygon", "coordinates": [[[116.34422522256156, 40.002551578413126], [116.34422234415521, 40.002852434583446], [116.3437239701005, 40.00284961349529], [116.34372685069397, 40.00254875735486], [116.34422522256156, 40.002551578413126]]]}}, {"type": "Feature", "id": "BLDG-154", "properties": {"id": "BLDG-154", "layer": "BUILDING_FOOTPRINT", "building_type": "residential", "land_use_code": "0701", "source_type": "agent_generated_design", "confidence": "medium", "geometry_role": "design_proposal", "area_sqm_declared": 1922.69}, "geometry": {"type": "Polygon", "coordinates": [[[116.34568270556541, 39.997640381851355], [116.34567829912373, 39.9981020557649], [116.3452391417407, 39.99809957557859], [116.34524355113932, 39.99763790170535], [116.34568270556541, 39.997640381851355]]]}}, {"type": "Feature", "id": "BLDG-155", "properties": {"id": "BLDG-155", "layer": "BUILDING_FOOTPRINT", "building_type": "residential", "land_use_code": "0701", "source_type": "agent_generated_design", "confidence": "medium", "geometry_role": "design_proposal", "area_sqm_declared": 3523.837}, "geometry": {"type": "Polygon", "coordinates": [[[116.34513089774781, 39.993838327916684], [116.34512443976804, 39.99451446419667], [116.3445748921783, 39.99451135774953], [116.34458135557644, 39.993835221543506], [116.34513089774781, 39.993838327916684]]]}}, {"type": "Feature", "id": "BLDG-156", "properties": {"id": "BLDG-156", "layer": "BUILDING_FOOTPRINT", "building_type": "residential", "land_use_code": "0701", "source_type": "agent_generated_design", "confidence": "medium", "geometry_role": "design_proposal", "area_sqm_declared": 5177.927}, "geometry": {"type": "Polygon", "coordinates": [[[116.34489747645698, 39.99626844865549], [116.34489191568102, 39.996850393287644], [116.34395367877957, 39.996845086151836], [116.34395924751821, 39.99626314162843], [116.34489747645698, 39.99626844865549]]]}}, {"type": "Feature", "id": "BLDG-157", "properties": {"id": "BLDG-157", "layer": "BUILDING_FOOTPRINT", "building_type": "residential", "land_use_code": "0701", "source_type": "agent_generated_design", "confidence": "medium", "geometry_role": "design_proposal", "area_sqm_declared": 5713.304}, "geometry": {"type": "Polygon", "coordinates": [[[116.35066178445128, 39.999060068425045], [116.35065628989963, 39.99964012997182], [116.34961763808496, 39.99963430595452], [116.34962314142385, 39.99905424452672], [116.35066178445128, 39.999060068425045]]]}}, {"type": "Feature", "id": "BLDG-158", "properties": {"id": "BLDG-158", "layer": "BUILDING_FOOTPRINT", "building_type": "residential", "land_use_code": "0701", "source_type": "agent_generated_design", "confidence": "medium", "geometry_role": "design_proposal", "area_sqm_declared": 3293.601}, "geometry": {"type": "Polygon", "coordinates": [[[116.34999667217342, 40.000396166125086], [116.34999092403571, 40.00100234864113], [116.34941795284551, 40.00099913366308], [116.3494237060492, 40.00039295121565], [116.34999667217342, 40.000396166125086]]]}}, {"type": "Feature", "id": "BLDG-159", "properties": {"id": "BLDG-159", "layer": "BUILDING_FOOTPRINT", "building_type": "residential", "land_use_code": "0701", "source_type": "agent_generated_design", "confidence": "medium", "geometry_role": "design_proposal", "area_sqm_declared": 7261.634}, "geometry": {"type": "Polygon", "coordinates": [[[116.35072370802014, 40.00164813764237], [116.35071658642232, 40.002399966245385], [116.34969801965752, 40.00239425537376], [116.34970515242549, 40.00164242692194], [116.35072370802014, 40.00164813764237]]]}}, {"type": "Feature", "id": "BLDG-160", "properties": {"id": "BLDG-160", "layer": "BUILDING_FOOTPRINT", "building_type": "residential", "land_use_code": "0701", "source_type": "agent_generated_design", "confidence": "medium", "geometry_role": "design_proposal", "area_sqm_declared": 6487.748}, "geometry": {"type": "Polygon", "coordinates": [[[116.3509106171016, 39.99435966389837], [116.35090305577393, 39.99515835079805], [116.35004651883378, 39.99515355057776], [116.35005409013756, 39.994354863813086], [116.3509106171016, 39.99435966389837]]]}}, {"type": "Feature", "id": "BLDG-161", "properties": {"id": "BLDG-161", "layer": "BUILDING_FOOTPRINT", "building_type": "residential", "land_use_code": "0701", "source_type": "agent_generated_design", "confidence": "medium", "geometry_role": "design_proposal", "area_sqm_declared": 1886.668}, "geometry": {"type": "Polygon", "coordinates": [[[116.34973711212136, 40.001984059097985], [116.34973402169113, 40.00230982101739], [116.34912326468894, 40.00230639254012], [116.34912635802135, 40.00198063066004], [116.34973711212136, 40.001984059097985]]]}}, {"type": "Feature", "id": "BLDG-162", "properties": {"id": "BLDG-162", "layer": "BUILDING_FOOTPRINT", "building_type": "residential", "land_use_code": "0701", "source_type": "agent_generated_design", "confidence": "medium", "geometry_role": "design_proposal", "area_sqm_declared": 3905.445}, "geometry": {"type": "Polygon", "coordinates": [[[116.34994467019992, 40.0028823545333], [116.34993971247496, 40.00340509538243], [116.34915182489226, 40.00340067335183], [116.34915678862505, 40.00287793258409], [116.34994467019992, 40.0028823545333]]]}}, {"type": "Feature", "id": "BLDG-163", "properties": {"id": "BLDG-163", "layer": "BUILDING_FOOTPRINT", "building_type": "residential", "land_use_code": "0701", "source_type": "agent_generated_design", "confidence": "medium", "geometry_role": "design_proposal", "area_sqm_declared": 5417.514}, "geometry": {"type": "Polygon", "coordinates": [[[116.35059385992807, 40.00228855382759], [116.3505887123232, 40.00283186937023], [116.34953717532801, 40.00282597231676], [116.3495423312665, 40.00228265688693], [116.35059385992807, 40.00228855382759]]]}}, {"type": "Feature", "id": "BLDG-164", "properties": {"id": "BLDG-164", "layer": "BUILDING_FOOTPRINT", "building_type": "community_service", "land_use_code": "0702", "source_type": "agent_generated_design", "confidence": "medium", "geometry_role": "design_proposal", "area_sqm_declared": 2799.293}, "geometry": {"type": "Polygon", "coordinates": [[[116.35115903944813, 39.95503154948385], [116.35115528693517, 39.95542863020787], [116.35041235371604, 39.95542446963237], [116.35041611052492, 39.95502738896655], [116.35115903944813, 39.95503154948385]]]}}, {"type": "Feature", "id": "BLDG-165", "properties": {"id": "BLDG-165", "layer": "BUILDING_FOOTPRINT", "building_type": "community_service", "land_use_code": "0702", "source_type": "agent_generated_design", "confidence": "medium", "geometry_role": "design_proposal", "area_sqm_declared": 5043.845}, "geometry": {"type": "Polygon", "coordinates": [[[116.35105818971108, 39.95050558221272], [116.35105318013233, 39.95103568340249], [116.35005051537755, 39.95103006642212], [116.35005553269508, 39.95049996533725], [116.35105818971108, 39.95050558221272]]]}}, {"type": "Feature", "id": "BLDG-166", "properties": {"id": "BLDG-166", "layer": "BUILDING_FOOTPRINT", "building_type": "community_service", "land_use_code": "0702", "source_type": "agent_generated_design", "confidence": "medium", "geometry_role": "design_proposal", "area_sqm_declared": 4145.922}, "geometry": {"type": "Polygon", "coordinates": [[[116.35075570982232, 39.95806042515082], [116.35074833359458, 39.958840381073145], [116.35018812128284, 39.95883724218102], [116.35019550387413, 39.95805728634492], [116.35075570982232, 39.95806042515082]]]}}, {"type": "Feature", "id": "BLDG-167", "properties": {"id": "BLDG-167", "layer": "BUILDING_FOOTPRINT", "building_type": "community_service", "land_use_code": "0702", "source_type": "agent_generated_design", "confidence": "medium", "geometry_role": "design_proposal", "area_sqm_declared": 3896.765}, "geometry": {"type": "Polygon", "coordinates": [[[116.35055191906253, 39.957872123248116], [116.35054776952222, 39.958310761036515], [116.34961150993493, 39.958305512014654], [116.34961566545623, 39.95786687430735], [116.35055191906253, 39.957872123248116]]]}}, {"type": "Feature", "id": "BLDG-168", "properties": {"id": "BLDG-168", "layer": "BUILDING_FOOTPRINT", "building_type": "community_service", "land_use_code": "0702", "source_type": "agent_generated_design", "confidence": "medium", "geometry_role": "design_proposal", "area_sqm_declared": 1200.819}, "geometry": {"type": "Polygon", "coordinates": [[[116.35002337877852, 39.95611896970329], [116.35002076330355, 39.956395238695926], [116.34956269358818, 39.956392669477765], [116.34956531090606, 39.95611640051013], [116.35002337877852, 39.95611896970329]]]}}, {"type": "Feature", "id": "BLDG-169", "properties": {"id": "BLDG-169", "layer": "BUILDING_FOOTPRINT", "building_type": "community_service", "land_use_code": "0702", "source_type": "agent_generated_design", "confidence": "medium", "geometry_role": "design_proposal", "area_sqm_declared": 6088.178}, "geometry": {"type": "Polygon", "coordinates": [[[116.35140999057477, 39.95539665484594], [116.35140377477966, 39.956054635057676], [116.35042865326636, 39.956049175273925], [116.35043487840491, 39.95539119518874], [116.35140999057477, 39.95539665484594]]]}}, {"type": "Feature", "id": "BLDG-170", "properties": {"id": "BLDG-170", "layer": "BUILDING_FOOTPRINT", "building_type": "community_service", "land_use_code": "0702", "source_type": "agent_generated_design", "confidence": "medium", "geometry_role": "design_proposal", "area_sqm_declared": 1912.188}, "geometry": {"type": "Polygon", "coordinates": [[[116.3513625230367, 39.95472913159313], [116.35135722893163, 39.95528951889643], [116.35099762714954, 39.95528750627685], [116.35100292418912, 39.95472711901329], [116.3513625230367, 39.95472913159313]]]}}, {"type": "Feature", "id": "BLDG-171", "properties": {"id": "BLDG-171", "layer": "BUILDING_FOOTPRINT", "building_type": "community_service", "land_use_code": "0702", "source_type": "agent_generated_design", "confidence": "medium", "geometry_role": "design_proposal", "area_sqm_declared": 1187.255}, "geometry": {"type": "Polygon", "coordinates": [[[116.3513738695113, 39.957785484314655], [116.35137090321548, 39.95809944354494], [116.35097236715946, 39.958097212959885], [116.35097533527754, 39.957783253754265], [116.3513738695113, 39.957785484314655]]]}}, {"type": "Feature", "id": "BLDG-172", "properties": {"id": "BLDG-172", "layer": "BUILDING_FOOTPRINT", "building_type": "community_service", "land_use_code": "0702", "source_type": "agent_generated_design", "confidence": "medium", "geometry_role": "design_proposal", "area_sqm_declared": 6107.353}, "geometry": {"type": "Polygon", "coordinates": [[[116.3504944608935, 39.9539964266377], [116.35048734977383, 39.95474815698296], [116.3496311663689, 39.95474335685182], [116.34963828686078, 39.953991626633666], [116.3504944608935, 39.9539964266377]]]}}, {"type": "Feature", "id": "BLDG-173", "properties": {"id": "BLDG-173", "layer": "BUILDING_FOOTPRINT", "building_type": "community_service", "land_use_code": "0702", "source_type": "agent_generated_design", "confidence": "medium", "geometry_role": "design_proposal", "area_sqm_declared": 2587.161}, "geometry": {"type": "Polygon", "coordinates": [[[116.3504062863811, 39.95664475740516], [116.35040087399697, 39.95721678211914], [116.34992422362747, 39.957214110197384], [116.34992963998232, 39.95664208553724], [116.3504062863811, 39.95664475740516]]]}}, {"type": "Feature", "id": "BLDG-174", "properties": {"id": "BLDG-174", "layer": "BUILDING_FOOTPRINT", "building_type": "community_service", "land_use_code": "0702", "source_type": "agent_generated_design", "confidence": "medium", "geometry_role": "design_proposal", "area_sqm_declared": 4295.428}, "geometry": {"type": "Polygon", "coordinates": [[[116.3510062398442, 39.95283272914116], [116.35100020174421, 39.95347156011872], [116.35029162233117, 39.953467591135805], [116.35029766702243, 39.95282876024755], [116.3510062398442, 39.95283272914116]]]}}, {"type": "Feature", "id": "BLDG-175", "properties": {"id": "BLDG-175", "layer": "BUILDING_FOOTPRINT", "building_type": "community_service", "land_use_code": "0702", "source_type": "agent_generated_design", "confidence": "medium", "geometry_role": "design_proposal", "area_sqm_declared": 2415.082}, "geometry": {"type": "Polygon", "coordinates": [[[116.35010600898764, 39.95075878461344], [116.35010080379601, 39.95130877277797], [116.34963806818752, 39.95130617778047], [116.34964327708465, 39.95075618966622], [116.35010600898764, 39.95075878461344]]]}}, {"type": "Feature", "id": "BLDG-176", "properties": {"id": "BLDG-176", "layer": "BUILDING_FOOTPRINT", "building_type": "community_service", "land_use_code": "0702", "source_type": "agent_generated_design", "confidence": "medium", "geometry_role": "design_proposal", "area_sqm_declared": 2526.92}, "geometry": {"type": "Polygon", "coordinates": [[[116.35049830336408, 39.952219868729465], [116.35049492069672, 39.95257748534675], [116.34975029815476, 39.952573311135836], [116.34975368469948, 39.95221569457112], [116.35049830336408, 39.952219868729465]]]}}, {"type": "Feature", "id": "BLDG-177", "properties": {"id": "BLDG-177", "layer": "BUILDING_FOOTPRINT", "building_type": "community_service", "land_use_code": "0702", "source_type": "agent_generated_design", "confidence": "medium", "geometry_role": "design_proposal", "area_sqm_declared": 2985.072}, "geometry": {"type": "Polygon", "coordinates": [[[116.35269336938008, 40.00961520453864], [116.35268969723714, 40.010003946568204], [116.35187982739427, 40.00999942012357], [116.35188350413077, 40.00961067815596], [116.35269336938008, 40.00961520453864]]]}}, {"type": "Feature", "id": "BLDG-178", "properties": {"id": "BLDG-178", "layer": "BUILDING_FOOTPRINT", "building_type": "community_service", "land_use_code": "0702", "source_type": "agent_generated_design", "confidence": "medium", "geometry_role": "design_proposal", "area_sqm_declared": 2727.516}, "geometry": {"type": "Polygon", "coordinates": [[[116.35248642744311, 40.009929408114004], [116.35248298603061, 40.010293604164595], [116.35169311562468, 40.010289188150274], [116.35169656123442, 40.00992499215632], [116.35248642744311, 40.009929408114004]]]}}, {"type": "Feature", "id": "BLDG-179", "properties": {"id": "BLDG-179", "layer": "BUILDING_FOOTPRINT", "building_type": "community_service", "land_use_code": "0702", "source_type": "agent_generated_design", "confidence": "medium", "geometry_role": "design_proposal", "area_sqm_declared": 4541.207}, "geometry": {"type": "Polygon", "coordinates": [[[116.35245346268727, 40.01333950574223], [116.3524486469389, 40.01384905471812], [116.35150863941125, 40.01384379831579], [116.35151346214914, 40.01333424943421], [116.35245346268727, 40.01333950574223]]]}}, {"type": "Feature", "id": "BLDG-180", "properties": {"id": "BLDG-180", "layer": "BUILDING_FOOTPRINT", "building_type": "community_service", "land_use_code": "0702", "source_type": "agent_generated_design", "confidence": "medium", "geometry_role": "design_proposal", "area_sqm_declared": 1603.717}, "geometry": {"type": "Polygon", "coordinates": [[[116.3520263448942, 40.015111688631194], [116.35202264311737, 40.015503087812064], [116.35159046353864, 40.015500670452994], [116.35159416778404, 40.01510927130544], [116.3520263448942, 40.015111688631194]]]}}, {"type": "Feature", "id": "BLDG-181", "properties": {"id": "BLDG-181", "layer": "BUILDING_FOOTPRINT", "building_type": "community_service", "land_use_code": "0702", "source_type": "agent_generated_design", "confidence": "medium", "geometry_role": "design_proposal", "area_sqm_declared": 3120.42}, "geometry": {"type": "Polygon", "coordinates": [[[116.35213008119275, 40.012593841650606], [116.35212557328418, 40.01307059336984], [116.35143523518339, 40.013066731924205], [116.35143974789449, 40.01258998026981], [116.35213008119275, 40.012593841650606]]]}}, {"type": "Feature", "id": "BLDG-182", "properties": {"id": "BLDG-182", "layer": "BUILDING_FOOTPRINT", "building_type": "community_service", "land_use_code": "0702", "source_type": "agent_generated_design", "confidence": "medium", "geometry_role": "design_proposal", "area_sqm_declared": 2574.668}, "geometry": {"type": "Polygon", "coordinates": [[[116.35301113110128, 40.013026819610495], [116.3530067740336, 40.0134882391863], [116.35241824333343, 40.01348495193201], [116.35242260436381, 40.013023532409605], [116.35301113110128, 40.013026819610495]]]}}, {"type": "Feature", "id": "BLDG-183", "properties": {"id": "BLDG-183", "layer": "BUILDING_FOOTPRINT", "building_type": "community_service", "land_use_code": "0702", "source_type": "agent_generated_design", "confidence": "medium", "geometry_role": "design_proposal", "area_sqm_declared": 2919.625}, "geometry": {"type": "Polygon", "coordinates": [[[116.35244536816599, 40.012184213422096], [116.35244201675333, 40.01253883417834], [116.35157365488949, 40.01253397866652], [116.35157701079555, 40.01217935797089], [116.35244536816599, 40.012184213422096]]]}}, {"type": "Feature", "id": "BLDG-184", "properties": {"id": "BLDG-184", "layer": "BUILDING_FOOTPRINT", "building_type": "community_service", "land_use_code": "0702", "source_type": "agent_generated_design", "confidence": "medium", "geometry_role": "design_proposal", "area_sqm_declared": 3561.341}, "geometry": {"type": "Polygon", "coordinates": [[[116.35300679207195, 40.0103099014751], [116.35300205378596, 40.01081173720701], [116.35225357568947, 40.01080755608253], [116.352258319456, 40.0103057204245], [116.35300679207195, 40.0103099014751]]]}}, {"type": "Feature", "id": "BLDG-185", "properties": {"id": "BLDG-185", "layer": "BUILDING_FOOTPRINT", "building_type": "community_service", "land_use_code": "0702", "source_type": "agent_generated_design", "confidence": "medium", "geometry_role": "design_proposal", "area_sqm_declared": 2752.942}, "geometry": {"type": "Polygon", "coordinates": [[[116.35211499466449, 40.01416950383411], [116.35210944691352, 40.014756180055606], [116.35161450948961, 40.01475341191514], [116.35162006147789, 40.01416673575084], [116.35211499466449, 40.01416950383411]]]}}, {"type": "Feature", "id": "BLDG-186", "properties": {"id": "BLDG-186", "layer": "BUILDING_FOOTPRINT", "building_type": "community_service", "land_use_code": "0702", "source_type": "agent_generated_design", "confidence": "medium", "geometry_role": "design_proposal", "area_sqm_declared": 3069.515}, "geometry": {"type": "Polygon", "coordinates": [[[116.35244936220455, 40.01066833145361], [116.3524455560472, 40.011071093510076], [116.35164175279263, 40.01106659927084], [116.35164556367373, 40.010663837278116], [116.35244936220455, 40.01066833145361]]]}}, {"type": "Feature", "id": "BLDG-187", "properties": {"id": "BLDG-187", "layer": "BUILDING_FOOTPRINT", "building_type": "ai_r_and_d", "land_use_code": "0802", "source_type": "agent_generated_design", "confidence": "medium", "geometry_role": "design_proposal", "area_sqm_declared": 4288.933}, "geometry": {"type": "Polygon", "coordinates": [[[116.34296091338146, 39.97329217612784], [116.34295673264798, 39.973728765499615], [116.34192118685914, 39.97372289103203], [116.3419253741806, 39.9732863017506], [116.34296091338146, 39.97329217612784]]]}}, {"type": "Feature", "id": "BLDG-188", "properties": {"id": "BLDG-188", "layer": "BUILDING_FOOTPRINT", "building_type": "ai_r_and_d", "land_use_code": "0802", "source_type": "agent_generated_design", "confidence": "medium", "geometry_role": "design_proposal", "area_sqm_declared": 3559.034}, "geometry": {"type": "Polygon", "coordinates": [[[116.34506336362186, 39.97081399830162], [116.3450578622277, 39.97139039600287], [116.34440700016383, 39.971386716709105], [116.34441250702416, 39.97081031908255], [116.34506336362186, 39.97081399830162]]]}}, {"type": "Feature", "id": "BLDG-189", "properties": {"id": "BLDG-189", "layer": "BUILDING_FOOTPRINT", "building_type": "ai_r_and_d", "land_use_code": "0802", "source_type": "agent_generated_design", "confidence": "medium", "geometry_role": "design_proposal", "area_sqm_declared": 6712.447}, "geometry": {"type": "Polygon", "coordinates": [[[116.34272058168096, 39.96494036532658], [116.34271378028062, 39.965650574378735], [116.34171760133695, 39.96564492159086], [116.34172441304364, 39.96493471268009], [116.34272058168096, 39.96494036532658]]]}}, {"type": "Feature", "id": "BLDG-190", "properties": {"id": "BLDG-190", "layer": "BUILDING_FOOTPRINT", "building_type": "ai_r_and_d", "land_use_code": "0802", "source_type": "agent_generated_design", "confidence": "medium", "geometry_role": "design_proposal", "area_sqm_declared": 3923.486}, "geometry": {"type": "Polygon", "coordinates": [[[116.34359981647147, 39.97106249134011], [116.34359473226613, 39.97159398699097], [116.34281660178051, 39.97158957799923], [116.34282169201182, 39.971058082430915], [116.34359981647147, 39.97106249134011]]]}}, {"type": "Feature", "id": "BLDG-191", "properties": {"id": "BLDG-191", "layer": "BUILDING_FOOTPRINT", "building_type": "ai_r_and_d", "land_use_code": "0802", "source_type": "agent_generated_design", "confidence": "medium", "geometry_role": "design_proposal", "area_sqm_declared": 1935.915}, "geometry": {"type": "Polygon", "coordinates": [[[116.34571895750932, 39.971605108982345], [116.34571441761675, 39.972081231710064], [116.34528581898245, 39.972078811690004], [116.34529036184844, 39.971602689002864], [116.34571895750932, 39.971605108982345]]]}}, {"type": "Feature", "id": "BLDG-192", "properties": {"id": "BLDG-192", "layer": "BUILDING_FOOTPRINT", "building_type": "ai_r_and_d", "land_use_code": "0802", "source_type": "agent_generated_design", "confidence": "medium", "geometry_role": "design_proposal", "area_sqm_declared": 4568.202}, "geometry": {"type": "Polygon", "coordinates": [[[116.34329931277952, 39.962383426484045], [116.34329185961315, 39.9631624490242], [116.34267381119857, 39.963158946070344], [116.34268127137808, 39.9623799236263], [116.34329931277952, 39.962383426484045]]]}}, {"type": "Feature", "id": "BLDG-193", "properties": {"id": "BLDG-193", "layer": "BUILDING_FOOTPRINT", "building_type": "ai_r_and_d", "land_use_code": "0802", "source_type": "agent_generated_design", "confidence": "medium", "geometry_role": "design_proposal", "area_sqm_declared": 3013.902}, "geometry": {"type": "Polygon", "coordinates": [[[116.34286898594496, 39.96582295060761], [116.34286552111857, 39.96618482477303], [116.34198767662132, 39.966179845051585], [116.34199114607544, 39.96581797094963], [116.34286898594496, 39.96582295060761]]]}}, {"type": "Feature", "id": "BLDG-194", "properties": {"id": "BLDG-194", "layer": "BUILDING_FOOTPRINT", "building_type": "ai_r_and_d", "land_use_code": "0802", "source_type": "agent_generated_design", "confidence": "medium", "geometry_role": "design_proposal", "area_sqm_declared": 4430.31}, "geometry": {"type": "Polygon", "coordinates": [[[116.34545526794736, 39.96860233960201], [116.34545068310257, 39.96908303426024], [116.34447921295374, 39.969077544609355], [116.34448380460209, 39.968596850044065], [116.34545526794736, 39.96860233960201]]]}}, {"type": "Feature", "id": "BLDG-195", "properties": {"id": "BLDG-195", "layer": "BUILDING_FOOTPRINT", "building_type": "ai_r_and_d", "land_use_code": "0802", "source_type": "agent_generated_design", "confidence": "medium", "geometry_role": "design_proposal", "area_sqm_declared": 3131.317}, "geometry": {"type": "Polygon", "coordinates": [[[116.34318163949041, 39.973988805722264], [116.34317631159628, 39.974545363341306], [116.3425832288356, 39.97454200112694], [116.34258856153974, 39.9739854435738], [116.34318163949041, 39.973988805722264]]]}}, {"type": "Feature", "id": "BLDG-196", "properties": {"id": "BLDG-196", "layer": "BUILDING_FOOTPRINT", "building_type": "ai_r_and_d", "land_use_code": "0802", "source_type": "agent_generated_design", "confidence": "medium", "geometry_role": "design_proposal", "area_sqm_declared": 3194.393}, "geometry": {"type": "Polygon", "coordinates": [[[116.3436995620758, 39.96428343559751], [116.3436920142418, 39.9650727806423], [116.34326547330771, 39.96507036490485], [116.34327302604628, 39.96428101992721], [116.3436995620758, 39.96428343559751]]]}}, {"type": "Feature", "id": "BLDG-197", "properties": {"id": "BLDG-197", "layer": "BUILDING_FOOTPRINT", "building_type": "ai_r_and_d", "land_use_code": "0802", "source_type": "agent_generated_design", "confidence": "medium", "geometry_role": "design_proposal", "area_sqm_declared": 2203.122}, "geometry": {"type": "Polygon", "coordinates": [[[116.34320796771674, 39.9692645544729], [116.34320515636377, 39.96955829452387], [116.342414582262, 39.96955381238072], [116.34241739699837, 39.96926007237612], [116.34320796771674, 39.9692645544729]]]}}, {"type": "Feature", "id": "BLDG-198", "properties": {"id": "BLDG-198", "layer": "BUILDING_FOOTPRINT", "building_type": "ai_r_and_d", "land_use_code": "0802", "source_type": "agent_generated_design", "confidence": "medium", "geometry_role": "design_proposal", "area_sqm_declared": 6061.114}, "geometry": {"type": "Polygon", "coordinates": [[[116.3449632461563, 39.9673249079783], [116.34495699266166, 39.967980085374016], [116.34398188805764, 39.96797457105366], [116.34398815085967, 39.967319393785196], [116.3449632461563, 39.9673249079783]]]}}, {"type": "Feature", "id": "BLDG-199", "properties": {"id": "BLDG-199", "layer": "BUILDING_FOOTPRINT", "building_type": "ai_r_and_d", "land_use_code": "0802", "source_type": "agent_generated_design", "confidence": "medium", "geometry_role": "design_proposal", "area_sqm_declared": 3667.755}, "geometry": {"type": "Polygon", "coordinates": [[[116.34299887794623, 39.97035215405359], [116.342993246888, 39.97094029247962], [116.34233589701584, 39.970936564793064], [116.34234153370708, 39.97034842644427], [116.34299887794623, 39.97035215405359]]]}}, {"type": "Feature", "id": "BLDG-200", "properties": {"id": "BLDG-200", "layer": "BUILDING_FOOTPRINT", "building_type": "ai_r_and_d", "land_use_code": "0802", "source_type": "agent_generated_design", "confidence": "medium", "geometry_role": "design_proposal", "area_sqm_declared": 5110.346}, "geometry": {"type": "Polygon", "coordinates": [[[116.34239087274501, 39.97159359959849], [116.34238342075608, 39.97237116825014], [116.34169063925697, 39.972367235853554], [116.341698099095, 39.9715896673096], [116.34239087274501, 39.97159359959849]]]}}, {"type": "Feature", "id": "BLDG-201", "properties": {"id": "BLDG-201", "layer": "BUILDING_FOOTPRINT", "building_type": "ai_r_and_d", "land_use_code": "0802", "source_type": "agent_generated_design", "confidence": "medium", "geometry_role": "design_proposal", "area_sqm_declared": 5635.843}, "geometry": {"type": "Polygon", "coordinates": [[[116.34472594798847, 39.97366510445741], [116.34472050288882, 39.974235252490494], [116.3436785022081, 39.974229357214945], [116.34368395596482, 39.973659209300266], [116.34472594798847, 39.97366510445741]]]}}, {"type": "Feature", "id": "BLDG-202", "properties": {"id": "BLDG-202", "layer": "BUILDING_FOOTPRINT", "building_type": "ai_r_and_d", "land_use_code": "0802", "source_type": "agent_generated_design", "confidence": "medium", "geometry_role": "design_proposal", "area_sqm_declared": 2831.695}, "geometry": {"type": "Polygon", "coordinates": [[[116.34533560737096, 39.96235685815963], [116.3453328520304, 39.9626457525488], [116.34429977725455, 39.96263991368207], [116.34430253694231, 39.962351019352326], [116.34533560737096, 39.96235685815963]]]}}, {"type": "Feature", "id": "BLDG-203", "properties": {"id": "BLDG-203", "layer": "BUILDING_FOOTPRINT", "building_type": "ai_r_and_d", "land_use_code": "0802", "source_type": "agent_generated_design", "confidence": "medium", "geometry_role": "design_proposal", "area_sqm_declared": 3964.153}, "geometry": {"type": "Polygon", "coordinates": [[[116.34358706926068, 39.96534036831048], [116.34358248886534, 39.96581928517001], [116.34271005164345, 39.96581434155012], [116.34271463812551, 39.96533542477399], [116.34358706926068, 39.96534036831048]]]}}, {"type": "Feature", "id": "BLDG-204", "properties": {"id": "BLDG-204", "layer": "BUILDING_FOOTPRINT", "building_type": "ai_r_and_d", "land_use_code": "0802", "source_type": "agent_generated_design", "confidence": "medium", "geometry_role": "design_proposal", "area_sqm_declared": 5820.574}, "geometry": {"type": "Polygon", "coordinates": [[[116.345066002692, 39.964334104229245], [116.34505956108781, 39.9650091671947], [116.34415077721336, 39.965004029082166], [116.34415722775427, 39.964328966238874], [116.345066002692, 39.964334104229245]]]}}, {"type": "Feature", "id": "BLDG-205", "properties": {"id": "BLDG-205", "layer": "BUILDING_FOOTPRINT", "building_type": "ai_r_and_d", "land_use_code": "0802", "source_type": "agent_generated_design", "confidence": "medium", "geometry_role": "design_proposal", "area_sqm_declared": 1948.049}, "geometry": {"type": "Polygon", "coordinates": [[[116.34186611318944, 39.97428305261509], [116.34186322835833, 39.97458380157328], [116.34118042746958, 39.97457992274188], [116.34118331529308, 39.974279173824776], [116.34186611318944, 39.97428305261509]]]}}, {"type": "Feature", "id": "BLDG-206", "properties": {"id": "BLDG-206", "layer": "BUILDING_FOOTPRINT", "building_type": "ai_r_and_d", "land_use_code": "0802", "source_type": "agent_generated_design", "confidence": "medium", "geometry_role": "design_proposal", "area_sqm_declared": 4782.489}, "geometry": {"type": "Polygon", "coordinates": [[[116.34354869207623, 39.96387359790704], [116.3435432690618, 39.96444061248274], [116.34265428291286, 39.964435574767215], [116.34265971326991, 39.96386856029212], [116.34354869207623, 39.96387359790704]]]}}, {"type": "Feature", "id": "BLDG-207", "properties": {"id": "BLDG-207", "layer": "BUILDING_FOOTPRINT", "building_type": "ai_r_and_d", "land_use_code": "0802", "source_type": "agent_generated_design", "confidence": "medium", "geometry_role": "design_proposal", "area_sqm_declared": 1666.805}, "geometry": {"type": "Polygon", "coordinates": [[[116.34208526559465, 39.97301294444387], [116.342082518206, 39.97329947323304], [116.34146931150367, 39.97329599112132], [116.34147206145255, 39.973009462367266], [116.34208526559465, 39.97301294444387]]]}}, {"type": "Feature", "id": "BLDG-208", "properties": {"id": "BLDG-208", "layer": "BUILDING_FOOTPRINT", "building_type": "ai_r_and_d", "land_use_code": "0802", "source_type": "agent_generated_design", "confidence": "medium", "geometry_role": "design_proposal", "area_sqm_declared": 2963.77}, "geometry": {"type": "Polygon", "coordinates": [[[116.34231406076036, 39.9688392368369], [116.34231102229965, 39.96915627898021], [116.34132566871115, 39.96915068412337], [116.3413287117233, 39.96883364204253], [116.34231406076036, 39.9688392368369]]]}}, {"type": "Feature", "id": "BLDG-209", "properties": {"id": "BLDG-209", "layer": "BUILDING_FOOTPRINT", "building_type": "ai_r_and_d", "land_use_code": "0802", "source_type": "agent_generated_design", "confidence": "medium", "geometry_role": "design_proposal", "area_sqm_declared": 5582.03}, "geometry": {"type": "Polygon", "coordinates": [[[116.34435155047862, 39.96379302774571], [116.34434459447299, 39.964521217234214], [116.34353664598366, 39.96451664460948], [116.34354361055948, 39.96378845523825], [116.34435155047862, 39.96379302774571]]]}}, {"type": "Feature", "id": "BLDG-210", "properties": {"id": "BLDG-210", "layer": "BUILDING_FOOTPRINT", "building_type": "ai_r_and_d", "land_use_code": "0802", "source_type": "agent_generated_design", "confidence": "medium", "geometry_role": "design_proposal", "area_sqm_declared": 4348.056}, "geometry": {"type": "Polygon", "coordinates": [[[116.34338534943127, 39.965103236110245], [116.34338067567894, 39.96559176804634], [116.34244258536468, 39.965586450515005], [116.34244726579304, 39.9650979186704], [116.34338534943127, 39.965103236110245]]]}}, {"type": "Feature", "id": "BLDG-211", "properties": {"id": "BLDG-211", "layer": "BUILDING_FOOTPRINT", "building_type": "ai_r_and_d", "land_use_code": "0802", "source_type": "agent_generated_design", "confidence": "medium", "geometry_role": "design_proposal", "area_sqm_declared": 4660.238}, "geometry": {"type": "Polygon", "coordinates": [[[116.34202989103771, 39.96452530567462], [116.34202368915415, 39.965172243287476], [116.34126443831428, 39.965167931209265], [116.34127064735306, 39.96452099369465], [116.34202989103771, 39.96452530567462]]]}}, {"type": "Feature", "id": "BLDG-212", "properties": {"id": "BLDG-212", "layer": "BUILDING_FOOTPRINT", "building_type": "ai_r_and_d", "land_use_code": "0802", "source_type": "agent_generated_design", "confidence": "medium", "geometry_role": "design_proposal", "area_sqm_declared": 3541.339}, "geometry": {"type": "Polygon", "coordinates": [[[116.34600238899137, 39.97075752905753], [116.34599636287955, 39.97138981001613], [116.34540597619481, 39.97138647752139], [116.34541200774561, 39.97075419663701], [116.34600238899137, 39.97075752905753]]]}}, {"type": "Feature", "id": "BLDG-213", "properties": {"id": "BLDG-213", "layer": "BUILDING_FOOTPRINT", "building_type": "ai_r_and_d", "land_use_code": "0802", "source_type": "agent_generated_design", "confidence": "medium", "geometry_role": "design_proposal", "area_sqm_declared": 4451.876}, "geometry": {"type": "Polygon", "coordinates": [[[116.34474869565851, 39.964385334964305], [116.34474430183162, 39.964845574962695], [116.34372477960696, 39.96483980749976], [116.34372918026908, 39.964379567594875], [116.34474869565851, 39.964385334964305]]]}}, {"type": "Feature", "id": "BLDG-214", "properties": {"id": "BLDG-214", "layer": "BUILDING_FOOTPRINT", "building_type": "ai_r_and_d", "land_use_code": "0802", "source_type": "agent_generated_design", "confidence": "medium", "geometry_role": "design_proposal", "area_sqm_declared": 3465.114}, "geometry": {"type": "Polygon", "coordinates": [[[116.34176600550153, 39.96451309821983], [116.34175844587985, 39.96530134706927], [116.34129511153019, 39.96529871514397], [116.34130267647213, 39.9645104663676], [116.34176600550153, 39.96451309821983]]]}}, {"type": "Feature", "id": "BLDG-215", "properties": {"id": "BLDG-215", "layer": "BUILDING_FOOTPRINT", "building_type": "ai_r_and_d", "land_use_code": "0802", "source_type": "agent_generated_design", "confidence": "medium", "geometry_role": "design_proposal", "area_sqm_declared": 3436.404}, "geometry": {"type": "Polygon", "coordinates": [[[116.34463865144386, 39.96294176885063], [116.34463104069327, 39.9637388721406], [116.3441766590797, 39.96373630237334], [116.34418427510607, 39.962939199155514], [116.34463865144386, 39.96294176885063]]]}}, {"type": "Feature", "id": "BLDG-216", "properties": {"id": "BLDG-216", "layer": "BUILDING_FOOTPRINT", "building_type": "ai_r_and_d", "land_use_code": "0802", "source_type": "agent_generated_design", "confidence": "medium", "geometry_role": "design_proposal", "area_sqm_declared": 2503.381}, "geometry": {"type": "Polygon", "coordinates": [[[116.34195214224049, 39.96899432859442], [116.34194756669734, 39.96947148740126], [116.34139455989698, 39.96946834670914], [116.3413991392846, 39.96899118795509], [116.34195214224049, 39.96899432859442]]]}}, {"type": "Feature", "id": "BLDG-217", "properties": {"id": "BLDG-217", "layer": "BUILDING_FOOTPRINT", "building_type": "ai_r_and_d", "land_use_code": "0802", "source_type": "agent_generated_design", "confidence": "medium", "geometry_role": "design_proposal", "area_sqm_declared": 2742.062}, "geometry": {"type": "Polygon", "coordinates": [[[116.34337992970434, 39.965669214206805], [116.34337548985783, 39.96613328385026], [116.34275270219577, 39.96612975440826], [116.34275714625262, 39.96566568482251], [116.34337992970434, 39.965669214206805]]]}}, {"type": "Feature", "id": "BLDG-218", "properties": {"id": "BLDG-218", "layer": "BUILDING_FOOTPRINT", "building_type": "ai_r_and_d", "land_use_code": "0802", "source_type": "agent_generated_design", "confidence": "medium", "geometry_role": "design_proposal", "area_sqm_declared": 3691.35}, "geometry": {"type": "Polygon", "coordinates": [[[116.34324060347163, 39.971242691292936], [116.34323428867796, 39.971902463465646], [116.34264453170461, 39.97189912046245], [116.34265085216775, 39.97123934836742], [116.34324060347163, 39.971242691292936]]]}}, {"type": "Feature", "id": "BLDG-219", "properties": {"id": "BLDG-219", "layer": "BUILDING_FOOTPRINT", "building_type": "ai_r_and_d", "land_use_code": "0802", "source_type": "agent_generated_design", "confidence": "medium", "geometry_role": "design_proposal", "area_sqm_declared": 6079.349}, "geometry": {"type": "Polygon", "coordinates": [[[116.34537099078128, 39.97106334613688], [116.34536347701605, 39.9718509448595], [116.34454983379436, 39.971846346932374], [116.34455735689677, 39.97105874833732], [116.34537099078128, 39.97106334613688]]]}}, {"type": "Feature", "id": "BLDG-220", "properties": {"id": "BLDG-220", "layer": "BUILDING_FOOTPRINT", "building_type": "ai_r_and_d", "land_use_code": "0802", "source_type": "agent_generated_design", "confidence": "medium", "geometry_role": "design_proposal", "area_sqm_declared": 3461.149}, "geometry": {"type": "Polygon", "coordinates": [[[116.34411417781688, 39.97280643336047], [116.34410799401596, 39.97345334418536], [116.34354400897796, 39.97345015155288], [116.34355019809523, 39.97280324080074], [116.34411417781688, 39.97280643336047]]]}}, {"type": "Feature", "id": "BLDG-221", "properties": {"id": "BLDG-221", "layer": "BUILDING_FOOTPRINT", "building_type": "ai_r_and_d", "land_use_code": "0802", "source_type": "agent_generated_design", "confidence": "medium", "geometry_role": "design_proposal", "area_sqm_declared": 4713.854}, "geometry": {"type": "Polygon", "coordinates": [[[116.34247982844256, 39.96508318986443], [116.34247317633259, 39.96577755225477], [116.34175763718385, 39.96577349132686], [116.34176429653155, 39.96507912903582], [116.34247982844256, 39.96508318986443]]]}}, {"type": "Feature", "id": "BLDG-222", "properties": {"id": "BLDG-222", "layer": "BUILDING_FOOTPRINT", "building_type": "ai_r_and_d", "land_use_code": "0802", "source_type": "agent_generated_design", "confidence": "medium", "geometry_role": "design_proposal", "area_sqm_declared": 4677.611}, "geometry": {"type": "Polygon", "coordinates": [[[116.34245008691289, 39.97062691777262], [116.3424432227671, 39.971343238885005], [116.34175489604439, 39.971339332167595], [116.3417617673743, 39.970623011153776], [116.34245008691289, 39.97062691777262]]]}}, {"type": "Feature", "id": "BLDG-223", "properties": {"id": "BLDG-223", "layer": "BUILDING_FOOTPRINT", "building_type": "ai_r_and_d", "land_use_code": "0802", "source_type": "agent_generated_design", "confidence": "medium", "geometry_role": "design_proposal", "area_sqm_declared": 2955.664}, "geometry": {"type": "Polygon", "coordinates": [[[116.34600769063768, 39.96236859073157], [116.34600347638217, 39.96281090296792], [116.34529918621578, 39.962806927438535], [116.34530340500885, 39.96236461526413], [116.34600769063768, 39.96236859073157]]]}}, {"type": "Feature", "id": "BLDG-224", "properties": {"id": "BLDG-224", "layer": "BUILDING_FOOTPRINT", "building_type": "ai_r_and_d", "land_use_code": "0802", "source_type": "agent_generated_design", "confidence": "medium", "geometry_role": "design_proposal", "area_sqm_declared": 6135.823}, "geometry": {"type": "Polygon", "coordinates": [[[116.34485043517057, 39.96820893140259], [116.34484403391131, 39.96887945323753], [116.34387948749192, 39.96887399769895], [116.34388589817374, 39.968203475992844], [116.34485043517057, 39.96820893140259]]]}}, {"type": "Feature", "id": "BLDG-225", "properties": {"id": "BLDG-225", "layer": "BUILDING_FOOTPRINT", "building_type": "ai_r_and_d", "land_use_code": "0802", "source_type": "agent_generated_design", "confidence": "medium", "geometry_role": "design_proposal", "area_sqm_declared": 7005.122}, "geometry": {"type": "Polygon", "coordinates": [[[116.34518185105355, 39.964366407942194], [116.34517458119919, 39.96512840158346], [116.34420562479556, 39.96512292397151], [116.3442129054054, 39.964360930477255], [116.34518185105355, 39.964366407942194]]]}}, {"type": "Feature", "id": "BLDG-226", "properties": {"id": "BLDG-226", "layer": "BUILDING_FOOTPRINT", "building_type": "ai_r_and_d", "land_use_code": "0802", "source_type": "agent_generated_design", "confidence": "medium", "geometry_role": "design_proposal", "area_sqm_declared": 5983.555}, "geometry": {"type": "Polygon", "coordinates": [[[116.34408173013318, 39.990406132779306], [116.34407401408097, 39.99121278998241], [116.34329189453507, 39.99120836108205], [116.34329961978622, 39.99040170400475], [116.34408173013318, 39.990406132779306]]]}}, {"type": "Feature", "id": "BLDG-227", "properties": {"id": "BLDG-227", "layer": "BUILDING_FOOTPRINT", "building_type": "ai_r_and_d", "land_use_code": "0802", "source_type": "agent_generated_design", "confidence": "medium", "geometry_role": "design_proposal", "area_sqm_declared": 4004.836}, "geometry": {"type": "Polygon", "coordinates": [[[116.34191707300751, 39.990432088357714], [116.34191183298057, 39.990978096089236], [116.34113846367474, 39.99097370234553], [116.34114370985854, 39.99042769469848], [116.34191707300751, 39.990432088357714]]]}}, {"type": "Feature", "id": "BLDG-228", "properties": {"id": "BLDG-228", "layer": "BUILDING_FOOTPRINT", "building_type": "ai_r_and_d", "land_use_code": "0802", "source_type": "agent_generated_design", "confidence": "medium", "geometry_role": "design_proposal", "area_sqm_declared": 4814.399}, "geometry": {"type": "Polygon", "coordinates": [[[116.34294226235906, 39.991840332967], [116.34293538952545, 39.99255755667747], [116.3422276091638, 39.99255354197731], [116.3422344893994, 39.99183631836824], [116.34294226235906, 39.991840332967]]]}}, {"type": "Feature", "id": "BLDG-229", "properties": {"id": "BLDG-229", "layer": "BUILDING_FOOTPRINT", "building_type": "ai_r_and_d", "land_use_code": "0802", "source_type": "agent_generated_design", "confidence": "medium", "geometry_role": "design_proposal", "area_sqm_declared": 4118.434}, "geometry": {"type": "Polygon", "coordinates": [[[116.34447371358337, 39.991889918366475], [116.34446910932243, 39.992371526760316], [116.34356743810149, 39.99236642344901], [116.34357204869438, 39.991884815141724], [116.34447371358337, 39.991889918366475]]]}}, {"type": "Feature", "id": "BLDG-230", "properties": {"id": "BLDG-230", "layer": "BUILDING_FOOTPRINT", "building_type": "ai_r_and_d", "land_use_code": "0802", "source_type": "agent_generated_design", "confidence": "medium", "geometry_role": "design_proposal", "area_sqm_declared": 1912.227}, "geometry": {"type": "Polygon", "coordinates": [[[116.34477033917746, 39.98420115258739], [116.34476500204532, 39.984759824151936], [116.34440413647035, 39.9847577835693], [116.34440947654136, 39.9841991120449], [116.34477033917746, 39.98420115258739]]]}}, {"type": "Feature", "id": "BLDG-231", "properties": {"id": "BLDG-231", "layer": "BUILDING_FOOTPRINT", "building_type": "ai_r_and_d", "land_use_code": "0802", "source_type": "agent_generated_design", "confidence": "medium", "geometry_role": "design_proposal", "area_sqm_declared": 1788.551}, "geometry": {"type": "Polygon", "coordinates": [[[116.34521127809374, 39.98810683576317], [116.3452074297044, 39.9885098880323], [116.34473955874219, 39.9885072438775], [116.34474340988085, 39.98810419164591], [116.34521127809374, 39.98810683576317]]]}}, {"type": "Feature", "id": "BLDG-232", "properties": {"id": "BLDG-232", "layer": "BUILDING_FOOTPRINT", "building_type": "ai_r_and_d", "land_use_code": "0802", "source_type": "agent_generated_design", "confidence": "medium", "geometry_role": "design_proposal", "area_sqm_declared": 3404.256}, "geometry": {"type": "Polygon", "coordinates": [[[116.34395863415907, 39.986959386802624], [116.34395374087097, 39.9874709150099], [116.34325207235999, 39.987466941284126], [116.34325697088072, 39.98695541314845], [116.34395863415907, 39.986959386802624]]]}}, {"type": "Feature", "id": "BLDG-233", "properties": {"id": "BLDG-233", "layer": "BUILDING_FOOTPRINT", "building_type": "ai_r_and_d", "land_use_code": "0802", "source_type": "agent_generated_design", "confidence": "medium", "geometry_role": "design_proposal", "area_sqm_declared": 6153.348}, "geometry": {"type": "Polygon", "coordinates": [[[116.34403826104851, 39.98546373734334], [116.34403167046942, 39.98615281198114], [116.3430901790136, 39.986147479779085], [116.34309677905027, 39.98545840527068], [116.34403826104851, 39.98546373734334]]]}}, {"type": "Feature", "id": "BLDG-234", "properties": {"id": "BLDG-234", "layer": "BUILDING_FOOTPRINT", "building_type": "ai_r_and_d", "land_use_code": "0802", "source_type": "agent_generated_design", "confidence": "medium", "geometry_role": "design_proposal", "area_sqm_declared": 3654.552}, "geometry": {"type": "Polygon", "coordinates": [[[116.34418581128978, 39.9904629783871], [116.34418159309728, 39.99090403291208], [116.34330793252819, 39.99089908611849], [116.34331215633905, 39.990458031670336], [116.34418581128978, 39.9904629783871]]]}}, {"type": "Feature", "id": "BLDG-235", "properties": {"id": "BLDG-235", "layer": "BUILDING_FOOTPRINT", "building_type": "ai_r_and_d", "land_use_code": "0802", "source_type": "agent_generated_design", "confidence": "medium", "geometry_role": "design_proposal", "area_sqm_declared": 3599.234}, "geometry": {"type": "Polygon", "coordinates": [[[116.34587201650533, 39.98680861623936], [116.34586561124155, 39.987480161078125], [116.3453005248271, 39.987476970506066], [116.34530693562324, 39.986805425742745], [116.34587201650533, 39.98680861623936]]]}}, {"type": "Feature", "id": "BLDG-236", "properties": {"id": "BLDG-236", "layer": "BUILDING_FOOTPRINT", "building_type": "ai_r_and_d", "land_use_code": "0802", "source_type": "agent_generated_design", "confidence": "medium", "geometry_role": "design_proposal", "area_sqm_declared": 4315.537}, "geometry": {"type": "Polygon", "coordinates": [[[116.34242772984419, 39.99022840246267], [116.34242343356118, 39.990676424658304], [116.34140780592925, 39.990670658004625], [116.3414121088467, 39.99022263589997], [116.34242772984419, 39.99022840246267]]]}}, {"type": "Feature", "id": "BLDG-237", "properties": {"id": "BLDG-237", "layer": "BUILDING_FOOTPRINT", "building_type": "ai_r_and_d", "land_use_code": "0802", "source_type": "agent_generated_design", "confidence": "medium", "geometry_role": "design_proposal", "area_sqm_declared": 1587.113}, "geometry": {"type": "Polygon", "coordinates": [[[116.34306972601918, 39.98693854333739], [116.34306594429127, 39.98733333917872], [116.34264209290983, 39.987330936064566], [116.34264587707726, 39.986936140256645], [116.34306972601918, 39.98693854333739]]]}}, {"type": "Feature", "id": "BLDG-238", "properties": {"id": "BLDG-238", "layer": "BUILDING_FOOTPRINT", "building_type": "ai_r_and_d", "land_use_code": "0802", "source_type": "agent_generated_design", "confidence": "medium", "geometry_role": "design_proposal", "area_sqm_declared": 1721.898}, "geometry": {"type": "Polygon", "coordinates": [[[116.34538682140715, 39.98996254492802], [116.34538352734843, 39.990307610896956], [116.34485738558476, 39.990304638061815], [116.34486068229057, 39.98995957212899], [116.34538682140715, 39.98996254492802]]]}}, {"type": "Feature", "id": "BLDG-239", "properties": {"id": "BLDG-239", "layer": "BUILDING_FOOTPRINT", "building_type": "ai_r_and_d", "land_use_code": "0802", "source_type": "agent_generated_design", "confidence": "medium", "geometry_role": "design_proposal", "area_sqm_declared": 2683.809}, "geometry": {"type": "Polygon", "coordinates": [[[116.34206103697886, 39.99104572515738], [116.34205419912249, 39.991758363165275], [116.34165710956329, 39.99175610830179], [116.34166395154581, 39.99104347035047], [116.34206103697886, 39.99104572515738]]]}}, {"type": "Feature", "id": "BLDG-240", "properties": {"id": "BLDG-240", "layer": "BUILDING_FOOTPRINT", "building_type": "ai_r_and_d", "land_use_code": "0802", "source_type": "agent_generated_design", "confidence": "medium", "geometry_role": "design_proposal", "area_sqm_declared": 2354.176}, "geometry": {"type": "Polygon", "coordinates": [[[116.34309930560714, 39.99228796082735], [116.34309651025768, 39.992579741457156], [116.34224577661715, 39.9925749165491], [116.34224857558613, 39.99228313596887], [116.34309930560714, 39.99228796082735]]]}}, {"type": "Feature", "id": "BLDG-241", "properties": {"id": "BLDG-241", "layer": "BUILDING_FOOTPRINT", "building_type": "ai_r_and_d", "land_use_code": "0802", "source_type": "agent_generated_design", "confidence": "medium", "geometry_role": "design_proposal", "area_sqm_declared": 1221.357}, "geometry": {"type": "Polygon", "coordinates": [[[116.345372222309, 39.98735223347159], [116.34536929603397, 39.98765879452703], [116.3449492408219, 39.987656421286665], [116.34495216897427, 39.98734986025686], [116.345372222309, 39.98735223347159]]]}}, {"type": "Feature", "id": "BLDG-242", "properties": {"id": "BLDG-242", "layer": "BUILDING_FOOTPRINT", "building_type": "ai_r_and_d", "land_use_code": "0802", "source_type": "agent_generated_design", "confidence": "medium", "geometry_role": "design_proposal", "area_sqm_declared": 2692.496}, "geometry": {"type": "Polygon", "coordinates": [[[116.34298552215841, 39.986702067463725], [116.34298248335999, 39.98701926734339], [116.3420875342018, 39.98701419078805], [116.34209057713875, 39.986696990965086], [116.34298552215841, 39.986702067463725]]]}}, {"type": "Feature", "id": "BLDG-243", "properties": {"id": "BLDG-243", "layer": "BUILDING_FOOTPRINT", "building_type": "ai_r_and_d", "land_use_code": "0802", "source_type": "agent_generated_design", "confidence": "medium", "geometry_role": "design_proposal", "area_sqm_declared": 3230.234}, "geometry": {"type": "Polygon", "coordinates": [[[116.34397654144536, 39.98593964095887], [116.34397199647144, 39.98641478818694], [116.34325522854874, 39.986410729041566], [116.34325977848758, 39.98593558188143], [116.34397654144536, 39.98593964095887]]]}}, {"type": "Feature", "id": "BLDG-244", "properties": {"id": "BLDG-244", "layer": "BUILDING_FOOTPRINT", "building_type": "ai_r_and_d", "land_use_code": "0802", "source_type": "agent_generated_design", "confidence": "medium", "geometry_role": "design_proposal", "area_sqm_declared": 5709.549}, "geometry": {"type": "Polygon", "coordinates": [[[116.34586318401236, 39.98729980754378], [116.34585700463701, 39.98794764996], [116.34492779199644, 39.987942401927], [116.3449339801481, 39.98729455963051], [116.34586318401236, 39.98729980754378]]]}}, {"type": "Feature", "id": "BLDG-245", "properties": {"id": "BLDG-245", "layer": "BUILDING_FOOTPRINT", "building_type": "ai_r_and_d", "land_use_code": "0802", "source_type": "agent_generated_design", "confidence": "medium", "geometry_role": "design_proposal", "area_sqm_declared": 2227.806}, "geometry": {"type": "Polygon", "coordinates": [[[116.34166820621286, 39.99199752071016], [116.34166353133074, 39.99248443013731], [116.34118109553377, 39.99248168882131], [116.34118577384109, 39.99199477944116], [116.34166820621286, 39.99199752071016]]]}}, {"type": "Feature", "id": "BLDG-246", "properties": {"id": "BLDG-246", "layer": "BUILDING_FOOTPRINT", "building_type": "ai_r_and_d", "land_use_code": "0802", "source_type": "agent_generated_design", "confidence": "medium", "geometry_role": "design_proposal", "area_sqm_declared": 2541.925}, "geometry": {"type": "Polygon", "coordinates": [[[116.34297584114613, 39.99187872480043], [116.34297316900688, 39.99215759639093], [116.3420120726735, 39.99215214409789], [116.34201474872086, 39.99187327256094], [116.34297584114613, 39.99187872480043]]]}}, {"type": "Feature", "id": "BLDG-247", "properties": {"id": "BLDG-247", "layer": "BUILDING_FOOTPRINT", "building_type": "ai_r_and_d", "land_use_code": "0802", "source_type": "agent_generated_design", "confidence": "medium", "geometry_role": "design_proposal", "area_sqm_declared": 3736.318}, "geometry": {"type": "Polygon", "coordinates": [[[116.34372455794087, 39.99245710290223], [116.34372061718786, 39.99286882981204], [116.34276375872165, 39.99286340772589], [116.34276770521929, 39.992451680894696], [116.34372455794087, 39.99245710290223]]]}}, {"type": "Feature", "id": "BLDG-248", "properties": {"id": "BLDG-248", "layer": "BUILDING_FOOTPRINT", "building_type": "ai_r_and_d", "land_use_code": "0802", "source_type": "agent_generated_design", "confidence": "medium", "geometry_role": "design_proposal", "area_sqm_declared": 5576.691}, "geometry": {"type": "Polygon", "coordinates": [[[116.34418976712233, 39.98628689233614], [116.34418297227448, 39.986997467144846], [116.34335551939519, 39.98699278227152], [116.3433623228147, 39.98628220758006], [116.34418976712233, 39.98628689233614]]]}}, {"type": "Feature", "id": "BLDG-249", "properties": {"id": "BLDG-249", "layer": "BUILDING_FOOTPRINT", "building_type": "ai_r_and_d", "land_use_code": "0802", "source_type": "agent_generated_design", "confidence": "medium", "geometry_role": "design_proposal", "area_sqm_declared": 1773.561}, "geometry": {"type": "Polygon", "coordinates": [[[116.34549739867596, 39.98918217233943], [116.34549277735199, 39.989666368252145], [116.34510657179518, 39.989664186697944], [116.34511119584555, 39.98917999082244], [116.34549739867596, 39.98918217233943]]]}}, {"type": "Feature", "id": "BLDG-250", "properties": {"id": "BLDG-250", "layer": "BUILDING_FOOTPRINT", "building_type": "ai_r_and_d", "land_use_code": "0802", "source_type": "agent_generated_design", "confidence": "medium", "geometry_role": "design_proposal", "area_sqm_declared": 2328.187}, "geometry": {"type": "Polygon", "coordinates": [[[116.34310136368387, 39.99034071652623], [116.34309867267108, 39.99062162682688], [116.3422247979165, 39.990616670662526], [116.3422274925085, 39.9903357604109], [116.34310136368387, 39.99034071652623]]]}}, {"type": "Feature", "id": "BLDG-251", "properties": {"id": "BLDG-251", "layer": "BUILDING_FOOTPRINT", "building_type": "ai_r_and_d", "land_use_code": "0802", "source_type": "agent_generated_design", "confidence": "medium", "geometry_role": "design_proposal", "area_sqm_declared": 3144.637}, "geometry": {"type": "Polygon", "coordinates": [[[116.3452186065877, 39.98435711603404], [116.34521310232661, 39.98493367307518], [116.34463807035543, 39.984930423136746], [116.34464357944948, 39.98435386616159], [116.3452186065877, 39.98435711603404]]]}}, {"type": "Feature", "id": "BLDG-252", "properties": {"id": "BLDG-252", "layer": "BUILDING_FOOTPRINT", "building_type": "ai_r_and_d", "land_use_code": "0802", "source_type": "agent_generated_design", "confidence": "medium", "geometry_role": "design_proposal", "area_sqm_declared": 2788.959}, "geometry": {"type": "Polygon", "coordinates": [[[116.34506222693142, 39.988898185553595], [116.34505699245541, 39.98944626425086], [116.34452046598088, 39.989443231219504], [116.34452570474417, 39.98889515258079], [116.34506222693142, 39.988898185553595]]]}}, {"type": "Feature", "id": "BLDG-253", "properties": {"id": "BLDG-253", "layer": "BUILDING_FOOTPRINT", "building_type": "ai_r_and_d", "land_use_code": "0802", "source_type": "agent_generated_design", "confidence": "medium", "geometry_role": "design_proposal", "area_sqm_declared": 3050.921}, "geometry": {"type": "Polygon", "coordinates": [[[116.3421351253634, 39.98381395391633], [116.34213167778726, 39.9841733946779], [116.34123680343441, 39.98416831206535], [116.34124025569935, 39.983808871368105], [116.3421351253634, 39.98381395391633]]]}}, {"type": "Feature", "id": "BLDG-254", "properties": {"id": "BLDG-254", "layer": "BUILDING_FOOTPRINT", "building_type": "ai_r_and_d", "land_use_code": "0802", "source_type": "agent_generated_design", "confidence": "medium", "geometry_role": "design_proposal", "area_sqm_declared": 4073.902}, "geometry": {"type": "Polygon", "coordinates": [[[116.34352602820023, 39.98852838337753], [116.34351959841705, 39.98920004856942], [116.34288008767031, 39.98919642459669], [116.34288652371599, 39.988524759490524], [116.34352602820023, 39.98852838337753]]]}}, {"type": "Feature", "id": "BLDG-255", "properties": {"id": "BLDG-255", "layer": "BUILDING_FOOTPRINT", "building_type": "ai_r_and_d", "land_use_code": "0802", "source_type": "agent_generated_design", "confidence": "medium", "geometry_role": "design_proposal", "area_sqm_declared": 3802.479}, "geometry": {"type": "Polygon", "coordinates": [[[116.34528793791617, 39.98499410900475], [116.34528320541324, 39.985489868658824], [116.3444745511433, 39.985485298003674], [116.34447928949044, 39.98498953842939], [116.34528793791617, 39.98499410900475]]]}}, {"type": "Feature", "id": "BLDG-256", "properties": {"id": "BLDG-256", "layer": "BUILDING_FOOTPRINT", "building_type": "ai_r_and_d", "land_use_code": "0802", "source_type": "agent_generated_design", "confidence": "medium", "geometry_role": "design_proposal", "area_sqm_declared": 3056.346}, "geometry": {"type": "Polygon", "coordinates": [[[116.34239375692027, 39.988349114984736], [116.3423907221828, 39.98866558735105], [116.3413724747438, 39.98865980559377], [116.34137551417945, 39.98834333329189], [116.34239375692027, 39.988349114984736]]]}}, {"type": "Feature", "id": "BLDG-257", "properties": {"id": "BLDG-257", "layer": "BUILDING_FOOTPRINT", "building_type": "ai_r_and_d", "land_use_code": "0802", "source_type": "agent_generated_design", "confidence": "medium", "geometry_role": "design_proposal", "area_sqm_declared": 4080.057}, "geometry": {"type": "Polygon", "coordinates": [[[116.34337774293117, 39.988180810055105], [116.34337300462872, 39.98867567705006], [116.34250371492446, 39.988670749022695], [116.34250845949873, 39.98817588211362], [116.34337774293117, 39.988180810055105]]]}}, {"type": "Feature", "id": "BLDG-258", "properties": {"id": "BLDG-258", "layer": "BUILDING_FOOTPRINT", "building_type": "ai_r_and_d", "land_use_code": "0802", "source_type": "agent_generated_design", "confidence": "medium", "geometry_role": "design_proposal", "area_sqm_declared": 3882.703}, "geometry": {"type": "Polygon", "coordinates": [[[116.34306911966841, 39.991399512783765], [116.34306405460914, 39.9919281966585], [116.34228969048958, 39.99192380493328], [116.34229476151822, 39.9913951211403], [116.34306911966841, 39.991399512783765]]]}}, {"type": "Feature", "id": "BLDG-259", "properties": {"id": "BLDG-259", "layer": "BUILDING_FOOTPRINT", "building_type": "ai_r_and_d", "land_use_code": "0802", "source_type": "agent_generated_design", "confidence": "medium", "geometry_role": "design_proposal", "area_sqm_declared": 4116.306}, "geometry": {"type": "Polygon", "coordinates": [[[116.34525927486885, 39.992571669383516], [116.3452541678283, 39.99310649613173], [116.34444262877365, 39.99310190874635], [116.34444774214312, 39.992567082084534], [116.34525927486885, 39.992571669383516]]]}}, {"type": "Feature", "id": "BLDG-260", "properties": {"id": "BLDG-260", "layer": "BUILDING_FOOTPRINT", "building_type": "ai_r_and_d", "land_use_code": "0802", "source_type": "agent_generated_design", "confidence": "medium", "geometry_role": "design_proposal", "area_sqm_declared": 1524.443}, "geometry": {"type": "Polygon", "coordinates": [[[116.34378990136493, 39.984604659200336], [116.34378666454484, 39.98494296849019], [116.34331159117474, 39.984940277850605], [116.34331483033776, 39.98460196859281], [116.34378990136493, 39.984604659200336]]]}}, {"type": "Feature", "id": "BLDG-261", "properties": {"id": "BLDG-261", "layer": "BUILDING_FOOTPRINT", "building_type": "ai_r_and_d", "land_use_code": "0802", "source_type": "agent_generated_design", "confidence": "medium", "geometry_role": "design_proposal", "area_sqm_declared": 1497.78}, "geometry": {"type": "Polygon", "coordinates": [[[116.34475336746658, 40.022123960387766], [116.34475036293642, 40.02243803362753], [116.34424730790926, 40.02243518798863], [116.34425031474565, 40.02212111478033], [116.34475336746658, 40.022123960387766]]]}}, {"type": "Feature", "id": "BLDG-262", "properties": {"id": "BLDG-262", "layer": "BUILDING_FOOTPRINT", "building_type": "ai_r_and_d", "land_use_code": "0802", "source_type": "agent_generated_design", "confidence": "medium", "geometry_role": "design_proposal", "area_sqm_declared": 5037.081}, "geometry": {"type": "Polygon", "coordinates": [[[116.34441320583132, 40.017250191925015], [116.34440695636599, 40.01790323733284], [116.34359336652174, 40.017898631711155], [116.3435996237413, 40.01724558640923], [116.34441320583132, 40.017250191925015]]]}}, {"type": "Feature", "id": "BLDG-263", "properties": {"id": "BLDG-263", "layer": "BUILDING_FOOTPRINT", "building_type": "ai_r_and_d", "land_use_code": "0802", "source_type": "agent_generated_design", "confidence": "medium", "geometry_role": "design_proposal", "area_sqm_declared": 5337.719}, "geometry": {"type": "Polygon", "coordinates": [[[116.3455940216638, 40.01662460763772], [116.34558789079868, 40.0172664303316], [116.34471067420748, 40.017261473245945], [116.34471681328937, 40.01661965066408], [116.3455940216638, 40.01662460763772]]]}}, {"type": "Feature", "id": "BLDG-264", "properties": {"id": "BLDG-264", "layer": "BUILDING_FOOTPRINT", "building_type": "ai_r_and_d", "land_use_code": "0802", "source_type": "agent_generated_design", "confidence": "medium", "geometry_role": "design_proposal", "area_sqm_declared": 6162.411}, "geometry": {"type": "Polygon", "coordinates": [[[116.34524989576107, 40.01103599430582], [116.3452426901271, 40.01179008268042], [116.3443807834434, 40.011785209759815], [116.34438799856103, 40.01103112151461], [116.34524989576107, 40.01103599430582]]]}}, {"type": "Feature", "id": "BLDG-265", "properties": {"id": "BLDG-265", "layer": "BUILDING_FOOTPRINT", "building_type": "ai_r_and_d", "land_use_code": "0802", "source_type": "agent_generated_design", "confidence": "medium", "geometry_role": "design_proposal", "area_sqm_declared": 3076.342}, "geometry": {"type": "Polygon", "coordinates": [[[116.34541650795349, 40.01316728766708], [116.34541017535294, 40.01383013079955], [116.34492065749063, 40.01382736469591], [116.34492699482604, 40.013164521628006], [116.34541650795349, 40.01316728766708]]]}}, {"type": "Feature", "id": "BLDG-266", "properties": {"id": "BLDG-266", "layer": "BUILDING_FOOTPRINT", "building_type": "ai_r_and_d", "land_use_code": "0802", "source_type": "agent_generated_design", "confidence": "medium", "geometry_role": "design_proposal", "area_sqm_declared": 4333.251}, "geometry": {"type": "Polygon", "coordinates": [[[116.34517739668797, 40.02185094958611], [116.34517145978529, 40.022471956348845], [116.34443539457203, 40.02246779457184], [116.34444133814695, 40.02184678790009], [116.34517739668797, 40.02185094958611]]]}}, {"type": "Feature", "id": "BLDG-267", "properties": {"id": "BLDG-267", "layer": "BUILDING_FOOTPRINT", "building_type": "ai_r_and_d", "land_use_code": "0802", "source_type": "agent_generated_design", "confidence": "medium", "geometry_role": "design_proposal", "area_sqm_declared": 3663.454}, "geometry": {"type": "Polygon", "coordinates": [[[116.34383266937962, 40.01158667309683], [116.34382532262951, 40.01235385360458], [116.34332167316985, 40.012351000754116], [116.34332902555802, 40.01158382032343], [116.34383266937962, 40.01158667309683]]]}}, {"type": "Feature", "id": "BLDG-268", "properties": {"id": "BLDG-268", "layer": "BUILDING_FOOTPRINT", "building_type": "ai_r_and_d", "land_use_code": "0802", "source_type": "agent_generated_design", "confidence": "medium", "geometry_role": "design_proposal", "area_sqm_declared": 2476.206}, "geometry": {"type": "Polygon", "coordinates": [[[116.34358099559122, 40.01855491021119], [116.34357830113359, 40.018836103391955], [116.34264942521956, 40.01883083801708], [116.34265212348936, 40.01854964488846], [116.34358099559122, 40.01855491021119]]]}}, {"type": "Feature", "id": "BLDG-269", "properties": {"id": "BLDG-269", "layer": "BUILDING_FOOTPRINT", "building_type": "ai_r_and_d", "land_use_code": "0802", "source_type": "agent_generated_design", "confidence": "medium", "geometry_role": "design_proposal", "area_sqm_declared": 2023.118}, "geometry": {"type": "Polygon", "coordinates": [[[116.34390866376006, 40.01854425043417], [116.34390351754604, 40.019081573522236], [116.34350635977486, 40.01907932423814], [116.34351150910351, 40.01854200119265], [116.34390866376006, 40.01854425043417]]]}}, {"type": "Feature", "id": "BLDG-270", "properties": {"id": "BLDG-270", "layer": "BUILDING_FOOTPRINT", "building_type": "ai_r_and_d", "land_use_code": "0802", "source_type": "agent_generated_design", "confidence": "medium", "geometry_role": "design_proposal", "area_sqm_declared": 4320.104}, "geometry": {"type": "Polygon", "coordinates": [[[116.34452999682561, 40.020647291510095], [116.34452376511997, 40.02129851850259], [116.34382399874731, 40.021294558188345], [116.34383023710457, 40.020643331286664], [116.34452999682561, 40.020647291510095]]]}}, {"type": "Feature", "id": "BLDG-271", "properties": {"id": "BLDG-271", "layer": "BUILDING_FOOTPRINT", "building_type": "ai_r_and_d", "land_use_code": "0802", "source_type": "agent_generated_design", "confidence": "medium", "geometry_role": "design_proposal", "area_sqm_declared": 5908.632}, "geometry": {"type": "Polygon", "coordinates": [[[116.34465865685101, 40.02411342846388], [116.34465250171606, 40.024756700790206], [116.34368354357517, 40.02475121682742], [116.34368970780919, 40.02410794462529], [116.34465865685101, 40.02411342846388]]]}}, {"type": "Feature", "id": "BLDG-272", "properties": {"id": "BLDG-272", "layer": "BUILDING_FOOTPRINT", "building_type": "ai_r_and_d", "land_use_code": "0802", "source_type": "agent_generated_design", "confidence": "medium", "geometry_role": "design_proposal", "area_sqm_declared": 5282.204}, "geometry": {"type": "Polygon", "coordinates": [[[116.3451301414199, 40.02218519381127], [116.34512319248009, 40.0229119977889], [116.34435653845296, 40.022907662628036], [116.34436349552637, 40.02218085876134], [116.3451301414199, 40.02218519381127]]]}}, {"type": "Feature", "id": "BLDG-273", "properties": {"id": "BLDG-273", "layer": "BUILDING_FOOTPRINT", "building_type": "ai_r_and_d", "land_use_code": "0802", "source_type": "agent_generated_design", "confidence": "medium", "geometry_role": "design_proposal", "area_sqm_declared": 2066.367}, "geometry": {"type": "Polygon", "coordinates": [[[116.34437858646059, 40.01527065868934], [116.3443757559669, 40.01556644238611], [116.34363888983691, 40.01556227119116], [116.34364172351127, 40.01526648753783], [116.34437858646059, 40.01527065868934]]]}}, {"type": "Feature", "id": "BLDG-274", "properties": {"id": "BLDG-274", "layer": "BUILDING_FOOTPRINT", "building_type": "ai_r_and_d", "land_use_code": "0802", "source_type": "agent_generated_design", "confidence": "medium", "geometry_role": "design_proposal", "area_sqm_declared": 1586.867}, "geometry": {"type": "Polygon", "coordinates": [[[116.34403604741331, 40.023000061081696], [116.34403203540518, 40.02341897644355], [116.34363244148796, 40.02341671374247], [116.34363645593966, 40.022997798413975], [116.34403604741331, 40.023000061081696]]]}}, {"type": "Feature", "id": "BLDG-275", "properties": {"id": "BLDG-275", "layer": "BUILDING_FOOTPRINT", "building_type": "ai_r_and_d", "land_use_code": "0802", "source_type": "agent_generated_design", "confidence": "medium", "geometry_role": "design_proposal", "area_sqm_declared": 2255.407}, "geometry": {"type": "Polygon", "coordinates": [[[116.34312695248168, 40.01556287415338], [116.34312124112117, 40.0161585574898], [116.34272187768624, 40.016156293053896], [116.34272759251847, 40.015560609764975], [116.34312695248168, 40.01556287415338]]]}}, {"type": "Feature", "id": "BLDG-276", "properties": {"id": "BLDG-276", "layer": "BUILDING_FOOTPRINT", "building_type": "ai_r_and_d", "land_use_code": "0802", "source_type": "agent_generated_design", "confidence": "medium", "geometry_role": "design_proposal", "area_sqm_declared": 2646.346}, "geometry": {"type": "Polygon", "coordinates": [[[116.34365248672805, 40.01956120653362], [116.34364734576707, 40.02009775223083], [116.34312708200018, 40.02009480429723], [116.34313222703551, 40.019558258655714], [116.34365248672805, 40.01956120653362]]]}}, {"type": "Feature", "id": "BLDG-277", "properties": {"id": "BLDG-277", "layer": "BUILDING_FOOTPRINT", "building_type": "ai_r_and_d", "land_use_code": "0802", "source_type": "agent_generated_design", "confidence": "medium", "geometry_role": "design_proposal", "area_sqm_declared": 4953.18}, "geometry": {"type": "Polygon", "coordinates": [[[116.34382302799692, 40.007842786344995], [116.34381822336623, 40.00834457013364], [116.34277715925533, 40.00833867083932], [116.34278197150746, 40.0078368871549], [116.34382302799692, 40.007842786344995]]]}}, {"type": "Feature", "id": "BLDG-278", "properties": {"id": "BLDG-278", "layer": "BUILDING_FOOTPRINT", "building_type": "ai_r_and_d", "land_use_code": "0802", "source_type": "agent_generated_design", "confidence": "medium", "geometry_role": "design_proposal", "area_sqm_declared": 3122.871}, "geometry": {"type": "Polygon", "coordinates": [[[116.34462549081542, 40.01322420890314], [116.3446220762333, 40.01358118911007], [116.34369939242687, 40.013575967336756], [116.3437028118154, 40.01321898719546], [116.34462549081542, 40.01322420890314]]]}}, {"type": "Feature", "id": "BLDG-279", "properties": {"id": "BLDG-279", "layer": "BUILDING_FOOTPRINT", "building_type": "ai_r_and_d", "land_use_code": "0802", "source_type": "agent_generated_design", "confidence": "medium", "geometry_role": "design_proposal", "area_sqm_declared": 2138.118}, "geometry": {"type": "Polygon", "coordinates": [[[116.34433425940408, 40.01381038586105], [116.34432954793859, 40.014302719035875], [116.34387149046599, 40.01430012648759], [116.34387620522236, 40.013807793357714], [116.34433425940408, 40.01381038586105]]]}}, {"type": "Feature", "id": "BLDG-280", "properties": {"id": "BLDG-280", "layer": "BUILDING_FOOTPRINT", "building_type": "ai_r_and_d", "land_use_code": "0802", "source_type": "agent_generated_design", "confidence": "medium", "geometry_role": "design_proposal", "area_sqm_declared": 4088.012}, "geometry": {"type": "Polygon", "coordinates": [[[116.34522898819256, 40.02466608380423], [116.3452219204717, 40.02540535749796], [116.34463857736387, 40.0254020598054], [116.34464565138026, 40.02466278619751], [116.34522898819256, 40.02466608380423]]]}}, {"type": "Feature", "id": "BLDG-281", "properties": {"id": "BLDG-281", "layer": "BUILDING_FOOTPRINT", "building_type": "ai_r_and_d", "land_use_code": "0802", "source_type": "agent_generated_design", "confidence": "medium", "geometry_role": "design_proposal", "area_sqm_declared": 5832.36}, "geometry": {"type": "Polygon", "coordinates": [[[116.34447275961092, 40.00881404160242], [116.34446586143795, 40.00953515503978], [116.34361284311332, 40.009530326750664], [116.343619750261, 40.0088092134359], [116.34447275961092, 40.00881404160242]]]}}, {"type": "Feature", "id": "BLDG-282", "properties": {"id": "BLDG-282", "layer": "BUILDING_FOOTPRINT", "building_type": "ai_r_and_d", "land_use_code": "0802", "source_type": "agent_generated_design", "confidence": "medium", "geometry_role": "design_proposal", "area_sqm_declared": 5122.34}, "geometry": {"type": "Polygon", "coordinates": [[[116.34515012509475, 40.01233599644579], [116.34514250808151, 40.013132977573456], [116.34446461586488, 40.01312914492781], [116.34447224076166, 40.01233216390771], [116.34515012509475, 40.01233599644579]]]}}, {"type": "Feature", "id": "BLDG-283", "properties": {"id": "BLDG-283", "layer": "BUILDING_FOOTPRINT", "building_type": "ai_r_and_d", "land_use_code": "0802", "source_type": "agent_generated_design", "confidence": "medium", "geometry_role": "design_proposal", "area_sqm_declared": 4346.408}, "geometry": {"type": "Polygon", "coordinates": [[[116.34419105744547, 40.01452827926706], [116.34418688467215, 40.01496421508836], [116.34313526314293, 40.01495825902957], [116.34313944260627, 40.0145223232997], [116.34419105744547, 40.01452827926706]]]}}, {"type": "Feature", "id": "BLDG-284", "properties": {"id": "BLDG-284", "layer": "BUILDING_FOOTPRINT", "building_type": "ai_r_and_d", "land_use_code": "0802", "source_type": "agent_generated_design", "confidence": "medium", "geometry_role": "design_proposal", "area_sqm_declared": 3568.538}, "geometry": {"type": "Polygon", "coordinates": [[[116.34332984788473, 40.013973391447145], [116.34332401797421, 40.014581661385314], [116.34270522831606, 40.01457815330816], [116.34271106371921, 40.01396988344512], [116.34332984788473, 40.013973391447145]]]}}, {"type": "Feature", "id": "BLDG-285", "properties": {"id": "BLDG-285", "layer": "BUILDING_FOOTPRINT", "building_type": "ai_r_and_d", "land_use_code": "0802", "source_type": "agent_generated_design", "confidence": "medium", "geometry_role": "design_proposal", "area_sqm_declared": 2227.435}, "geometry": {"type": "Polygon", "coordinates": [[[116.34349863798347, 40.017726062826924], [116.34349603275811, 40.01799791770361], [116.34263178490218, 40.0179930183279], [116.34263439355654, 40.01772116349811], [116.34349863798347, 40.017726062826924]]]}}, {"type": "Feature", "id": "BLDG-286", "properties": {"id": "BLDG-286", "layer": "BUILDING_FOOTPRINT", "building_type": "ai_r_and_d", "land_use_code": "0802", "source_type": "agent_generated_design", "confidence": "medium", "geometry_role": "design_proposal", "area_sqm_declared": 4532.379}, "geometry": {"type": "Polygon", "coordinates": [[[116.34504273486986, 40.012534898284805], [116.34503652435818, 40.0131846059944], [116.34430074295507, 40.01318044519865], [116.34430696044237, 40.01253073758424], [116.34504273486986, 40.012534898284805]]]}}, {"type": "Feature", "id": "BLDG-287", "properties": {"id": "BLDG-287", "layer": "BUILDING_FOOTPRINT", "building_type": "ai_r_and_d", "land_use_code": "0802", "source_type": "agent_generated_design", "confidence": "medium", "geometry_role": "design_proposal", "area_sqm_declared": 3473.924}, "geometry": {"type": "Polygon", "coordinates": [[[116.34481617107114, 40.01092845865785], [116.34481222868465, 40.0113407716435], [116.34392359596916, 40.01133574423326], [116.34392754370182, 40.0109234313206], [116.34481617107114, 40.01092845865785]]]}}, {"type": "Feature", "id": "BLDG-288", "properties": {"id": "BLDG-288", "layer": "BUILDING_FOOTPRINT", "building_type": "ai_r_and_d", "land_use_code": "0802", "source_type": "agent_generated_design", "confidence": "medium", "geometry_role": "design_proposal", "area_sqm_declared": 4099.274}, "geometry": {"type": "Polygon", "coordinates": [[[116.34329764060656, 40.02141573490261], [116.34328987102191, 40.02222612446218], [116.3427562781979, 40.022223099287494], [116.34276405409439, 40.02141270981424], [116.34329764060656, 40.02141573490261]]]}}, {"type": "Feature", "id": "BLDG-289", "properties": {"id": "BLDG-289", "layer": "BUILDING_FOOTPRINT", "building_type": "ai_r_and_d", "land_use_code": "0802", "source_type": "agent_generated_design", "confidence": "medium", "geometry_role": "design_proposal", "area_sqm_declared": 3378.911}, "geometry": {"type": "Polygon", "coordinates": [[[116.34467347049294, 40.021835350753975], [116.34466928546534, 40.02227277499781], [116.34385444748197, 40.022268164029754], [116.34385863771232, 40.021830739856945], [116.34467347049294, 40.021835350753975]]]}}, {"type": "Feature", "id": "BLDG-290", "properties": {"id": "BLDG-290", "layer": "BUILDING_FOOTPRINT", "building_type": "ai_r_and_d", "land_use_code": "0802", "source_type": "agent_generated_design", "confidence": "medium", "geometry_role": "design_proposal", "area_sqm_declared": 5145.535}, "geometry": {"type": "Polygon", "coordinates": [[[116.34286429260204, 40.00993684227339], [116.34285779203373, 40.010614701561366], [116.34205719298069, 40.010610159019436], [116.3420637014673, 40.00993229983989], [116.34286429260204, 40.00993684227339]]]}}, {"type": "Feature", "id": "BLDG-291", "properties": {"id": "BLDG-291", "layer": "BUILDING_FOOTPRINT", "building_type": "ai_r_and_d", "land_use_code": "0802", "source_type": "agent_generated_design", "confidence": "medium", "geometry_role": "design_proposal", "area_sqm_declared": 5846.889}, "geometry": {"type": "Polygon", "coordinates": [[[116.34473262388931, 40.00771121924738], [116.34472547777219, 40.00845857709027], [116.34390037661652, 40.0084539087973], [116.34390753173024, 40.00770655107727], [116.34473262388931, 40.00771121924738]]]}}, {"type": "Feature", "id": "BLDG-292", "properties": {"id": "BLDG-292", "layer": "BUILDING_FOOTPRINT", "building_type": "ai_r_and_d", "land_use_code": "0802", "source_type": "agent_generated_design", "confidence": "medium", "geometry_role": "design_proposal", "area_sqm_declared": 3084.71}, "geometry": {"type": "Polygon", "coordinates": [[[116.34327621774054, 40.01989930514035], [116.34327240509278, 40.02029698762576], [116.34245419909081, 40.0202923477782], [116.34245801648788, 40.01989466535776], [116.34327621774054, 40.01989930514035]]]}}, {"type": "Feature", "id": "BLDG-293", "properties": {"id": "BLDG-293", "layer": "BUILDING_FOOTPRINT", "building_type": "ai_r_and_d", "land_use_code": "0802", "source_type": "agent_generated_design", "confidence": "medium", "geometry_role": "design_proposal", "area_sqm_declared": 4093.672}, "geometry": {"type": "Polygon", "coordinates": [[[116.34447886862785, 40.0247086463384], [116.34447465629107, 40.02514874926441], [116.34349341881224, 40.0251431942337], [116.34349763745324, 40.024703091393775], [116.34447886862785, 40.0247086463384]]]}}, {"type": "Feature", "id": "BLDG-294", "properties": {"id": "BLDG-294", "layer": "BUILDING_FOOTPRINT", "building_type": "ai_r_and_d", "land_use_code": "0802", "source_type": "agent_generated_design", "confidence": "medium", "geometry_role": "design_proposal", "area_sqm_declared": 5538.61}, "geometry": {"type": "Polygon", "coordinates": [[[116.3453858830484, 40.01619043391223], [116.34538042705572, 40.01676143435169], [116.34435730526148, 40.01675565030823], [116.34436276977999, 40.01618464998505], [116.3453858830484, 40.01619043391223]]]}}, {"type": "Feature", "id": "BLDG-295", "properties": {"id": "BLDG-295", "layer": "BUILDING_FOOTPRINT", "building_type": "ai_r_and_d", "land_use_code": "0802", "source_type": "agent_generated_design", "confidence": "medium", "geometry_role": "design_proposal", "area_sqm_declared": 2424.134}, "geometry": {"type": "Polygon", "coordinates": [[[116.34329808384443, 40.01404243914424], [116.34329467384238, 40.014398209517225], [116.34257599516232, 40.01439413465636], [116.34257940889553, 40.01403836433442], [116.34329808384443, 40.01404243914424]]]}}, {"type": "Feature", "id": "BLDG-296", "properties": {"id": "BLDG-296", "layer": "BUILDING_FOOTPRINT", "building_type": "ai_r_and_d", "land_use_code": "0802", "source_type": "agent_generated_design", "confidence": "medium", "geometry_role": "design_proposal", "area_sqm_declared": 4180.638}, "geometry": {"type": "Polygon", "coordinates": [[[116.34549320337594, 40.0177000793615], [116.34548789670343, 40.018255514074646], [116.34469396728527, 40.018251027212095], [116.3446992803937, 40.01769559258669], [116.34549320337594, 40.0177000793615]]]}}, {"type": "Feature", "id": "BLDG-297", "properties": {"id": "BLDG-297", "layer": "BUILDING_FOOTPRINT", "building_type": "ai_r_and_d", "land_use_code": "0802", "source_type": "agent_generated_design", "confidence": "medium", "geometry_role": "design_proposal", "area_sqm_declared": 5204.008}, "geometry": {"type": "Polygon", "coordinates": [[[116.34363120110221, 40.01952246488908], [116.3436245828191, 40.02021316986189], [116.34282983435057, 40.020208665534575], [116.34283646064577, 40.019517960671294], [116.34363120110221, 40.01952246488908]]]}}, {"type": "Feature", "id": "BLDG-298", "properties": {"id": "BLDG-298", "layer": "BUILDING_FOOTPRINT", "building_type": "ai_r_and_d", "land_use_code": "0802", "source_type": "agent_generated_design", "confidence": "medium", "geometry_role": "design_proposal", "area_sqm_declared": 3633.224}, "geometry": {"type": "Polygon", "coordinates": [[[116.34264840107986, 40.012496404251834], [116.34264137289952, 40.01322897289896], [116.34211827338264, 40.01322600447222], [116.34212530715473, 40.01249343590167], [116.34264840107986, 40.012496404251834]]]}}, {"type": "Feature", "id": "BLDG-299", "properties": {"id": "BLDG-299", "layer": "BUILDING_FOOTPRINT", "building_type": "ai_r_and_d", "land_use_code": "0802", "source_type": "agent_generated_design", "confidence": "medium", "geometry_role": "design_proposal", "area_sqm_declared": 3306.987}, "geometry": {"type": "Polygon", "coordinates": [[[116.3436600932954, 40.01963665807978], [116.34365238352846, 40.02044130361803], [116.34321885904536, 40.02043884734509], [116.34322657390382, 40.019634201876435], [116.3436600932954, 40.01963665807978]]]}}, {"type": "Feature", "id": "BLDG-300", "properties": {"id": "BLDG-300", "layer": "BUILDING_FOOTPRINT", "building_type": "ai_r_and_d", "land_use_code": "0802", "source_type": "agent_generated_design", "confidence": "medium", "geometry_role": "design_proposal", "area_sqm_declared": 4593.642}, "geometry": {"type": "Polygon", "coordinates": [[[116.35151046473462, 39.946307455623185], [116.3515028298717, 39.94711603646564], [116.35090419492234, 39.947112686326804], [116.35091183683186, 39.94630410557978], [116.35151046473462, 39.946307455623185]]]}}, {"type": "Feature", "id": "BLDG-301", "properties": {"id": "BLDG-301", "layer": "BUILDING_FOOTPRINT", "building_type": "ai_r_and_d", "land_use_code": "0802", "source_type": "agent_generated_design", "confidence": "medium", "geometry_role": "design_proposal", "area_sqm_declared": 1666.094}, "geometry": {"type": "Polygon", "coordinates": [[[116.35102665424425, 39.940598461958636], [116.3510222587527, 39.94106372405467], [116.35064495387002, 39.941061611418725], [116.35064935191657, 39.940596349357314], [116.35102665424425, 39.940598461958636]]]}}, {"type": "Feature", "id": "BLDG-302", "properties": {"id": "BLDG-302", "layer": "BUILDING_FOOTPRINT", "building_type": "ai_r_and_d", "land_use_code": "0802", "source_type": "agent_generated_design", "confidence": "medium", "geometry_role": "design_proposal", "area_sqm_declared": 2159.719}, "geometry": {"type": "Polygon", "coordinates": [[[116.35057556522942, 39.94633090874887], [116.3505722755013, 39.94667881413802], [116.34991814933862, 39.94667514805622], [116.34992144237967, 39.946327242712], [116.35057556522942, 39.94633090874887]]]}}, {"type": "Feature", "id": "BLDG-303", "properties": {"id": "BLDG-303", "layer": "BUILDING_FOOTPRINT", "building_type": "ai_r_and_d", "land_use_code": "0802", "source_type": "agent_generated_design", "confidence": "medium", "geometry_role": "design_proposal", "area_sqm_declared": 4621.192}, "geometry": {"type": "Polygon", "coordinates": [[[116.35124907864987, 39.94506446642794], [116.35124348308719, 39.945656862941284], [116.35042150409295, 39.94565226031314], [116.35042710674402, 39.945059863895835], [116.35124907864987, 39.94506446642794]]]}}, {"type": "Feature", "id": "BLDG-304", "properties": {"id": "BLDG-304", "layer": "BUILDING_FOOTPRINT", "building_type": "ai_r_and_d", "land_use_code": "0802", "source_type": "agent_generated_design", "confidence": "medium", "geometry_role": "design_proposal", "area_sqm_declared": 4348.49}, "geometry": {"type": "Polygon", "coordinates": [[[116.35133270471265, 39.943326347587465], [116.35132727364018, 39.943901439629144], [116.3505305468822, 39.94389697911006], [116.35053598462417, 39.94332188715873], [116.35133270471265, 39.943326347587465]]]}}, {"type": "Feature", "id": "BLDG-305", "properties": {"id": "BLDG-305", "layer": "BUILDING_FOOTPRINT", "building_type": "ai_r_and_d", "land_use_code": "0802", "source_type": "agent_generated_design", "confidence": "medium", "geometry_role": "design_proposal", "area_sqm_declared": 2209.298}, "geometry": {"type": "Polygon", "coordinates": [[[116.35121508278407, 39.944214340053215], [116.35121238770806, 39.94449966087522], [116.35039649535376, 39.94449509216376], [116.3503991938184, 39.94420977138767], [116.35121508278407, 39.944214340053215]]]}}, {"type": "Feature", "id": "BLDG-306", "properties": {"id": "BLDG-306", "layer": "BUILDING_FOOTPRINT", "building_type": "ai_r_and_d", "land_use_code": "0802", "source_type": "agent_generated_design", "confidence": "medium", "geometry_role": "design_proposal", "area_sqm_declared": 7065.318}, "geometry": {"type": "Polygon", "coordinates": [[[116.35061574667954, 39.942660545412735], [116.35060818119602, 39.943460778478816], [116.34967788633053, 39.94345556387868], [116.34968546265021, 39.94265533095961], [116.35061574667954, 39.942660545412735]]]}}, {"type": "Feature", "id": "BLDG-307", "properties": {"id": "BLDG-307", "layer": "BUILDING_FOOTPRINT", "building_type": "ai_r_and_d", "land_use_code": "0802", "source_type": "agent_generated_design", "confidence": "medium", "geometry_role": "design_proposal", "area_sqm_declared": 2511.441}, "geometry": {"type": "Polygon", "coordinates": [[[116.35047220497395, 39.94340380020383], [116.3504676722021, 39.94388313579667], [116.3499156058999, 39.94388004151203], [116.34992014252369, 39.94340070597143], [116.35047220497395, 39.94340380020383]]]}}, {"type": "Feature", "id": "BLDG-308", "properties": {"id": "BLDG-308", "layer": "BUILDING_FOOTPRINT", "building_type": "ai_r_and_d", "land_use_code": "0802", "source_type": "agent_generated_design", "confidence": "medium", "geometry_role": "design_proposal", "area_sqm_declared": 1465.674}, "geometry": {"type": "Polygon", "coordinates": [[[116.35039553161401, 39.943871052942896], [116.3503928431014, 39.94415532327257], [116.34984957334363, 39.94415227795667], [116.34985226410427, 39.94386800765749], [116.35039553161401, 39.943871052942896]]]}}, {"type": "Feature", "id": "BLDG-309", "properties": {"id": "BLDG-309", "layer": "BUILDING_FOOTPRINT", "building_type": "ai_r_and_d", "land_use_code": "0802", "source_type": "agent_generated_design", "confidence": "medium", "geometry_role": "design_proposal", "area_sqm_declared": 4748.882}, "geometry": {"type": "Polygon", "coordinates": [[[116.3507158215982, 39.94269244875226], [116.35071059657028, 39.94324520996377], [116.34980536887613, 39.943240136777426], [116.34981060118746, 39.942687375664704], [116.3507158215982, 39.94269244875226]]]}}, {"type": "Feature", "id": "BLDG-310", "properties": {"id": "BLDG-310", "layer": "BUILDING_FOOTPRINT", "building_type": "ai_r_and_d", "land_use_code": "0802", "source_type": "agent_generated_design", "confidence": "medium", "geometry_role": "design_proposal", "area_sqm_declared": 3444.02}, "geometry": {"type": "Polygon", "coordinates": [[[116.35124019620649, 39.94071371569744], [116.35123585371315, 39.94117351743206], [116.35044665527386, 39.941169098537614], [116.35045100304879, 39.940709296874566], [116.35124019620649, 39.94071371569744]]]}}, {"type": "Feature", "id": "BLDG-311", "properties": {"id": "BLDG-311", "layer": "BUILDING_FOOTPRINT", "building_type": "ai_r_and_d", "land_use_code": "0802", "source_type": "agent_generated_design", "confidence": "medium", "geometry_role": "design_proposal", "area_sqm_declared": 4666.847}, "geometry": {"type": "Polygon", "coordinates": [[[116.35093611434664, 39.94407219205997], [116.35093022029474, 39.9446959099476], [116.3501418167492, 39.944691493332996], [116.35014771795922, 39.94406777554241], [116.35093611434664, 39.94407219205997]]]}}, {"type": "Feature", "id": "BLDG-312", "properties": {"id": "BLDG-312", "layer": "BUILDING_FOOTPRINT", "building_type": "ai_r_and_d", "land_use_code": "0802", "source_type": "agent_generated_design", "confidence": "medium", "geometry_role": "design_proposal", "area_sqm_declared": 3035.026}, "geometry": {"type": "Polygon", "coordinates": [[[116.35069086745492, 39.9464389005362], [116.350684583731, 39.947103546314004], [116.35020341176354, 39.9471008503805], [116.35020970014318, 39.946436204665815], [116.35069086745492, 39.9464389005362]]]}}, {"type": "Feature", "id": "BLDG-313", "properties": {"id": "BLDG-313", "layer": "BUILDING_FOOTPRINT", "building_type": "ai_r_and_d", "land_use_code": "0802", "source_type": "agent_generated_design", "confidence": "medium", "geometry_role": "design_proposal", "area_sqm_declared": 1774.055}, "geometry": {"type": "Polygon", "coordinates": [[[116.35119171877052, 39.94135481890319], [116.3511883876038, 39.94170750360307], [116.35065838857767, 39.94170453638856], [116.35066172246509, 39.94135185172554], [116.35119171877052, 39.94135481890319]]]}}, {"type": "Feature", "id": "BLDG-314", "properties": {"id": "BLDG-314", "layer": "BUILDING_FOOTPRINT", "building_type": "ai_r_and_d", "land_use_code": "0802", "source_type": "agent_generated_design", "confidence": "medium", "geometry_role": "design_proposal", "area_sqm_declared": 5901.185}, "geometry": {"type": "Polygon", "coordinates": [[[116.35138875775118, 39.94370693639104], [116.35138127076314, 39.944499781193265], [116.35059700535423, 39.944495390831136], [116.35060450139349, 39.94370254615152], [116.35138875775118, 39.94370693639104]]]}}, {"type": "Feature", "id": "BLDG-315", "properties": {"id": "BLDG-315", "layer": "BUILDING_FOOTPRINT", "building_type": "ai_r_and_d", "land_use_code": "0802", "source_type": "agent_generated_design", "confidence": "medium", "geometry_role": "design_proposal", "area_sqm_declared": 4728.996}, "geometry": {"type": "Polygon", "coordinates": [[[116.35055090733961, 39.96750948125698], [116.35054509308917, 39.96812387718694], [116.34973379557846, 39.968119328896215], [116.34973961709079, 39.96750493306469], [116.35055090733961, 39.96750948125698]]]}}, {"type": "Feature", "id": "BLDG-316", "properties": {"id": "BLDG-316", "layer": "BUILDING_FOOTPRINT", "building_type": "ai_r_and_d", "land_use_code": "0802", "source_type": "agent_generated_design", "confidence": "medium", "geometry_role": "design_proposal", "area_sqm_declared": 2777.999}, "geometry": {"type": "Polygon", "coordinates": [[[116.35064916489203, 39.97471000095767], [116.35064637692204, 39.97500457920032], [116.34965226801403, 39.97499900588533], [116.34965506025146, 39.9747044277005], [116.35064916489203, 39.97471000095767]]]}}, {"type": "Feature", "id": "BLDG-317", "properties": {"id": "BLDG-317", "layer": "BUILDING_FOOTPRINT", "building_type": "ai_r_and_d", "land_use_code": "0802", "source_type": "agent_generated_design", "confidence": "medium", "geometry_role": "design_proposal", "area_sqm_declared": 4754.532}, "geometry": {"type": "Polygon", "coordinates": [[[116.35043738242477, 39.9627809635651], [116.35043149646702, 39.96340293262322], [116.3496258045264, 39.96339841511799], [116.34963169778355, 39.962776446158855], [116.35043738242477, 39.9627809635651]]]}}, {"type": "Feature", "id": "BLDG-318", "properties": {"id": "BLDG-318", "layer": "BUILDING_FOOTPRINT", "building_type": "ai_r_and_d", "land_use_code": "0802", "source_type": "agent_generated_design", "confidence": "medium", "geometry_role": "design_proposal", "area_sqm_declared": 2430.602}, "geometry": {"type": "Polygon", "coordinates": [[[116.35119873933265, 39.968677163580125], [116.3511946745473, 39.9691071053605], [116.35059877912263, 39.96910376852883], [116.35060284764064, 39.96867382679898], [116.35119873933265, 39.968677163580125]]]}}, {"type": "Feature", "id": "BLDG-319", "properties": {"id": "BLDG-319", "layer": "BUILDING_FOOTPRINT", "building_type": "ai_r_and_d", "land_use_code": "0802", "source_type": "agent_generated_design", "confidence": "medium", "geometry_role": "design_proposal", "area_sqm_declared": 2493.203}, "geometry": {"type": "Polygon", "coordinates": [[[116.35069163501178, 39.97397156234292], [116.35068637361134, 39.97452753175166], [116.35021365099341, 39.9745248827408], [116.35021891622367, 39.973968913383935], [116.35069163501178, 39.97397156234292]]]}}, {"type": "Feature", "id": "BLDG-320", "properties": {"id": "BLDG-320", "layer": "BUILDING_FOOTPRINT", "building_type": "ai_r_and_d", "land_use_code": "0802", "source_type": "agent_generated_design", "confidence": "medium", "geometry_role": "design_proposal", "area_sqm_declared": 4901.151}, "geometry": {"type": "Polygon", "coordinates": [[[116.3506895473648, 39.970831707250255], [116.35068311234227, 39.971511764323104], [116.34992342746096, 39.97150750636884], [116.349929870011, 39.97082744939797], [116.3506895473648, 39.970831707250255]]]}}, {"type": "Feature", "id": "BLDG-321", "properties": {"id": "BLDG-321", "layer": "BUILDING_FOOTPRINT", "building_type": "ai_r_and_d", "land_use_code": "0802", "source_type": "agent_generated_design", "confidence": "medium", "geometry_role": "design_proposal", "area_sqm_declared": 3177.111}, "geometry": {"type": "Polygon", "coordinates": [[[116.35112455895964, 39.962703672766345], [116.35111953064599, 39.96323558000507], [116.3504899873618, 39.96323205438209], [116.35049502055308, 39.962700147209425], [116.35112455895964, 39.962703672766345]]]}}, {"type": "Feature", "id": "BLDG-322", "properties": {"id": "BLDG-322", "layer": "BUILDING_FOOTPRINT", "building_type": "ai_r_and_d", "land_use_code": "0802", "source_type": "agent_generated_design", "confidence": "medium", "geometry_role": "design_proposal", "area_sqm_declared": 3849.714}, "geometry": {"type": "Polygon", "coordinates": [[[116.35028339771881, 39.965325480436924], [116.35027640231077, 39.96606444083118], [116.34972729914901, 39.96606136183939], [116.3497343004681, 39.96532240152527], [116.35028339771881, 39.965325480436924]]]}}, {"type": "Feature", "id": "BLDG-323", "properties": {"id": "BLDG-323", "layer": "BUILDING_FOOTPRINT", "building_type": "ai_r_and_d", "land_use_code": "0802", "source_type": "agent_generated_design", "confidence": "medium", "geometry_role": "design_proposal", "area_sqm_declared": 2576.674}, "geometry": {"type": "Polygon", "coordinates": [[[116.35054780756646, 39.97401621247474], [116.35054472661616, 39.974341704127575], [116.3497102425339, 39.9743370255856], [116.34971332744223, 39.9740115339864], [116.35054780756646, 39.97401621247474]]]}}, {"type": "Feature", "id": "BLDG-324", "properties": {"id": "BLDG-324", "layer": "BUILDING_FOOTPRINT", "building_type": "ai_r_and_d", "land_use_code": "0802", "source_type": "agent_generated_design", "confidence": "medium", "geometry_role": "design_proposal", "area_sqm_declared": 2998.11}, "geometry": {"type": "Polygon", "coordinates": [[[116.35066351216634, 39.97129783479358], [116.35065868276592, 39.971808181994], [116.35003943504142, 39.97180471141368], [116.35004426904662, 39.97129436427565], [116.35066351216634, 39.97129783479358]]]}}, {"type": "Feature", "id": "BLDG-325", "properties": {"id": "BLDG-325", "layer": "BUILDING_FOOTPRINT", "building_type": "ai_r_and_d", "land_use_code": "0802", "source_type": "agent_generated_design", "confidence": "medium", "geometry_role": "design_proposal", "area_sqm_declared": 4660.041}, "geometry": {"type": "Polygon", "coordinates": [[[116.3509232458628, 39.96884796813735], [116.35091837013225, 39.96936346232582], [116.34996550102368, 39.96935812280388], [116.34997038391069, 39.96884262871235], [116.3509232458628, 39.96884796813735]]]}}, {"type": "Feature", "id": "BLDG-326", "properties": {"id": "BLDG-326", "layer": "BUILDING_FOOTPRINT", "building_type": "ai_r_and_d", "land_use_code": "0802", "source_type": "agent_generated_design", "confidence": "medium", "geometry_role": "design_proposal", "area_sqm_declared": 3710.244}, "geometry": {"type": "Polygon", "coordinates": [[[116.35084453622164, 39.97005099677872], [116.35083939716652, 39.970594241858514], [116.35011948138273, 39.97059020792258], [116.35012462613605, 39.97004696291997], [116.35084453622164, 39.97005099677872]]]}}, {"type": "Feature", "id": "BLDG-327", "properties": {"id": "BLDG-327", "layer": "BUILDING_FOOTPRINT", "building_type": "ai_r_and_d", "land_use_code": "0802", "source_type": "agent_generated_design", "confidence": "medium", "geometry_role": "design_proposal", "area_sqm_declared": 4626.347}, "geometry": {"type": "Polygon", "coordinates": [[[116.35009229573718, 39.97074313008559], [116.3500855503148, 39.97145533691179], [116.3494008313395, 39.971451495826194], [116.34940758386729, 39.97073928909636], [116.35009229573718, 39.97074313008559]]]}}, {"type": "Feature", "id": "BLDG-328", "properties": {"id": "BLDG-328", "layer": "BUILDING_FOOTPRINT", "building_type": "ai_r_and_d", "land_use_code": "0802", "source_type": "agent_generated_design", "confidence": "medium", "geometry_role": "design_proposal", "area_sqm_declared": 2487.203}, "geometry": {"type": "Polygon", "coordinates": [[[116.35048555052433, 39.97330719514182], [116.35048177840893, 39.97370567709072], [116.34982382221203, 39.97370198841176], [116.34982759814788, 39.97330350651464], [116.35048555052433, 39.97330719514182]]]}}, {"type": "Feature", "id": "BLDG-329", "properties": {"id": "BLDG-329", "layer": "BUILDING_FOOTPRINT", "building_type": "ai_r_and_d", "land_use_code": "0802", "source_type": "agent_generated_design", "confidence": "medium", "geometry_role": "design_proposal", "area_sqm_declared": 5025.032}, "geometry": {"type": "Polygon", "coordinates": [[[116.35052329105169, 39.97153394399969], [116.35051836876453, 39.97205399020925], [116.349499822003, 39.97204827875731], [116.3495047520082, 39.97152823265237], [116.35052329105169, 39.97153394399969]]]}}, {"type": "Feature", "id": "BLDG-330", "properties": {"id": "BLDG-330", "layer": "BUILDING_FOOTPRINT", "building_type": "ai_r_and_d", "land_use_code": "0802", "source_type": "agent_generated_design", "confidence": "medium", "geometry_role": "design_proposal", "area_sqm_declared": 2994.428}, "geometry": {"type": "Polygon", "coordinates": [[[116.35098076338679, 39.96451273854079], [116.35097767415435, 39.96483943330614], [116.35001159925827, 39.964834020372074], [116.35001469308828, 39.96450732566902], [116.35098076338679, 39.96451273854079]]]}}, {"type": "Feature", "id": "BLDG-331", "properties": {"id": "BLDG-331", "layer": "BUILDING_FOOTPRINT", "building_type": "ai_r_and_d", "land_use_code": "0802", "source_type": "agent_generated_design", "confidence": "medium", "geometry_role": "design_proposal", "area_sqm_declared": 4501.212}, "geometry": {"type": "Polygon", "coordinates": [[[116.35117305369107, 39.971798910811565], [116.35116675495786, 39.97246503815659], [116.35045446143285, 39.972461048920636], [116.35046076707967, 39.97179492166918], [116.35117305369107, 39.971798910811565]]]}}, {"type": "Feature", "id": "BLDG-332", "properties": {"id": "BLDG-332", "layer": "BUILDING_FOOTPRINT", "building_type": "ai_r_and_d", "land_use_code": "0802", "source_type": "agent_generated_design", "confidence": "medium", "geometry_role": "design_proposal", "area_sqm_declared": 6511.298}, "geometry": {"type": "Polygon", "coordinates": [[[116.35035540694973, 39.98864252458444], [116.35034913420088, 39.98930467221889], [116.34931231096171, 39.98929885607851], [116.34931859371993, 39.988636708579676], [116.35035540694973, 39.98864252458444]]]}}, {"type": "Feature", "id": "BLDG-333", "properties": {"id": "BLDG-333", "layer": "BUILDING_FOOTPRINT", "building_type": "ai_r_and_d", "land_use_code": "0802", "source_type": "agent_generated_design", "confidence": "medium", "geometry_role": "design_proposal", "area_sqm_declared": 3287.014}, "geometry": {"type": "Polygon", "coordinates": [[[116.3498537727674, 39.983723517796925], [116.34984638088426, 39.98450333259443], [116.34940198301636, 39.98450083899061], [116.3494093799512, 39.983721024261605], [116.3498537727674, 39.983723517796925]]]}}, {"type": "Feature", "id": "BLDG-334", "properties": {"id": "BLDG-334", "layer": "BUILDING_FOOTPRINT", "building_type": "ai_r_and_d", "land_use_code": "0802", "source_type": "agent_generated_design", "confidence": "medium", "geometry_role": "design_proposal", "area_sqm_declared": 5282.598}, "geometry": {"type": "Polygon", "coordinates": [[[116.35113856017085, 39.98768401511381], [116.35113110643903, 39.988471800716916], [116.35042409495567, 39.98846784047757], [116.3504315568077, 39.987680054984324], [116.35113856017085, 39.98768401511381]]]}}, {"type": "Feature", "id": "BLDG-335", "properties": {"id": "BLDG-335", "layer": "BUILDING_FOOTPRINT", "building_type": "ai_r_and_d", "land_use_code": "0802", "source_type": "agent_generated_design", "confidence": "medium", "geometry_role": "design_proposal", "area_sqm_declared": 2733.524}, "geometry": {"type": "Polygon", "coordinates": [[[116.35047450816448, 39.98646492784425], [116.35047050297983, 39.98688782557011], [116.34978900512064, 39.98688400446932], [116.34979301450687, 39.98646110680036], [116.35047450816448, 39.98646492784425]]]}}, {"type": "Feature", "id": "BLDG-336", "properties": {"id": "BLDG-336", "layer": "BUILDING_FOOTPRINT", "building_type": "ai_r_and_d", "land_use_code": "0802", "source_type": "agent_generated_design", "confidence": "medium", "geometry_role": "design_proposal", "area_sqm_declared": 1824.318}, "geometry": {"type": "Polygon", "coordinates": [[[116.35047452380032, 39.98790541814897], [116.3504713424313, 39.98824131471318], [116.34989870428657, 39.98823810422636], [116.34990188845987, 39.98790220770013], [116.35047452380032, 39.98790541814897]]]}}, {"type": "Feature", "id": "BLDG-337", "properties": {"id": "BLDG-337", "layer": "BUILDING_FOOTPRINT", "building_type": "ai_r_and_d", "land_use_code": "0802", "source_type": "agent_generated_design", "confidence": "medium", "geometry_role": "design_proposal", "area_sqm_declared": 3621.505}, "geometry": {"type": "Polygon", "coordinates": [[[116.35066995315574, 39.98998348658922], [116.35066426729898, 39.99058394530692], [116.35002834213941, 39.99058038083687], [116.35003403356363, 39.989979922194536], [116.35066995315574, 39.98998348658922]]]}}, {"type": "Feature", "id": "BLDG-338", "properties": {"id": "BLDG-338", "layer": "BUILDING_FOOTPRINT", "building_type": "ai_r_and_d", "land_use_code": "0802", "source_type": "agent_generated_design", "confidence": "medium", "geometry_role": "design_proposal", "area_sqm_declared": 4179.196}, "geometry": {"type": "Polygon", "coordinates": [[[116.3510092583241, 39.98884905400987], [116.3510043629147, 39.98936632926515], [116.35015251208284, 39.98936155623597], [116.35015741391672, 39.98884428106763], [116.3510092583241, 39.98884905400987]]]}}, {"type": "Feature", "id": "BLDG-339", "properties": {"id": "BLDG-339", "layer": "BUILDING_FOOTPRINT", "building_type": "ai_r_and_d", "land_use_code": "0802", "source_type": "agent_generated_design", "confidence": "medium", "geometry_role": "design_proposal", "area_sqm_declared": 6212.209}, "geometry": {"type": "Polygon", "coordinates": [[[116.3506472801977, 39.98713899037838], [116.3506405131012, 39.98785367943734], [116.34972405661114, 39.98784854132877], [116.34973083325656, 39.98713385239912], [116.3506472801977, 39.98713899037838]]]}}, {"type": "Feature", "id": "BLDG-340", "properties": {"id": "BLDG-340", "layer": "BUILDING_FOOTPRINT", "building_type": "ai_r_and_d", "land_use_code": "0802", "source_type": "agent_generated_design", "confidence": "medium", "geometry_role": "design_proposal", "area_sqm_declared": 3904.347}, "geometry": {"type": "Polygon", "coordinates": [[[116.35064865619584, 39.98795107665493], [116.3506438276483, 39.98846101994656], [116.34983656804587, 39.98845649443652], [116.34984140259509, 39.98794655122616], [116.35064865619584, 39.98795107665493]]]}}, {"type": "Feature", "id": "BLDG-341", "properties": {"id": "BLDG-341", "layer": "BUILDING_FOOTPRINT", "building_type": "ai_r_and_d", "land_use_code": "0802", "source_type": "agent_generated_design", "confidence": "medium", "geometry_role": "design_proposal", "area_sqm_declared": 7100.935}, "geometry": {"type": "Polygon", "coordinates": [[[116.35080181970538, 39.983840441280954], [116.35079423429876, 39.98464183698865], [116.34986005246279, 39.98463660077254], [116.34986764878265, 39.98383520521263], [116.35080181970538, 39.983840441280954]]]}}, {"type": "Feature", "id": "BLDG-342", "properties": {"id": "BLDG-342", "layer": "BUILDING_FOOTPRINT", "building_type": "ai_r_and_d", "land_use_code": "0802", "source_type": "agent_generated_design", "confidence": "medium", "geometry_role": "design_proposal", "area_sqm_declared": 2017.893}, "geometry": {"type": "Polygon", "coordinates": [[[116.35017694327966, 39.987813154922314], [116.35017287496093, 39.98824250144464], [116.34967733852369, 39.988239722115964], [116.34968140994427, 39.98781037563568], [116.35017694327966, 39.987813154922314]]]}}, {"type": "Feature", "id": "BLDG-343", "properties": {"id": "BLDG-343", "layer": "BUILDING_FOOTPRINT", "building_type": "ai_r_and_d", "land_use_code": "0802", "source_type": "agent_generated_design", "confidence": "medium", "geometry_role": "design_proposal", "area_sqm_declared": 4162.946}, "geometry": {"type": "Polygon", "coordinates": [[[116.3534067573469, 39.99535406470035], [116.35340023711817, 39.99604541894547], [116.3527652939771, 39.99604187485504], [116.35277182060746, 39.995350520696206], [116.3534067573469, 39.99535406470035]]]}}, {"type": "Feature", "id": "BLDG-344", "properties": {"id": "BLDG-344", "layer": "BUILDING_FOOTPRINT", "building_type": "ai_r_and_d", "land_use_code": "0802", "source_type": "agent_generated_design", "confidence": "medium", "geometry_role": "design_proposal", "area_sqm_declared": 3124.535}, "geometry": {"type": "Polygon", "coordinates": [[[116.35207839203042, 39.99586061579642], [116.35207253729615, 39.99648012329885], [116.35154070341005, 39.99647714887368], [116.35154656294922, 39.99585764143613], [116.35207839203042, 39.99586061579642]]]}}, {"type": "Feature", "id": "BLDG-345", "properties": {"id": "BLDG-345", "layer": "BUILDING_FOOTPRINT", "building_type": "ai_r_and_d", "land_use_code": "0802", "source_type": "agent_generated_design", "confidence": "medium", "geometry_role": "design_proposal", "area_sqm_declared": 4573.85}, "geometry": {"type": "Polygon", "coordinates": [[[116.35306273411419, 39.995236814269845], [116.35305666552655, 39.99587994126407], [116.35230673881486, 39.995875752773614], [116.3523128144359, 39.99523262587424], [116.35306273411419, 39.995236814269845]]]}}, {"type": "Feature", "id": "BLDG-346", "properties": {"id": "BLDG-346", "layer": "BUILDING_FOOTPRINT", "building_type": "ai_r_and_d", "land_use_code": "0802", "source_type": "agent_generated_design", "confidence": "medium", "geometry_role": "design_proposal", "area_sqm_declared": 4536.013}, "geometry": {"type": "Polygon", "coordinates": [[[116.35333210294135, 39.99406683305058], [116.35332735005794, 39.99457075902057], [116.35237820416508, 39.99456545929428], [116.35238296402329, 39.99406153341833], [116.35333210294135, 39.99406683305058]]]}}, {"type": "Feature", "id": "BLDG-347", "properties": {"id": "BLDG-347", "layer": "BUILDING_FOOTPRINT", "building_type": "ai_r_and_d", "land_use_code": "0802", "source_type": "agent_generated_design", "confidence": "medium", "geometry_role": "design_proposal", "area_sqm_declared": 3290.502}, "geometry": {"type": "Polygon", "coordinates": [[[116.35295115971164, 39.994953372014045], [116.35294795896478, 39.99529252310964], [116.35192490421781, 39.99528680699965], [116.35192811002453, 39.994947655972325], [116.35295115971164, 39.994953372014045]]]}}, {"type": "Feature", "id": "BLDG-348", "properties": {"id": "BLDG-348", "layer": "BUILDING_FOOTPRINT", "building_type": "ai_r_and_d", "land_use_code": "0802", "source_type": "agent_generated_design", "confidence": "medium", "geometry_role": "design_proposal", "area_sqm_declared": 4353.419}, "geometry": {"type": "Polygon", "coordinates": [[[116.35318954982193, 39.99920982965021], [116.3531822260569, 39.999986015734386], [116.35259076795201, 39.99998271328601], [116.35259809841283, 39.99920652729209], [116.35318954982193, 39.99920982965021]]]}}, {"type": "Feature", "id": "BLDG-349", "properties": {"id": "BLDG-349", "layer": "BUILDING_FOOTPRINT", "building_type": "ai_r_and_d", "land_use_code": "0802", "source_type": "agent_generated_design", "confidence": "medium", "geometry_role": "design_proposal", "area_sqm_declared": 2528.908}, "geometry": {"type": "Polygon", "coordinates": [[[116.35209592098752, 39.999011622461936], [116.35209004903892, 39.999632898629805], [116.35166080407737, 39.99963049817012], [116.35166667991551, 39.99900922205478], [116.35209592098752, 39.999011622461936]]]}}, {"type": "Feature", "id": "BLDG-350", "properties": {"id": "BLDG-350", "layer": "BUILDING_FOOTPRINT", "building_type": "ai_r_and_d", "land_use_code": "0802", "source_type": "agent_generated_design", "confidence": "medium", "geometry_role": "design_proposal", "area_sqm_declared": 2694.072}, "geometry": {"type": "Polygon", "coordinates": [[[116.35307155110351, 40.00344691105624], [116.35306850578998, 40.00376955516132], [116.35218792662134, 40.003764636309995], [116.3521909760793, 40.003441992260804], [116.35307155110351, 40.00344691105624]]]}}, {"type": "Feature", "id": "BLDG-351", "properties": {"id": "BLDG-351", "layer": "BUILDING_FOOTPRINT", "building_type": "ai_r_and_d", "land_use_code": "0802", "source_type": "agent_generated_design", "confidence": "medium", "geometry_role": "design_proposal", "area_sqm_declared": 1920.567}, "geometry": {"type": "Polygon", "coordinates": [[[116.35275284827152, 40.00277475972948], [116.35274929309416, 40.003151245765146], [116.35221132099461, 40.00314824001659], [116.3522148791264, 40.002771754020785], [116.35275284827152, 40.00277475972948]]]}}, {"type": "Feature", "id": "BLDG-352", "properties": {"id": "BLDG-352", "layer": "BUILDING_FOOTPRINT", "building_type": "ai_r_and_d", "land_use_code": "0802", "source_type": "agent_generated_design", "confidence": "medium", "geometry_role": "design_proposal", "area_sqm_declared": 2035.654}, "geometry": {"type": "Polygon", "coordinates": [[[116.35270807060364, 40.000900126105975], [116.35270485372337, 40.001240786618666], [116.35207469605754, 40.001237265360814], [116.35207791606902, 40.00089660489036], [116.35270807060364, 40.000900126105975]]]}}, {"type": "Feature", "id": "BLDG-353", "properties": {"id": "BLDG-353", "layer": "BUILDING_FOOTPRINT", "building_type": "ai_r_and_d", "land_use_code": "0802", "source_type": "agent_generated_design", "confidence": "medium", "geometry_role": "design_proposal", "area_sqm_declared": 2858.736}, "geometry": {"type": "Polygon", "coordinates": [[[116.35285732055154, 39.99456724860804], [116.35285266916338, 39.99506004302952], [116.35224097165558, 39.99505662588175], [116.35224562743956, 39.99456383151958], [116.35285732055154, 39.99456724860804]]]}}, {"type": "Feature", "id": "BLDG-354", "properties": {"id": "BLDG-354", "layer": "BUILDING_FOOTPRINT", "building_type": "ai_r_and_d", "land_use_code": "0802", "source_type": "agent_generated_design", "confidence": "medium", "geometry_role": "design_proposal", "area_sqm_declared": 7178.685}, "geometry": {"type": "Polygon", "coordinates": [[[116.35317475143927, 39.99492543717966], [116.35316769243937, 39.995673660365256], [116.3521560057572, 39.99566800972683], [116.35216307579597, 39.99491978669012], [116.35317475143927, 39.99492543717966]]]}}, {"type": "Feature", "id": "BLDG-355", "properties": {"id": "BLDG-355", "layer": "BUILDING_FOOTPRINT", "building_type": "ai_r_and_d", "land_use_code": "0802", "source_type": "agent_generated_design", "confidence": "medium", "geometry_role": "design_proposal", "area_sqm_declared": 6117.144}, "geometry": {"type": "Polygon", "coordinates": [[[116.35316594612597, 40.00002033264109], [116.35315923788603, 40.00073123897216], [116.35225183473892, 40.000726170982446], [116.35225855238774, 40.00001526477825], [116.35316594612597, 40.00002033264109]]]}}, {"type": "Feature", "id": "BLDG-356", "properties": {"id": "BLDG-356", "layer": "BUILDING_FOOTPRINT", "building_type": "ai_r_and_d", "land_use_code": "0802", "source_type": "agent_generated_design", "confidence": "medium", "geometry_role": "design_proposal", "area_sqm_declared": 2148.766}, "geometry": {"type": "Polygon", "coordinates": [[[116.35015637875553, 40.01073494025561], [116.35015355615124, 40.01103257022972], [116.34939210797167, 40.011028297886135], [116.34939493388275, 40.01073066795679], [116.35015637875553, 40.01073494025561]]]}}, {"type": "Feature", "id": "BLDG-357", "properties": {"id": "BLDG-357", "layer": "BUILDING_FOOTPRINT", "building_type": "ai_r_and_d", "land_use_code": "0802", "source_type": "agent_generated_design", "confidence": "medium", "geometry_role": "design_proposal", "area_sqm_declared": 2909.812}, "geometry": {"type": "Polygon", "coordinates": [[[116.34987630818586, 40.0142430302124], [116.34987239519768, 40.01465540550151], [116.3491281382326, 40.01465122777282], [116.34913205569954, 40.01423885254438], [116.34987630818586, 40.0142430302124]]]}}, {"type": "Feature", "id": "BLDG-358", "properties": {"id": "BLDG-358", "layer": "BUILDING_FOOTPRINT", "building_type": "ai_r_and_d", "land_use_code": "0802", "source_type": "agent_generated_design", "confidence": "medium", "geometry_role": "design_proposal", "area_sqm_declared": 1567.313}, "geometry": {"type": "Polygon", "coordinates": [[[116.35030701819896, 40.00984645049006], [116.35030428045766, 40.010135208197966], [116.34973182113005, 40.01013199746432], [116.3497345612832, 40.00984323978906], [116.35030701819896, 40.00984645049006]]]}}, {"type": "Feature", "id": "BLDG-359", "properties": {"id": "BLDG-359", "layer": "BUILDING_FOOTPRINT", "building_type": "ai_r_and_d", "land_use_code": "0802", "source_type": "agent_generated_design", "confidence": "medium", "geometry_role": "design_proposal", "area_sqm_declared": 6247.408}, "geometry": {"type": "Polygon", "coordinates": [[[116.35040318081535, 40.00582568279545], [116.35039608771551, 40.00657402223199], [116.34951564458379, 40.00656908375338], [116.34952274729562, 40.00582074444697], [116.35040318081535, 40.00582568279545]]]}}, {"type": "Feature", "id": "BLDG-360", "properties": {"id": "BLDG-360", "layer": "BUILDING_FOOTPRINT", "building_type": "ai_r_and_d", "land_use_code": "0802", "source_type": "agent_generated_design", "confidence": "medium", "geometry_role": "design_proposal", "area_sqm_declared": 3468.556}, "geometry": {"type": "Polygon", "coordinates": [[[116.34980840974511, 40.00729647354078], [116.34980223856655, 40.00794691996465], [116.34923983801545, 40.0079437632768], [116.34924601453098, 40.00729331692522], [116.34980840974511, 40.00729647354078]]]}}, {"type": "Feature", "id": "BLDG-361", "properties": {"id": "BLDG-361", "layer": "BUILDING_FOOTPRINT", "building_type": "ai_r_and_d", "land_use_code": "0802", "source_type": "agent_generated_design", "confidence": "medium", "geometry_role": "design_proposal", "area_sqm_declared": 2633.246}, "geometry": {"type": "Polygon", "coordinates": [[[116.35065494428115, 40.01406999889393], [116.3506513537195, 40.01444885127399], [116.34991824075198, 40.01444474106838], [116.34992183536664, 40.01406588874316], [116.35065494428115, 40.01406999889393]]]}}, {"type": "Feature", "id": "BLDG-362", "properties": {"id": "BLDG-362", "layer": "BUILDING_FOOTPRINT", "building_type": "ai_r_and_d", "land_use_code": "0802", "source_type": "agent_generated_design", "confidence": "medium", "geometry_role": "design_proposal", "area_sqm_declared": 6880.406}, "geometry": {"type": "Polygon", "coordinates": [[[116.3502618415407, 40.01442780673701], [116.35025464032904, 40.015187154436106], [116.34929892760911, 40.01518179200887], [116.34930613941124, 40.01442244445314], [116.3502618415407, 40.01442780673701]]]}}, {"type": "Feature", "id": "BLDG-363", "properties": {"id": "BLDG-363", "layer": "BUILDING_FOOTPRINT", "building_type": "ai_r_and_d", "land_use_code": "0802", "source_type": "agent_generated_design", "confidence": "medium", "geometry_role": "design_proposal", "area_sqm_declared": 6987.649}, "geometry": {"type": "Polygon", "coordinates": [[[116.35057753832137, 40.01187111283001], [116.35057052008791, 40.012611593437796], [116.34957521714638, 40.01260601150279], [116.34958224613398, 40.011865531040534], [116.35057753832137, 40.01187111283001]]]}}, {"type": "Feature", "id": "BLDG-364", "properties": {"id": "BLDG-364", "layer": "BUILDING_FOOTPRINT", "building_type": "ai_r_and_d", "land_use_code": "0802", "source_type": "agent_generated_design", "confidence": "medium", "geometry_role": "design_proposal", "area_sqm_declared": 2764.543}, "geometry": {"type": "Polygon", "coordinates": [[[116.35069127285091, 40.01304127379577], [116.35068509532924, 40.013693140989204], [116.35023778501487, 40.01369063383249], [116.35024396679148, 40.013038766696596], [116.35069127285091, 40.01304127379577]]]}}, {"type": "Feature", "id": "BLDG-365", "properties": {"id": "BLDG-365", "layer": "BUILDING_FOOTPRINT", "building_type": "ai_r_and_d", "land_use_code": "0802", "source_type": "agent_generated_design", "confidence": "medium", "geometry_role": "design_proposal", "area_sqm_declared": 4339.632}, "geometry": {"type": "Polygon", "coordinates": [[[116.34998718897361, 40.01126076587543], [116.34998251494187, 40.01175348000451], [116.34905356920741, 40.01174826579821], [116.34905824991772, 40.0112555517596], [116.34998718897361, 40.01126076587543]]]}}, {"type": "Feature", "id": "BLDG-366", "properties": {"id": "BLDG-366", "layer": "BUILDING_FOOTPRINT", "building_type": "ai_r_and_d", "land_use_code": "0802", "source_type": "agent_generated_design", "confidence": "medium", "geometry_role": "design_proposal", "area_sqm_declared": 2007.662}, "geometry": {"type": "Polygon", "coordinates": [[[116.35089201172534, 40.014286097001786], [116.35088936071018, 40.01456591534672], [116.35013258955424, 40.01456167397538], [116.35013524365958, 40.01428185567224], [116.35089201172534, 40.014286097001786]]]}}, {"type": "Feature", "id": "BLDG-367", "properties": {"id": "BLDG-367", "layer": "BUILDING_FOOTPRINT", "building_type": "ai_r_and_d", "land_use_code": "0802", "source_type": "agent_generated_design", "confidence": "medium", "geometry_role": "design_proposal", "area_sqm_declared": 3138.585}, "geometry": {"type": "Polygon", "coordinates": [[[116.35044948513078, 40.01375144749001], [116.35044323745379, 40.01441045545533], [116.34994090365872, 40.01440763871425], [116.3499471561665, 40.0137486308143], [116.35044948513078, 40.01375144749001]]]}}, {"type": "Feature", "id": "BLDG-368", "properties": {"id": "BLDG-368", "layer": "BUILDING_FOOTPRINT", "building_type": "ai_r_and_d", "land_use_code": "0802", "source_type": "agent_generated_design", "confidence": "medium", "geometry_role": "design_proposal", "area_sqm_declared": 2628.646}, "geometry": {"type": "Polygon", "coordinates": [[[116.3500680600944, 40.01026032353324], [116.35006459307351, 40.01062585998352], [116.3493061433761, 40.01062160390181], [116.34930961444215, 40.01025606750632], [116.3500680600944, 40.01026032353324]]]}}, {"type": "Feature", "id": "BLDG-369", "properties": {"id": "BLDG-369", "layer": "BUILDING_FOOTPRINT", "building_type": "ai_r_and_d", "land_use_code": "0802", "source_type": "agent_generated_design", "confidence": "medium", "geometry_role": "design_proposal", "area_sqm_declared": 6449.892}, "geometry": {"type": "Polygon", "coordinates": [[[116.35078330986825, 40.00637279948006], [116.35077718914205, 40.00701891832969], [116.34972439621264, 40.00701301579038], [116.34973052686261, 40.00636689707503], [116.35078330986825, 40.00637279948006]]]}}, {"type": "Feature", "id": "BLDG-370", "properties": {"id": "BLDG-370", "layer": "BUILDING_FOOTPRINT", "building_type": "cultural", "land_use_code": "0803", "source_type": "agent_generated_design", "confidence": "medium", "geometry_role": "design_proposal", "area_sqm_declared": 2426.83}, "geometry": {"type": "Polygon", "coordinates": [[[116.34978078682425, 39.97574533108727], [116.34977407833634, 39.97645317300579], [116.34941265629672, 39.97645114499857], [116.34941936851287, 39.9757433031306], [116.34978078682425, 39.97574533108727]]]}}, {"type": "Feature", "id": "BLDG-371", "properties": {"id": "BLDG-371", "layer": "BUILDING_FOOTPRINT", "building_type": "cultural", "land_use_code": "0803", "source_type": "agent_generated_design", "confidence": "medium", "geometry_role": "design_proposal", "area_sqm_declared": 3870.882}, "geometry": {"type": "Polygon", "coordinates": [[[116.35012055148623, 39.979219200461145], [116.35011425998587, 39.97988330996236], [116.349499786357, 39.97987986309595], [116.34950608380501, 39.979215753675355], [116.35012055148623, 39.979219200461145]]]}}, {"type": "Feature", "id": "BLDG-372", "properties": {"id": "BLDG-372", "layer": "BUILDING_FOOTPRINT", "building_type": "cultural", "land_use_code": "0803", "source_type": "agent_generated_design", "confidence": "medium", "geometry_role": "design_proposal", "area_sqm_declared": 4960.604}, "geometry": {"type": "Polygon", "coordinates": [[[116.3507211408025, 39.97837572004579], [116.35071579023939, 39.978941048235086], [116.34979074892023, 39.97893586284239], [116.34979610710505, 39.97837053475634], [116.3507211408025, 39.97837572004579]]]}}, {"type": "Feature", "id": "BLDG-373", "properties": {"id": "BLDG-373", "layer": "BUILDING_FOOTPRINT", "building_type": "cultural", "land_use_code": "0803", "source_type": "agent_generated_design", "confidence": "medium", "geometry_role": "design_proposal", "area_sqm_declared": 1877.887}, "geometry": {"type": "Polygon", "coordinates": [[[116.35100835097775, 39.98232503920553], [116.35100335297649, 39.98285327652883], [116.35062855946323, 39.982851177363756], [116.35063356035033, 39.98232294007949], [116.35100835097775, 39.98232503920553]]]}}, {"type": "Feature", "id": "BLDG-374", "properties": {"id": "BLDG-374", "layer": "BUILDING_FOOTPRINT", "building_type": "cultural", "land_use_code": "0803", "source_type": "agent_generated_design", "confidence": "medium", "geometry_role": "design_proposal", "area_sqm_declared": 5692.903}, "geometry": {"type": "Polygon", "coordinates": [[[116.3506148764838, 39.97925237251236], [116.35060748243411, 39.98003345435717], [116.34983911089687, 39.98002914696214], [116.34984651369379, 39.979248065235815], [116.3506148764838, 39.97925237251236]]]}}, {"type": "Feature", "id": "BLDG-375", "properties": {"id": "BLDG-375", "layer": "BUILDING_FOOTPRINT", "building_type": "cultural", "land_use_code": "0803", "source_type": "agent_generated_design", "confidence": "medium", "geometry_role": "design_proposal", "area_sqm_declared": 7589.44}, "geometry": {"type": "Polygon", "coordinates": [[[116.35035904024187, 39.97932582185038], [116.35035171316947, 39.98009952172743], [116.34931759164951, 39.98009372110114], [116.34932493038325, 39.979320021382144], [116.35035904024187, 39.97932582185038]]]}}, {"type": "Feature", "id": "BLDG-376", "properties": {"id": "BLDG-376", "layer": "BUILDING_FOOTPRINT", "building_type": "cultural", "land_use_code": "0803", "source_type": "agent_generated_design", "confidence": "medium", "geometry_role": "design_proposal", "area_sqm_declared": 2817.03}, "geometry": {"type": "Polygon", "coordinates": [[[116.3509158949747, 39.97610091715159], [116.35090933934698, 39.97679383137493], [116.3504807653385, 39.9767914306341], [116.35048732529394, 39.97609851646936], [116.3509158949747, 39.97610091715159]]]}}, {"type": "Feature", "id": "BLDG-377", "properties": {"id": "BLDG-377", "layer": "BUILDING_FOOTPRINT", "building_type": "cultural", "land_use_code": "0803", "source_type": "agent_generated_design", "confidence": "medium", "geometry_role": "design_proposal", "area_sqm_declared": 4515.857}, "geometry": {"type": "Polygon", "coordinates": [[[116.35074300520814, 39.982076591913774], [116.35073533342769, 39.982887090214064], [116.3501479252897, 39.98288379832688], [116.35015560400984, 39.982073300120554], [116.35074300520814, 39.982076591913774]]]}}, {"type": "Feature", "id": "BLDG-378", "properties": {"id": "BLDG-378", "layer": "BUILDING_FOOTPRINT", "building_type": "education", "land_use_code": "0804", "source_type": "agent_generated_design", "confidence": "medium", "geometry_role": "design_proposal", "area_sqm_declared": 3195.567}, "geometry": {"type": "Polygon", "coordinates": [[[116.35361624568998, 39.95753478628751], [116.3536106194378, 39.95813234820563], [116.35304703033214, 39.95812920431523], [116.35305266148903, 39.95753164246328], [116.35361624568998, 39.95753478628751]]]}}, {"type": "Feature", "id": "BLDG-379", "properties": {"id": "BLDG-379", "layer": "BUILDING_FOOTPRINT", "building_type": "education", "land_use_code": "0804", "source_type": "agent_generated_design", "confidence": "medium", "geometry_role": "design_proposal", "area_sqm_declared": 4611.572}, "geometry": {"type": "Polygon", "coordinates": [[[116.35291853454993, 39.95145981659958], [116.3529131905504, 39.95202691149954], [116.35205624626239, 39.95202212511267], [116.35206159733787, 39.951455030308324], [116.35291853454993, 39.95145981659958]]]}}, {"type": "Feature", "id": "BLDG-380", "properties": {"id": "BLDG-380", "layer": "BUILDING_FOOTPRINT", "building_type": "education", "land_use_code": "0804", "source_type": "agent_generated_design", "confidence": "medium", "geometry_role": "design_proposal", "area_sqm_declared": 7283.312}, "geometry": {"type": "Polygon", "coordinates": [[[116.35357050942866, 39.95404993147411], [116.35356360146412, 39.95478366005953], [116.35251750893553, 39.95477782211973], [116.35252442807696, 39.95404409368519], [116.35357050942866, 39.95404993147411]]]}}, {"type": "Feature", "id": "BLDG-381", "properties": {"id": "BLDG-381", "layer": "BUILDING_FOOTPRINT", "building_type": "education", "land_use_code": "0804", "source_type": "agent_generated_design", "confidence": "medium", "geometry_role": "design_proposal", "area_sqm_declared": 2472.819}, "geometry": {"type": "Polygon", "coordinates": [[[116.35273895850058, 39.960276503149586], [116.35273313336606, 39.9608942890887], [116.35231127274214, 39.960891932832396], [116.3523171016726, 39.960274146944556], [116.35273895850058, 39.960276503149586]]]}}, {"type": "Feature", "id": "BLDG-382", "properties": {"id": "BLDG-382", "layer": "BUILDING_FOOTPRINT", "building_type": "education", "land_use_code": "0804", "source_type": "agent_generated_design", "confidence": "medium", "geometry_role": "design_proposal", "area_sqm_declared": 5564.614}, "geometry": {"type": "Polygon", "coordinates": [[[116.35365291608171, 39.95338924530035], [116.35364715974383, 39.954000748208145], [116.35268818260988, 39.953995397511314], [116.35269394748686, 39.95338389471876], [116.35365291608171, 39.95338924530035]]]}}, {"type": "Feature", "id": "BLDG-383", "properties": {"id": "BLDG-383", "layer": "BUILDING_FOOTPRINT", "building_type": "education", "land_use_code": "0804", "source_type": "agent_generated_design", "confidence": "medium", "geometry_role": "design_proposal", "area_sqm_declared": 3988.172}, "geometry": {"type": "Polygon", "coordinates": [[[116.35376320657956, 39.95803516444085], [116.3537589859254, 39.95848353402151], [116.35282155882915, 39.958478304413596], [116.35282578560468, 39.95802993491552], [116.35376320657956, 39.95803516444085]]]}}, {"type": "Feature", "id": "BLDG-384", "properties": {"id": "BLDG-384", "layer": "BUILDING_FOOTPRINT", "building_type": "education", "land_use_code": "0804", "source_type": "agent_generated_design", "confidence": "medium", "geometry_role": "design_proposal", "area_sqm_declared": 1705.513}, "geometry": {"type": "Polygon", "coordinates": [[[116.35367033388046, 39.9579101792701], [116.35366674616745, 39.95829125765736], [116.35319507488568, 39.95828862692848], [116.35319866521644, 39.95790754857653], [116.35367033388046, 39.9579101792701]]]}}, {"type": "Feature", "id": "BLDG-385", "properties": {"id": "BLDG-385", "layer": "BUILDING_FOOTPRINT", "building_type": "education", "land_use_code": "0804", "source_type": "agent_generated_design", "confidence": "medium", "geometry_role": "design_proposal", "area_sqm_declared": 5068.172}, "geometry": {"type": "Polygon", "coordinates": [[[116.35323082969353, 39.9559031758322], [116.3532250198177, 39.95651990809125], [116.35235897148696, 39.956515073017805], [116.35236478914103, 39.95589834086379], [116.35323082969353, 39.9559031758322]]]}}, {"type": "Feature", "id": "BLDG-386", "properties": {"id": "BLDG-386", "layer": "BUILDING_FOOTPRINT", "building_type": "education", "land_use_code": "0804", "source_type": "agent_generated_design", "confidence": "medium", "geometry_role": "design_proposal", "area_sqm_declared": 2923.435}, "geometry": {"type": "Polygon", "coordinates": [[[116.35299353662073, 39.952121965971244], [116.35299044155671, 39.95245044048602], [116.35205254781343, 39.95244520224713], [116.35205564736323, 39.95211672779297], [116.35299353662073, 39.952121965971244]]]}}, {"type": "Feature", "id": "BLDG-387", "properties": {"id": "BLDG-387", "layer": "BUILDING_FOOTPRINT", "building_type": "education", "land_use_code": "0804", "source_type": "agent_generated_design", "confidence": "medium", "geometry_role": "design_proposal", "area_sqm_declared": 2694.24}, "geometry": {"type": "Polygon", "coordinates": [[[116.35353440230706, 39.96118505606721], [116.35353110977209, 39.96153466734723], [116.3527188972201, 39.961530135029214], [116.35272219389105, 39.961180523805005], [116.35353440230706, 39.96118505606721]]]}}, {"type": "Feature", "id": "BLDG-388", "properties": {"id": "BLDG-388", "layer": "BUILDING_FOOTPRINT", "building_type": "education", "land_use_code": "0804", "source_type": "agent_generated_design", "confidence": "medium", "geometry_role": "design_proposal", "area_sqm_declared": 3264.059}, "geometry": {"type": "Polygon", "coordinates": [[[116.35355663016969, 39.9532607520924], [116.3535531871205, 39.953626460916276], [116.35261261539327, 39.95362121223817], [116.35261606345121, 39.95325550348191], [116.35355663016969, 39.9532607520924]]]}}, {"type": "Feature", "id": "BLDG-389", "properties": {"id": "BLDG-389", "layer": "BUILDING_FOOTPRINT", "building_type": "education", "land_use_code": "0804", "source_type": "agent_generated_design", "confidence": "medium", "geometry_role": "design_proposal", "area_sqm_declared": 4694.018}, "geometry": {"type": "Polygon", "coordinates": [[[116.35331108395876, 39.95084213487705], [116.35330504445719, 39.95148343707601], [116.35253371832286, 39.9514791318083], [116.35253976502666, 39.95083782970659], [116.35331108395876, 39.95084213487705]]]}}, {"type": "Feature", "id": "BLDG-390", "properties": {"id": "BLDG-390", "layer": "BUILDING_FOOTPRINT", "building_type": "education", "land_use_code": "0804", "source_type": "agent_generated_design", "confidence": "medium", "geometry_role": "design_proposal", "area_sqm_declared": 6306.112}, "geometry": {"type": "Polygon", "coordinates": [[[116.34223355101585, 39.996503245541014], [116.34222685943993, 39.99720068608809], [116.341273416956, 39.99719527094173], [116.34128011822963, 39.99649783052764], [116.34223355101585, 39.996503245541014]]]}}, {"type": "Feature", "id": "BLDG-391", "properties": {"id": "BLDG-391", "layer": "BUILDING_FOOTPRINT", "building_type": "education", "land_use_code": "0804", "source_type": "agent_generated_design", "confidence": "medium", "geometry_role": "design_proposal", "area_sqm_declared": 5290.449}, "geometry": {"type": "Polygon", "coordinates": [[[116.34260924477536, 40.00026647159178], [116.34260337286635, 40.00087875015728], [116.34169218785907, 40.000873578026955], [116.34169806790541, 40.00026129957297], [116.34260924477536, 40.00026647159178]]]}}, {"type": "Feature", "id": "BLDG-392", "properties": {"id": "BLDG-392", "layer": "BUILDING_FOOTPRINT", "building_type": "education", "land_use_code": "0804", "source_type": "agent_generated_design", "confidence": "medium", "geometry_role": "design_proposal", "area_sqm_declared": 3410.496}, "geometry": {"type": "Polygon", "coordinates": [[[116.34213668597765, 39.995114987617036], [116.34213198569203, 39.995604837236584], [116.34139783577737, 39.9956006677122], [116.34140254130735, 39.99511081816457], [116.34213668597765, 39.995114987617036]]]}}, {"type": "Feature", "id": "BLDG-393", "properties": {"id": "BLDG-393", "layer": "BUILDING_FOOTPRINT", "building_type": "education", "land_use_code": "0804", "source_type": "agent_generated_design", "confidence": "medium", "geometry_role": "design_proposal", "area_sqm_declared": 3392.176}, "geometry": {"type": "Polygon", "coordinates": [[[116.34244610515887, 39.99842946332512], [116.34243910228568, 39.99915953469521], [116.34194913692792, 39.99915675374529], [116.34195614501822, 39.9984266824467], [116.34244610515887, 39.99842946332512]]]}}, {"type": "Feature", "id": "BLDG-394", "properties": {"id": "BLDG-394", "layer": "BUILDING_FOOTPRINT", "building_type": "education", "land_use_code": "0804", "source_type": "agent_generated_design", "confidence": "medium", "geometry_role": "design_proposal", "area_sqm_declared": 3101.012}, "geometry": {"type": "Polygon", "coordinates": [[[116.34189317518744, 39.996181102311986], [116.34188712508457, 39.99681136638386], [116.34136830307527, 39.996808419155116], [116.34137435794685, 39.996178155148655], [116.34189317518744, 39.996181102311986]]]}}, {"type": "Feature", "id": "BLDG-395", "properties": {"id": "BLDG-395", "layer": "BUILDING_FOOTPRINT", "building_type": "education", "land_use_code": "0804", "source_type": "agent_generated_design", "confidence": "medium", "geometry_role": "design_proposal", "area_sqm_declared": 4164.73}, "geometry": {"type": "Polygon", "coordinates": [[[116.34245244685141, 40.000316611289], [116.3424473268445, 40.00085035993069], [116.34162449159722, 40.00084568850374], [116.34162961800996, 40.00031193994984], [116.34245244685141, 40.000316611289]]]}}, {"type": "Feature", "id": "BLDG-396", "properties": {"id": "BLDG-396", "layer": "BUILDING_FOOTPRINT", "building_type": "education", "land_use_code": "0804", "source_type": "agent_generated_design", "confidence": "medium", "geometry_role": "design_proposal", "area_sqm_declared": 3398.546}, "geometry": {"type": "Polygon", "coordinates": [[[116.34170295733458, 39.99643212293039], [116.34169588838446, 39.99716830317237], [116.34120909044181, 39.99716553711804], [116.34121616461827, 39.99642935694777], [116.34170295733458, 39.99643212293039]]]}}, {"type": "Feature", "id": "BLDG-397", "properties": {"id": "BLDG-397", "layer": "BUILDING_FOOTPRINT", "building_type": "education", "land_use_code": "0804", "source_type": "agent_generated_design", "confidence": "medium", "geometry_role": "design_proposal", "area_sqm_declared": 7256.062}, "geometry": {"type": "Polygon", "coordinates": [[[116.3425833060569, 39.99592705304858], [116.34257594736121, 39.99669444770808], [116.3415788924556, 39.99668878769489], [116.34158626230958, 39.99592139318836], [116.3425833060569, 39.99592705304858]]]}}, {"type": "Feature", "id": "BLDG-398", "properties": {"id": "BLDG-398", "layer": "BUILDING_FOOTPRINT", "building_type": "community_service", "land_use_code": "0806", "source_type": "agent_generated_design", "confidence": "medium", "geometry_role": "design_proposal", "area_sqm_declared": 1842.648}, "geometry": {"type": "Polygon", "coordinates": [[[116.35284678113791, 39.981852641710944], [116.35284184635115, 39.9823756885308], [116.35247043869754, 39.982373614232515], [116.35247537631591, 39.98185056745086], [116.35284678113791, 39.981852641710944]]]}}, {"type": "Feature", "id": "BLDG-399", "properties": {"id": "BLDG-399", "layer": "BUILDING_FOOTPRINT", "building_type": "community_service", "land_use_code": "0806", "source_type": "agent_generated_design", "confidence": "medium", "geometry_role": "design_proposal", "area_sqm_declared": 1645.391}, "geometry": {"type": "Polygon", "coordinates": [[[116.35320255480937, 39.97625262829983], [116.3531998702485, 39.97653738461238], [116.35259074241988, 39.97653398403294], [116.35259342950853, 39.9762492277545], [116.35320255480937, 39.97625262829983]]]}}, {"type": "Feature", "id": "BLDG-400", "properties": {"id": "BLDG-400", "layer": "BUILDING_FOOTPRINT", "building_type": "community_service", "land_use_code": "0806", "source_type": "agent_generated_design", "confidence": "medium", "geometry_role": "design_proposal", "area_sqm_declared": 4098.971}, "geometry": {"type": "Polygon", "coordinates": [[[116.35350043996804, 39.982619795070406], [116.35349544260532, 39.98314999545881], [116.35268038401661, 39.98314544640126], [116.35268538767855, 39.98261524609779], [116.35350043996804, 39.982619795070406]]]}}, {"type": "Feature", "id": "BLDG-401", "properties": {"id": "BLDG-401", "layer": "BUILDING_FOOTPRINT", "building_type": "community_service", "land_use_code": "0806", "source_type": "agent_generated_design", "confidence": "medium", "geometry_role": "design_proposal", "area_sqm_declared": 4154.167}, "geometry": {"type": "Polygon", "coordinates": [[[116.35350059031676, 39.98177398180093], [116.35349586998292, 39.98227480607196], [116.35262139553065, 39.982269925203724], [116.35262612224822, 39.98176910101877], [116.35350059031676, 39.98177398180093]]]}}, {"type": "Feature", "id": "BLDG-402", "properties": {"id": "BLDG-402", "layer": "BUILDING_FOOTPRINT", "building_type": "community_service", "land_use_code": "0806", "source_type": "agent_generated_design", "confidence": "medium", "geometry_role": "design_proposal", "area_sqm_declared": 1757.268}, "geometry": {"type": "Polygon", "coordinates": [[[116.35285647049315, 39.98170222169408], [116.35285354748537, 39.982012044436566], [116.35225558823095, 39.98200870433911], [116.3522585139391, 39.98169888163307], [116.35285647049315, 39.98170222169408]]]}}, {"type": "Feature", "id": "BLDG-403", "properties": {"id": "BLDG-403", "layer": "BUILDING_FOOTPRINT", "building_type": "community_service", "land_use_code": "0806", "source_type": "agent_generated_design", "confidence": "medium", "geometry_role": "design_proposal", "area_sqm_declared": 6410.043}, "geometry": {"type": "Polygon", "coordinates": [[[116.35295608132421, 39.981684054893485], [116.35294853632405, 39.98248389721522], [116.35210363432073, 39.98247917751697], [116.35211118917124, 39.98167933532818], [116.35295608132421, 39.981684054893485]]]}}, {"type": "Feature", "id": "BLDG-404", "properties": {"id": "BLDG-404", "layer": "BUILDING_FOOTPRINT", "building_type": "community_service", "land_use_code": "0806", "source_type": "agent_generated_design", "confidence": "medium", "geometry_role": "design_proposal", "area_sqm_declared": 3670.141}, "geometry": {"type": "Polygon", "coordinates": [[[116.35251117912924, 39.97626826899792], [116.35250552492074, 39.97686737578813], [116.35185973239025, 39.9768637665424], [116.35186539223713, 39.976264659828345], [116.35251117912924, 39.97626826899792]]]}}, {"type": "Feature", "id": "BLDG-405", "properties": {"id": "BLDG-405", "layer": "BUILDING_FOOTPRINT", "building_type": "community_service", "land_use_code": "0806", "source_type": "agent_generated_design", "confidence": "medium", "geometry_role": "design_proposal", "area_sqm_declared": 1482.288}, "geometry": {"type": "Polygon", "coordinates": [[[116.35248895394858, 39.97742627105535], [116.35248476350007, 39.977870249437814], [116.35213280496671, 39.97786828276104], [116.35213699769254, 39.97742430440933], [116.35248895394858, 39.97742627105535]]]}}, {"type": "Feature", "id": "BLDG-406", "properties": {"id": "BLDG-406", "layer": "BUILDING_FOOTPRINT", "building_type": "community_service", "land_use_code": "0806", "source_type": "agent_generated_design", "confidence": "medium", "geometry_role": "design_proposal", "area_sqm_declared": 1827.1}, "geometry": {"type": "Polygon", "coordinates": [[[116.35304797735093, 39.98019679528347], [116.35304387629853, 39.98063163487519], [116.35260090912394, 39.98062916158114], [116.3526050129838, 39.980194322027295], [116.35304797735093, 39.98019679528347]]]}}, {"type": "Feature", "id": "BLDG-407", "properties": {"id": "BLDG-407", "layer": "BUILDING_FOOTPRINT", "building_type": "community_service", "land_use_code": "0806", "source_type": "agent_generated_design", "confidence": "medium", "geometry_role": "design_proposal", "area_sqm_declared": 2429.162}, "geometry": {"type": "Polygon", "coordinates": [[[116.35349399214516, 39.97938093704846], [116.35348989391038, 39.97981579031063], [116.35290098658038, 39.97981250407586], [116.35290508854762, 39.97937765086401], [116.35349399214516, 39.97938093704846]]]}}, {"type": "Feature", "id": "BLDG-408", "properties": {"id": "BLDG-408", "layer": "BUILDING_FOOTPRINT", "building_type": "community_service", "land_use_code": "0806", "source_type": "agent_generated_design", "confidence": "medium", "geometry_role": "design_proposal", "area_sqm_declared": 4354.805}, "geometry": {"type": "Polygon", "coordinates": [[[116.35312713347237, 39.979612391787505], [116.35312114184934, 39.98024777865179], [116.35239859458302, 39.980243743950226], [116.3524045928974, 39.97960835717623], [116.35312713347237, 39.979612391787505]]]}}]}